{"type":"FeatureCollection","crs":{"type":"name","properties":{"name":"EPSG:4326"}},"features":[{"type":"Feature","id":1,"geometry":{"type":"Polygon","coordinates":[[[144.959044199685,-37.801304220918,0],[144.959091379587,-37.8013091380586,0],[144.95910648147,-37.8012230778461,0],[144.959158667468,-37.8009060920646,0],[144.959557823315,-37.8009507673426,0],[144.959472896238,-37.801434685066,0],[144.959399706521,-37.8018517756285,0],[144.959078359579,-37.801816603966,0],[144.959037275776,-37.8018116158413,0],[144.959029095291,-37.8018573151278,0],[144.958947497447,-37.8018481768863,0],[144.959044199685,-37.801304220918,0]]]},"properties":{"OBJECTID":1,"building_number":"105","address":"Melbourne University FBE Building 105 95-129 Barry Street CARLTON VIC 3053","Extrusion":200,"loc_code":"PAR;105","campus_code":"PAR","GFA_INT":18108.72,"GFA_EXT":19949.36,"ccLinkList":"PAR;105;0","NO_FLOORS":8,"NAME":"Melbourne University FBE Building 105","PROP_STATU":"Owned - Freehold"}},{"type":"Feature","id":2,"geometry":{"type":"Polygon","coordinates":[[[144.960590076107,-37.8001978068535,0],[144.96082625243,-37.8002238683564,0],[144.96081217742,-37.8003041817778,0],[144.960575999688,-37.8002781211209,0],[144.960590076107,-37.8001978068535,0]]]},"properties":{"OBJECTID":2,"building_number":"107","address":"Carpark Melbourne University 220 Berkeley Street CARLTON VIC 3053","Extrusion":200,"loc_code":"PAR;107","campus_code":"PAR","GFA_INT":null,"GFA_EXT":null,"ccLinkList":"PAR;107;0","NO_FLOORS":6,"NAME":"Melbourne University","PROP_STATU":"Leased"}},{"type":"Feature","id":3,"geometry":{"type":"Polygon","coordinates":[[[144.965189662063,-37.7980961022007,0],[144.965211274989,-37.7979794152857,0],[144.965152038005,-37.7979731288619,0],[144.965217694228,-37.7975878921224,0],[144.96524802219,-37.7974121465492,0],[144.965258691555,-37.7974133212904,0],[144.965268102644,-37.7973587445174,0],[144.965257440023,-37.7973575725973,0],[144.965258016606,-37.7973542328794,0],[144.965631982464,-37.7973947338919,0],[144.965632036544,-37.7973944185125,0],[144.965825600503,-37.7974140644616,0],[144.965739173768,-37.7979171062124,0],[144.965564008156,-37.7978981564448,0],[144.965551230241,-37.7979435299169,0],[144.965538419755,-37.7979890136694,0],[144.965525240394,-37.7980358130759,0],[144.965512244716,-37.7980819604971,0],[144.965499353472,-37.7981277366328,0],[144.965544692351,-37.7981326409914,0],[144.965699113322,-37.7981502835031,0],[144.96569360725,-37.7981823307169,0],[144.965568952456,-37.7981688449898,0],[144.965570578344,-37.7981593818677,0],[144.965518602816,-37.7981537590752,0],[144.965465727092,-37.7981480387005,0],[144.965410262872,-37.7981420374723,0],[144.965353674214,-37.7981359158588,0],[144.965297647198,-37.7981298552893,0],[144.965240045161,-37.7981236223899,0],[144.965207489708,-37.7983131075653,0],[144.965182625653,-37.7983104213961,0],[144.965201031419,-37.798203295545,0],[144.965170549551,-37.7982000130525,0],[144.965180985362,-37.7981357888639,0],[144.965182867577,-37.7981359826972,0],[144.965189662063,-37.7980961022007,0]]]},"properties":{"OBJECTID":3,"building_number":"333","address":"Subterranean Carpark Levels B1 to B4 - 355/361/363/373/375 Cardigan Street","Extrusion":200,"loc_code":"PAR;333","campus_code":"PAR","GFA_INT":20796.24,"GFA_EXT":25505.01,"ccLinkList":"PAR;333;0","NO_FLOORS":6,"NAME":"Eastern Precinct Underground Carpark","PROP_STATU":"Owned - Freehold"}},{"type":"Feature","id":4,"geometry":{"type":"Polygon","coordinates":[[[144.962861654884,-37.8011551351504,0],[144.962859172848,-37.8011689153761,0],[144.962820278363,-37.8011645233743,0],[144.962824198386,-37.8011427610632,0],[144.962529653797,-37.8011094989782,0],[144.962555061942,-37.8009651229593,0],[144.962889088037,-37.8010028420927,0],[144.962861654884,-37.8011551351504,0]]]},"properties":{"OBJECTID":4,"building_number":"384","address":"158-164 Bouverie Street CARLTON VIC 3053","Extrusion":200,"loc_code":"PAR;384","campus_code":"PAR","GFA_INT":938.69,"GFA_EXT":1135.21,"ccLinkList":"PAR;384;0","NO_FLOORS":2,"NAME":"University Digitisation Centre","PROP_STATU":"Leased"}},{"type":"Feature","id":5,"geometry":{"type":"Polygon","coordinates":[[[144.962104904448,-37.8005384086991,0],[144.96228145454,-37.800555068899,0],[144.962249526135,-37.8007378204267,0],[144.96204506779,-37.8007150196092,0],[144.962046849438,-37.8007051149603,0],[144.962077308351,-37.8005358043577,0],[144.962104904448,-37.8005384086991,0]]]},"properties":{"OBJECTID":5,"building_number":"256","address":"247-249 Bouverie Street CARLTON VIC 3053","Extrusion":200,"loc_code":"PAR;256","campus_code":"PAR","GFA_INT":575.78,"GFA_EXT":603.17,"ccLinkList":"PAR;256;0","NO_FLOORS":2,"NAME":"247-249 Bouverie St, Carlton South","PROP_STATU":"Owned - Freehold"}},{"type":"Feature","id":6,"geometry":{"type":"Polygon","coordinates":[[[144.961593301532,-37.8027787169529,0],[144.961319286729,-37.8027476104006,0],[144.961339269388,-37.802632213661,0],[144.961348971807,-37.8025792383132,0],[144.961368597521,-37.802464923106,0],[144.961382023803,-37.8023867206832,0],[144.961657658036,-37.8024171666078,0],[144.961593301532,-37.8027787169529,0]]]},"properties":{"OBJECTID":6,"building_number":"264","address":"147-155 Pelham Street CARLTON VIC 3053","Extrusion":200,"loc_code":"PAR;264","campus_code":"PAR","GFA_INT":1913.71,"GFA_EXT":1986.6,"ccLinkList":"PAR;264;0","NO_FLOORS":3,"NAME":"RMIT University (Tenant)","PROP_STATU":"Owned - Freehold"}},{"type":"Feature","id":7,"geometry":{"type":"Polygon","coordinates":[[[144.958834049642,-37.8004792007346,0],[144.958843429512,-37.8004268138788,0],[144.959184490196,-37.8004610742253,0],[144.959174301486,-37.8005167363899,0],[144.958834049642,-37.8004792007346,0]]]},"properties":{"OBJECTID":7,"building_number":"206","address":"214 Berkeley Street CARLTON VIC 3053","Extrusion":200,"loc_code":"PAR;206","campus_code":"PAR","GFA_INT":200.42,"GFA_EXT":233.14,"ccLinkList":"PAR;206;0","NO_FLOORS":2,"NAME":"Building 206","PROP_STATU":"Owned - Freehold"}},{"type":"Feature","id":8,"geometry":{"type":"Polygon","coordinates":[[[144.958432231404,-37.80142676282,0],[144.958409292412,-37.8015568573462,0],[144.958210462278,-37.8015361462393,0],[144.958225271065,-37.8014534271431,0],[144.958197936914,-37.8014497999909,0],[144.958207180712,-37.8013995304087,0],[144.958432231404,-37.80142676282,0]]]},"properties":{"OBJECTID":8,"building_number":"224","address":"167-171 Berkeley Street MELBOURNE VIC 3000","Extrusion":200,"loc_code":"PAR;224","campus_code":"PAR","GFA_INT":541.43,"GFA_EXT":584.69,"ccLinkList":"PAR;224;0","NO_FLOORS":3,"NAME":"169 Berkeley St, Carlton South","PROP_STATU":"Owned - Freehold"}},{"type":"Feature","id":9,"geometry":{"type":"Polygon","coordinates":[[[144.958197249515,-37.8004783842403,0],[144.958220803546,-37.8003499567621,0],[144.958229953993,-37.8002970901599,0],[144.958622968059,-37.8003449973385,0],[144.958591595,-37.8005229306985,0],[144.958197249515,-37.8004783842403,0]]]},"properties":{"OBJECTID":9,"building_number":"225","address":"213-221 Berkeley Street MELBOURNE VIC 3000","Extrusion":200,"loc_code":"PAR;225","campus_code":"PAR","GFA_INT":823.58,"GFA_EXT":846.26,"ccLinkList":"PAR;225;0","NO_FLOORS":2,"NAME":"University of Melbourne - Recycling Centre","PROP_STATU":"Owned - Freehold"}},{"type":"Feature","id":10,"geometry":{"type":"Polygon","coordinates":[[[144.959323954573,-37.8035220729876,0],[144.959224539016,-37.8033060187645,0],[144.959457229071,-37.8032384814463,0],[144.959397985821,-37.8031175379588,0],[144.959374038711,-37.8030721641745,0],[144.95957594645,-37.8030134879497,0],[144.959752202472,-37.8033952451828,0],[144.959535416132,-37.803458298639,0],[144.959323954573,-37.8035220729876,0]]]},"properties":{"OBJECTID":10,"building_number":"221","address":"31-47 Barry Street CARLTON VIC 3053","Extrusion":200,"loc_code":"PAR;221","campus_code":"PAR","GFA_INT":7695.98,"GFA_EXT":8010.98,"ccLinkList":"PAR;221;0","NO_FLOORS":6,"NAME":"45 Barry St, Carlton","PROP_STATU":"Owned - Freehold"}},{"type":"Feature","id":11,"geometry":{"type":"Polygon","coordinates":[[[144.964169805285,-37.8003077109471,0],[144.964271722028,-37.799713774396,0],[144.964592372206,-37.7997484042878,0],[144.964685426685,-37.7997622650256,0],[144.964683625993,-37.799947927934,0],[144.964696976269,-37.7999795448963,0],[144.964669407482,-37.7999879062684,0],[144.964703589247,-37.8000337578035,0],[144.964722739037,-37.8000265080617,0],[144.964756291108,-37.8000504924298,0],[144.964794411514,-37.8000697037981,0],[144.964836034925,-37.8000836046728,0],[144.964879995389,-37.8000918063185,0],[144.964925064653,-37.8000940793347,0],[144.9649699804,-37.8000903595507,0],[144.965013485907,-37.8000807514147,0],[144.965325583622,-37.8003269921495,0],[144.965307654605,-37.8004317092602,0],[144.964169805285,-37.8003077109471,0]]]},"properties":{"OBJECTID":11,"building_number":"290","address":"114-152 Grattan Street CARLTON VIC 3053","Extrusion":200,"loc_code":"PAR;290","campus_code":"PAR","GFA_INT":29556.6,"GFA_EXT":31669.76,"ccLinkList":"PAR;290;0","NO_FLOORS":12,"NAME":"Melbourne Connect","PROP_STATU":"Owned - Ground Lease to Operator"}},{"type":"Feature","id":12,"geometry":{"type":"Polygon","coordinates":[[[144.954493193469,-37.7974643292957,0],[144.954471226809,-37.7975833545774,0],[144.953894233529,-37.797514921168,0],[144.953916435442,-37.7973972806938,0],[144.954266769901,-37.7974379938512,0],[144.954422728444,-37.7974561410353,0],[144.954493193469,-37.7974643292957,0]]]},"properties":{"OBJECTID":12,"building_number":"404","address":"Building 404 Bio21 Incubator Building 30 Flemington Road PARKVILLE VIC 3052","Extrusion":200,"loc_code":"PAR;404","campus_code":"PAR","GFA_INT":2563.13,"GFA_EXT":2738.23,"ccLinkList":"PAR;404;0","NO_FLOORS":3,"NAME":"Bio21 Incubator Building","PROP_STATU":"Owned - Freehold"}},{"type":"Feature","id":13,"geometry":{"type":"Polygon","coordinates":[[[144.953453587569,-37.7973291710339,0],[144.953342267331,-37.7974534020602,0],[144.953250011466,-37.7974013327856,0],[144.953289269427,-37.7973574068389,0],[144.953277524501,-37.7973508935764,0],[144.95330269959,-37.7973233964371,0],[144.953313321879,-37.7973294368944,0],[144.953360775498,-37.7972766415917,0],[144.953453587569,-37.7973291710339,0]]]},"properties":{"OBJECTID":13,"building_number":"402","address":"Building 402 30 Flemington Road PARKVILLE VIC 3052","Extrusion":200,"loc_code":"PAR;402","campus_code":"PAR","GFA_INT":101.81,"GFA_EXT":127.43,"ccLinkList":"PAR;402;0","NO_FLOORS":1,"NAME":"Former Gatekeeper Lodge","PROP_STATU":"Owned - Freehold"}},{"type":"Feature","id":14,"geometry":{"type":"Polygon","coordinates":[[[144.962111453974,-37.7990960223433,0],[144.962093029454,-37.7992035753777,0],[144.961964435169,-37.7991899599713,0],[144.961962810034,-37.7991996258146,0],[144.961830739239,-37.7991856427953,0],[144.961829176914,-37.799194799657,0],[144.961590449886,-37.7991691691646,0],[144.961591883894,-37.7991607562603,0],[144.961443924642,-37.7991448711608,0],[144.961460967888,-37.7990449200926,0],[144.96143320466,-37.7990418477054,0],[144.961438849291,-37.7990097463415,0],[144.961468579276,-37.7990130357118,0],[144.961495108532,-37.7988574596375,0],[144.961650484248,-37.7988741408106,0],[144.961649533388,-37.7988799756989,0],[144.962009795524,-37.7989203123665,0],[144.962006629074,-37.7989381243178,0],[144.962100885961,-37.7989486762392,0],[144.962081634384,-37.7990569422125,0],[144.962063893489,-37.7990549554046,0],[144.962062160275,-37.7990647112994,0],[144.962037724499,-37.7990619751015,0],[144.962039458827,-37.7990522201276,0],[144.961628347667,-37.7990061902127,0],[144.961619969702,-37.7990538571777,0],[144.961843026558,-37.799077806957,0],[144.961844752323,-37.7990677859907,0],[144.962111453974,-37.7990960223433,0]]]},"properties":{"OBJECTID":14,"building_number":"166","address":"Old Metallurgy Building 166 230 Grattan Street PARKVILLE VIC 3010","Extrusion":200,"loc_code":"PAR;166","campus_code":"PAR","GFA_INT":2710.63,"GFA_EXT":3006.46,"ccLinkList":"PAR;166;0","NO_FLOORS":4,"NAME":"Old Metallurgy Building 166","PROP_STATU":"Owned - Freehold"}},{"type":"Feature","id":15,"geometry":{"type":"Polygon","coordinates":[[[144.958515641315,-37.7979733101996,0],[144.958532351408,-37.7978377401765,0],[144.958650440788,-37.7978469038258,0],[144.958651781291,-37.797835957931,0],[144.958677846984,-37.7978379660907,0],[144.958677028015,-37.7978446539511,0],[144.958936840836,-37.7978646674338,0],[144.95893842917,-37.7978475221252,0],[144.958910598079,-37.7978449138811,0],[144.958916791674,-37.7977966180872,0],[144.958944643992,-37.7977988671278,0],[144.958942155244,-37.7977902601041,0],[144.959025261666,-37.7977968299585,0],[144.959020800451,-37.7978323626679,0],[144.959006119435,-37.7978312034465,0],[144.959006826499,-37.7978255680218,0],[144.959003256767,-37.7978252880689,0],[144.958999817817,-37.7978512842111,0],[144.958971664975,-37.7978488947981,0],[144.958964825884,-37.7978710074123,0],[144.958996411389,-37.797873458122,0],[144.958979665719,-37.798009319585,0],[144.958515641315,-37.7979733101996,0]]]},"properties":{"OBJECTID":15,"building_number":"194","address":"Biosciences 5 Building 194 230 Grattan Street PARKVILLE VIC 3010","Extrusion":200,"loc_code":"PAR;194","campus_code":"PAR","GFA_INT":2859.57,"GFA_EXT":3360.22,"ccLinkList":"PAR;194;0","NO_FLOORS":5,"NAME":"Biosciences 5 Building 194","PROP_STATU":"Owned - Freehold"}},{"type":"Feature","id":16,"geometry":{"type":"Polygon","coordinates":[[[144.961335200841,-37.7974041846394,0],[144.961892128056,-37.7974682177947,0],[144.961871583486,-37.7975807257546,0],[144.961315245404,-37.7975144839926,0],[144.961335200841,-37.7974041846394,0]]]},"properties":{"OBJECTID":16,"building_number":"152","address":"Raymond Priestley Building 152 230 Grattan Street PARKVILLE VIC 3010","Extrusion":200,"loc_code":"PAR;152","campus_code":"PAR","GFA_INT":6274.74,"GFA_EXT":7718.47,"ccLinkList":"PAR;152;0","NO_FLOORS":12,"NAME":"Raymond Priestley Building 152","PROP_STATU":"Owned - Freehold"}},{"type":"Feature","id":17,"geometry":{"type":"Polygon","coordinates":[[[144.96330889257,-37.7980044689929,0],[144.963366153538,-37.7980107050473,0],[144.963372296627,-37.7979751832131,0],[144.963514393695,-37.7979906589938,0],[144.963536210323,-37.7978645406029,0],[144.963881168151,-37.7979037759592,0],[144.963886179826,-37.7978760297235,0],[144.964230596818,-37.7979152006361,0],[144.964147965026,-37.7983973263243,0],[144.964079698679,-37.7983895197791,0],[144.964088070276,-37.79834041062,0],[144.964073205007,-37.7983384269692,0],[144.964030368311,-37.7983337617593,0],[144.963754843926,-37.798303756005,0],[144.963744919508,-37.7983611399405,0],[144.963754472873,-37.7983621801716,0],[144.963743510436,-37.798425559719,0],[144.963567737368,-37.798406416233,0],[144.963578564887,-37.7983438192966,0],[144.963592619195,-37.7983453501126,0],[144.963602679926,-37.7982871836223,0],[144.963501276547,-37.7982761398427,0],[144.963502001439,-37.7982719519876,0],[144.963324310672,-37.7982525992497,0],[144.963321625649,-37.7982681125526,0],[144.963141622763,-37.7982485077753,0],[144.963166118873,-37.7981068986009,0],[144.963136015217,-37.7981036203219,0],[144.963140975456,-37.7980749459204,0],[144.9631710791,-37.7980782241978,0],[144.963173475422,-37.7980643739853,0],[144.963296208953,-37.7980777407008,0],[144.96330889257,-37.7980044689929,0]]]},"properties":{"OBJECTID":17,"building_number":"160","address":"Peter Hall Building 160 230 Grattan Street PARKVILLE VIC 3010","Extrusion":200,"loc_code":"PAR;160","campus_code":"PAR","GFA_INT":6353.42,"GFA_EXT":7053.49,"ccLinkList":"PAR;160;0","NO_FLOORS":4,"NAME":"Peter Hall Building 160","PROP_STATU":"Owned - Freehold"}},{"type":"Feature","id":18,"geometry":{"type":"Polygon","coordinates":[[[144.958462500036,-37.7974123540727,0],[144.958443203465,-37.797425227206,0],[144.958421713441,-37.7974356823007,0],[144.958398502,-37.7974434869243,0],[144.958374088348,-37.7974484689405,0],[144.958349011577,-37.7974505178381,0],[144.958323830535,-37.7974495892348,0],[144.958319458014,-37.797448149947,0],[144.958315461158,-37.7974461422208,0],[144.958311955449,-37.7974436203266,0],[144.958309042151,-37.7974406599167,0],[144.95830680967,-37.7974373499379,0],[144.958305323511,-37.7974337861497,0],[144.958304622847,-37.7974300719654,0],[144.958304734166,-37.7974263177879,0],[144.958309121482,-37.7974002858407,0],[144.958298014504,-37.7973993353872,0],[144.958307872099,-37.7973228710636,0],[144.958299928635,-37.7973099780815,0],[144.958304549915,-37.7972754899365,0],[144.958314845389,-37.7972642946695,0],[144.958326864235,-37.7971872910584,0],[144.958333584118,-37.7971878671607,0],[144.958339782795,-37.7971521843639,0],[144.958341229991,-37.7971497798792,0],[144.958343168303,-37.7971476046974,0],[144.958345542668,-37.7971457200449,0],[144.958348284526,-37.7971441824086,0],[144.958351312115,-37.7971430327264,0],[144.958378147759,-37.7971451570324,0],[144.958404253482,-37.7971505282371,0],[144.958429010405,-37.7971590202613,0],[144.958451824507,-37.797170429055,0],[144.958472160307,-37.7971844866984,0],[144.958489529642,-37.7972008567016,0],[144.958501196828,-37.7971940396866,0],[144.958523189453,-37.7972251808266,0],[144.958514097055,-37.7972302996013,0],[144.958525302991,-37.7972522816268,0],[144.958531810428,-37.7972754249258,0],[144.958533442439,-37.7972991019158,0],[144.958530156461,-37.7973226720232,0],[144.958522041713,-37.7973454933535,0],[144.95850931849,-37.7973669479121,0],[144.958492327587,-37.7973864549389,0],[144.958503079389,-37.7973937885649,0],[144.958472933533,-37.7974201940521,0],[144.958462500036,-37.7974123540727,0]]]},"properties":{"OBJECTID":18,"building_number":"140","address":"Grainger Museum Building 140 230 Grattan Street PARKVILLE VIC 3010","Extrusion":200,"loc_code":"PAR;140","campus_code":"PAR","GFA_INT":552.41,"GFA_EXT":591.61,"ccLinkList":"PAR;140;0","NO_FLOORS":1,"NAME":"Grainger Museum Building 140","PROP_STATU":"Owned - Freehold"}},{"type":"Feature","id":19,"geometry":{"type":"Polygon","coordinates":[[[144.959332847764,-37.7979776466446,0],[144.959374307031,-37.7976364646261,0],[144.959123539511,-37.7976172766468,0],[144.959133988932,-37.7975269137296,0],[144.959135121338,-37.7975217101295,0],[144.959137272491,-37.7975167116292,0],[144.95914039455,-37.7975120471692,0],[144.959144403722,-37.7975078315492,0],[144.959149201654,-37.7975041721071,0],[144.959154668896,-37.7975011586929,0],[144.959160438441,-37.7974973124222,0],[144.959165341336,-37.7974927689409,0],[144.959178627495,-37.7974792030604,0],[144.959194612169,-37.7974676133635,0],[144.959212830869,-37.7974583297414,0],[144.959232764008,-37.7974516207518,0],[144.959253838462,-37.7974476783258,0],[144.959275450319,-37.7974466163603,0],[144.959296976455,-37.7974484628076,0],[144.959317801552,-37.7974531682547,0],[144.959337327481,-37.7974605952713,0],[144.959354991111,-37.797470531335,0],[144.959370288126,-37.7974826901453,0],[144.959382778328,-37.7974967252325,0],[144.959392103775,-37.7975122311734,0],[144.959663079355,-37.7975319606468,0],[144.959670285271,-37.7975329938804,0],[144.959677156497,-37.7975350054009,0],[144.95968348242,-37.7975379311804,0],[144.959689072346,-37.7975416850068,0],[144.959693754535,-37.7975461521587,0],[144.959697388491,-37.7975511968279,0],[144.959699863728,-37.7975566657024,0],[144.959701106455,-37.7975623925883,0],[144.95970107378,-37.7975682028153,0],[144.959678831469,-37.7977605730321,0],[144.959677081697,-37.7977655550659,0],[144.959674353999,-37.7977702516057,0],[144.959670714153,-37.7977745421321,0],[144.95966625834,-37.7977783156642,0],[144.959661099372,-37.797781475928,0],[144.959655370046,-37.7977839432172,0],[144.959649217571,-37.7977856506914,0],[144.959642802083,-37.7977865569674,0],[144.959618698601,-37.7978036672556,0],[144.959596414255,-37.7979963980907,0],[144.959332847764,-37.7979776466446,0]]]},"properties":{"OBJECTID":19,"building_number":"148A","address":"Arts West Building 148 230 Grattan Street PARKVILLE VIC 3010","Extrusion":200,"loc_code":"PAR;148A","campus_code":"PAR","GFA_INT":9174.22,"GFA_EXT":11443.99,"ccLinkList":"PAR;148A;0","NO_FLOORS":9,"NAME":"Arts West Building 148","PROP_STATU":"Owned - Freehold"}},{"type":"Feature","id":20,"geometry":{"type":"Polygon","coordinates":[[[144.958850234618,-37.7968801168926,0],[144.959130278567,-37.7969003769295,0],[144.959101490079,-37.797156499148,0],[144.959176990935,-37.7971618430511,0],[144.959163297285,-37.7972836792552,0],[144.959069914543,-37.7972770701912,0],[144.959043505726,-37.7972752391127,0],[144.959012271928,-37.7975590760785,0],[144.959033645303,-37.7975604080579,0],[144.959024250643,-37.7976566360838,0],[144.959029751569,-37.7976570206985,0],[144.959027400459,-37.7976788145804,0],[144.958790089541,-37.7976624382754,0],[144.958792727683,-37.7976350882081,0],[144.958770393463,-37.7976335511841,0],[144.958770748354,-37.7976303130967,0],[144.95875327884,-37.7976290865858,0],[144.958753167515,-37.7976319341793,0],[144.958727937546,-37.7976302225916,0],[144.958784100862,-37.7971305730744,0],[144.95882178436,-37.7971332412699,0],[144.958850234618,-37.7968801168926,0]]]},"properties":{"OBJECTID":20,"building_number":"147","address":"Biosciences 4 Building 147 230 Grattan Street PARKVILLE VIC 3010","Extrusion":200,"loc_code":"PAR;147","campus_code":"PAR","GFA_INT":8620.99,"GFA_EXT":8990.27,"ccLinkList":"PAR;147;0","NO_FLOORS":7,"NAME":"Biosciences 4 Building 147","PROP_STATU":"Owned - Freehold"}},{"type":"Feature","id":21,"geometry":{"type":"Polygon","coordinates":[[[144.959793210496,-37.7962081988927,0],[144.959793474436,-37.7962082232911,0],[144.959793269696,-37.7962098860219,0],[144.959795528265,-37.7962100612278,0],[144.959781706257,-37.7963219553205,0],[144.959779597323,-37.796321789916,0],[144.959779479058,-37.7963227449179,0],[144.959631991553,-37.7963112743368,0],[144.959639578055,-37.796247869142,0],[144.95960414281,-37.7962776293953,0],[144.959556462762,-37.7962637632434,0],[144.959475798678,-37.7962707258299,0],[144.959471879738,-37.7963009266837,0],[144.959471869888,-37.7963013671889,0],[144.959471802196,-37.7963018048896,0],[144.959471677921,-37.7963022353016,0],[144.959471496101,-37.7963026520999,0],[144.959471262511,-37.7963030517802,0],[144.95947097614,-37.7963034298187,0],[144.959470641653,-37.7963037817906,0],[144.959470262553,-37.7963041041518,0],[144.959469843457,-37.7963043942787,0],[144.959469387917,-37.7963046468259,0],[144.959468901635,-37.796304860991,0],[144.95946839152,-37.7963050332889,0],[144.959467858757,-37.7963051619379,0],[144.959402836148,-37.7963019337217,0],[144.959338606005,-37.7962987967029,0],[144.959310649567,-37.7962966369761,0],[144.959176777963,-37.7962823116286,0],[144.95918065366,-37.7962476203693,0],[144.95916805623,-37.7962467333875,0],[144.959164274208,-37.7962805791626,0],[144.959076256709,-37.7962716929977,0],[144.959080769685,-37.7962338613681,0],[144.95911825556,-37.7962341207958,0],[144.959118976641,-37.796233132985,0],[144.959067028589,-37.7962189881038,0],[144.959088561034,-37.7961987639522,0],[144.959098841505,-37.7961986672561,0],[144.959099708287,-37.7961880528868,0],[144.959088006452,-37.7961841291286,0],[144.959099414828,-37.7961718941911,0],[144.959102634278,-37.7961721067896,0],[144.959107009455,-37.7961306157912,0],[144.959178881393,-37.7961385381439,0],[144.959176810309,-37.7961622518902,0],[144.959192300129,-37.7961631853896,0],[144.959194188443,-37.7961411194333,0],[144.959436618493,-37.7961710003065,0],[144.959436372631,-37.796175106318,0],[144.959534503683,-37.7961877307024,0],[144.959639750704,-37.7961968943101,0],[144.959793210496,-37.7962081988927,0]]]},"properties":{"OBJECTID":21,"building_number":"123","address":"Biosciences 1 Building 123 230 Grattan Street PARKVILLE VIC 3010","Extrusion":200,"loc_code":"PAR;123","campus_code":"PAR","GFA_INT":1383.24,"GFA_EXT":1543.52,"ccLinkList":"PAR;123;0","NO_FLOORS":2,"NAME":"Biosciences 1 Building 123","PROP_STATU":"Owned - Freehold"}},{"type":"Feature","id":22,"geometry":{"type":"Polygon","coordinates":[[[144.96242558956,-37.7965047823239,0],[144.96253339351,-37.7965020127363,0],[144.962640095002,-37.7965275471049,0],[144.962629514868,-37.7965819502282,0],[144.962581502569,-37.796652440632,0],[144.962564673172,-37.7966508625886,0],[144.962560807791,-37.7966734549366,0],[144.963022103496,-37.7967249491287,0],[144.963015988669,-37.796758572657,0],[144.963029250335,-37.7967600898267,0],[144.96302965983,-37.7967570067698,0],[144.963081748973,-37.7967625433982,0],[144.96306784013,-37.7968436656941,0],[144.963016075558,-37.7968381355742,0],[144.963016829751,-37.7968342870711,0],[144.963006479441,-37.7968330779947,0],[144.963005682813,-37.7968384712843,0],[144.962955498805,-37.7968330351641,0],[144.962941797487,-37.7969023808317,0],[144.962828043671,-37.7968902901697,0],[144.962822321044,-37.7968186069936,0],[144.962751874439,-37.7968109737556,0],[144.962736047806,-37.796881528059,0],[144.962622242811,-37.7968697318998,0],[144.962616039227,-37.7967962578647,0],[144.962545572263,-37.7967886232503,0],[144.962529288926,-37.7968599617579,0],[144.962416105487,-37.7968467919442,0],[144.96241470687,-37.7967744446007,0],[144.962380642482,-37.7967707551576,0],[144.962400682523,-37.7966554915634,0],[144.962449203797,-37.7966609667386,0],[144.962452422158,-37.7966383641012,0],[144.96243851123,-37.7966368356333,0],[144.962415651492,-37.7965594542723,0],[144.96242558956,-37.7965047823239,0]]]},"properties":{"OBJECTID":22,"building_number":"115","address":"Redmond Barry Building 115 230 Grattan Street PARKVILLE VIC 3010","Extrusion":200,"loc_code":"PAR;115","campus_code":"PAR","GFA_INT":9750.13,"GFA_EXT":11179.21,"ccLinkList":"PAR;115;0","NO_FLOORS":14,"NAME":"Redmond Barry Building 115","PROP_STATU":"Owned - Freehold"}},{"type":"Feature","id":23,"geometry":{"type":"Polygon","coordinates":[[[144.961977684879,-37.7983799601939,0],[144.962294686134,-37.7984130119404,0],[144.962285494815,-37.798468515049,0],[144.962302377533,-37.798470275196,0],[144.9622917305,-37.7985345711408,0],[144.962105778129,-37.7985151844499,0],[144.96211106863,-37.7984832283171,0],[144.961963145711,-37.7984677599552,0],[144.961977684879,-37.7983799601939,0]]]},"properties":{"OBJECTID":23,"building_number":"161","address":"Post Office Building 161 230 Grattan Street PARKVILLE VIC 3010","Extrusion":200,"loc_code":"PAR;161","campus_code":"PAR","GFA_INT":630.39,"GFA_EXT":723.12,"ccLinkList":"PAR;161;0","NO_FLOORS":2,"NAME":"Post Office Building 161","PROP_STATU":"Owned - Freehold"}},{"type":"Feature","id":24,"geometry":{"type":"Polygon","coordinates":[[[144.963902921462,-37.7998269766403,0],[144.963892725396,-37.7998258423986,0],[144.963816970101,-37.800254454768,0],[144.963601763693,-37.8002305065623,0],[144.963713412053,-37.799598823566,0],[144.963927760659,-37.7996226774142,0],[144.963903102549,-37.7997621922915,0],[144.963913820567,-37.7997633851215,0],[144.963902921462,-37.7998269766403,0]]]},"properties":{"OBJECTID":24,"building_number":"199","address":"Arts Centre Building 199 757 Swanston Street PARKVILLE VIC 3010","Extrusion":200,"loc_code":"PAR;199","campus_code":"PAR","GFA_INT":9129.36,"GFA_EXT":10069.16,"ccLinkList":"PAR;199;0","NO_FLOORS":9,"NAME":"Arts Centre Building 199","PROP_STATU":"Owned - Freehold"}},{"type":"Feature","id":25,"geometry":{"type":"Polygon","coordinates":[[[144.959782324528,-37.7994546394375,0],[144.95969176601,-37.7994442668851,0],[144.959711309876,-37.7993388000647,0],[144.959798741768,-37.7993483010649,0],[144.959799939135,-37.7993447810831,0],[144.959801867803,-37.7993414711287,0],[144.959804473964,-37.799338469399,0],[144.959807682637,-37.7993358593056,0],[144.959811400874,-37.7993337167393,0],[144.959815521346,-37.7993321038244,0],[144.959819926926,-37.7993310671951,0],[144.959824489608,-37.7993306361751,0],[144.959829078472,-37.7993308220137,0],[144.959833560755,-37.7993316206087,0],[144.959837809862,-37.799333009941,0],[144.959841700853,-37.7993349490954,0],[144.959845123994,-37.7993373811991,0],[144.959847978976,-37.7993402369261,0],[144.959850185114,-37.7993434355749,0],[144.95985167796,-37.799346884109,0],[144.959852415969,-37.7993504826792,0],[144.95985237583,-37.7993541290486,0],[144.959941063527,-37.7993637661489,0],[144.959940004625,-37.79936989023,0],[144.960005880839,-37.7993765772661,0],[144.960002822188,-37.7993927643987,0],[144.960122254549,-37.7994057203897,0],[144.960110930466,-37.799472011299,0],[144.959990474751,-37.799458063395,0],[144.959988911754,-37.799466328052,0],[144.959923985619,-37.7994589139931,0],[144.959921909873,-37.7994706239793,0],[144.959832667931,-37.7994604050136,0],[144.95983166856,-37.799469483283,0],[144.959822851705,-37.7994748998113,0],[144.95978745888,-37.799470951384,0],[144.959780775268,-37.7994619499827,0],[144.959782324528,-37.7994546394375,0]]]},"properties":{"OBJECTID":25,"building_number":"186","address":"Vice Chancellors House 230 Grattan Street PARKVILLE VIC 3010","Extrusion":200,"loc_code":"PAR;186","campus_code":"PAR","GFA_INT":641.72,"GFA_EXT":800.66,"ccLinkList":"PAR;186;0","NO_FLOORS":2,"NAME":"Vice Chancellors House","PROP_STATU":"Owned - Freehold"}},{"type":"Feature","id":26,"geometry":{"type":"Polygon","coordinates":[[[144.96385029244,-37.7985809532655,0],[144.963900576515,-37.7985864303989,0],[144.963900913808,-37.7985844869825,0],[144.964060286804,-37.7986018459846,0],[144.964046151125,-37.7986835592382,0],[144.964072045066,-37.7986863797054,0],[144.964062446391,-37.7987418750218,0],[144.964069831425,-37.7987426785806,0],[144.96401341813,-37.7990687777228,0],[144.964009478772,-37.7990683482433,0],[144.963980959552,-37.7992305304142,0],[144.963935091128,-37.7992254513759,0],[144.963929976514,-37.7992584316714,0],[144.9637988791,-37.7992456266007,0],[144.963804253466,-37.799210964699,0],[144.963762694472,-37.7992063638343,0],[144.963774713969,-37.7991444057052,0],[144.963680990256,-37.7991002783388,0],[144.963803456019,-37.7989338431945,0],[144.963790537329,-37.7989324356736,0],[144.963817803616,-37.7987748215808,0],[144.963815978296,-37.7987746233022,0],[144.96385029244,-37.7985809532655,0]]]},"properties":{"OBJECTID":26,"building_number":"158","address":"Sidney Myer Asia Centre Building 158 230 Grattan Street PARKVILLE VIC 3010","Extrusion":200,"loc_code":"PAR;158","campus_code":"PAR","GFA_INT":6071.88,"GFA_EXT":6951.35,"ccLinkList":"PAR;158;0","NO_FLOORS":6,"NAME":"Sidney Myer Asia Centre Building 158","PROP_STATU":"Owned - Freehold"}},{"type":"Feature","id":27,"geometry":{"type":"Polygon","coordinates":[[[144.962398648758,-37.798076341007,0],[144.962414853915,-37.7979842236243,0],[144.962416261153,-37.7979843849517,0],[144.962417445812,-37.7979781810132,0],[144.96245783969,-37.797983038848,0],[144.962474321144,-37.7978883849135,0],[144.962653756685,-37.7979080565846,0],[144.962586418178,-37.7982947910104,0],[144.962452890502,-37.7982801508728,0],[144.962453309848,-37.7982777438728,0],[144.962407290161,-37.7982719956584,0],[144.962436618941,-37.7980848418301,0],[144.962397971561,-37.7980801962441,0],[144.962398648758,-37.798076341007,0]]]},"properties":{"OBJECTID":27,"building_number":"154","address":"Chemistry East Wing Building 154 230 Grattan Street PARKVILLE VIC 3010","Extrusion":200,"loc_code":"PAR;154","campus_code":"PAR","GFA_INT":4039.28,"GFA_EXT":4965.61,"ccLinkList":"PAR;154;0","NO_FLOORS":7,"NAME":"Chemistry East Wing Building 154","PROP_STATU":"Owned - Freehold"}},{"type":"Feature","id":28,"geometry":{"type":"Polygon","coordinates":[[[144.95809035153,-37.7992901599947,0],[144.95813934517,-37.7988953999336,0],[144.958319365668,-37.7989092956039,0],[144.958301111796,-37.7990600299466,0],[144.958309482252,-37.7990607220829,0],[144.958310629518,-37.7990523835551,0],[144.958781647529,-37.7990886790573,0],[144.958767887408,-37.7991973352008,0],[144.958297114008,-37.7991628552432,0],[144.958298465657,-37.7991538173409,0],[144.958290082703,-37.799153124987,0],[144.958289651198,-37.7991564221224,0],[144.958288768486,-37.7991563491431,0],[144.958271074251,-37.7993037885603,0],[144.95809035153,-37.7992901599947,0]]]},"properties":{"OBJECTID":28,"building_number":"183","address":"Howard Florey Building 183 230 Grattan Street PARKVILLE VIC 3010","Extrusion":200,"loc_code":"PAR;183","campus_code":"PAR","GFA_INT":7584.72,"GFA_EXT":10400.9,"ccLinkList":"PAR;183;0","NO_FLOORS":11,"NAME":"Howard Florey Building 183","PROP_STATU":"Owned - Freehold"}},{"type":"Feature","id":29,"geometry":{"type":"Polygon","coordinates":[[[144.961125482721,-37.7986056277221,0],[144.961187065482,-37.7986126011289,0],[144.961188287513,-37.7986057030437,0],[144.961274958846,-37.7986153736127,0],[144.961273570131,-37.7986232123463,0],[144.961347326143,-37.7986315643396,0],[144.961272167574,-37.7990494784296,0],[144.961266437594,-37.7990488286117,0],[144.961247991043,-37.7991513976069,0],[144.961036612312,-37.7991274632542,0],[144.961055458758,-37.7990226699032,0],[144.961050579019,-37.7990221177041,0],[144.961125482721,-37.7986056277221,0]]]},"properties":{"OBJECTID":29,"building_number":"193","address":"Electrical Engineering Building 193 230 Grattan Street PARKVILLE VIC 3010","Extrusion":200,"loc_code":"PAR;193","campus_code":"PAR","GFA_INT":6364,"GFA_EXT":6638.01,"ccLinkList":"PAR;193;0","NO_FLOORS":6,"NAME":"Electrical Engineering Building 193","PROP_STATU":"Owned - Freehold"}},{"type":"Feature","id":30,"geometry":{"type":"Polygon","coordinates":[[[144.961626651206,-37.7935548854022,0],[144.961630779691,-37.7935844100725,0],[144.96164753929,-37.7935828410202,0],[144.961652037074,-37.7936130191277,0],[144.96167730299,-37.7936111449075,0],[144.961685212583,-37.7936467639023,0],[144.961657331437,-37.79364850905,0],[144.961661159788,-37.7936741210148,0],[144.961667750736,-37.7936841705827,0],[144.96180258578,-37.7936792398286,0],[144.961807665529,-37.7937195662595,0],[144.96175570249,-37.7937233647773,0],[144.961760096239,-37.7937305961772,0],[144.961778276994,-37.7937605379745,0],[144.961585423904,-37.793773095983,0],[144.961473050164,-37.7937923285777,0],[144.961469454438,-37.7937829616706,0],[144.961400348785,-37.7938070921692,0],[144.96138735179,-37.7937728738393,0],[144.96144749947,-37.7937257758584,0],[144.961445417228,-37.7937203453615,0],[144.961456840075,-37.7937184622682,0],[144.961474417566,-37.7937046982341,0],[144.961475068312,-37.7936960212378,0],[144.961465719503,-37.7936968993729,0],[144.961461422869,-37.7936681233701,0],[144.961454031078,-37.7936714685613,0],[144.961419506361,-37.7936761923987,0],[144.961423476353,-37.7936887992138,0],[144.961422723301,-37.7936889691176,0],[144.961429120898,-37.7937151815898,0],[144.961324420995,-37.7937351461609,0],[144.961319658219,-37.793723163653,0],[144.961316974483,-37.793723213621,0],[144.961301928294,-37.7937149588031,0],[144.961295870298,-37.7937012632621,0],[144.961301117779,-37.793687351593,0],[144.961306149444,-37.7936843062007,0],[144.961287027461,-37.7936236295729,0],[144.961337752204,-37.793612575166,0],[144.961388457512,-37.7936015249066,0],[144.96138651173,-37.7935966663156,0],[144.961332414953,-37.7936065773523,0],[144.961330216947,-37.7936011033952,0],[144.961300151063,-37.793606683002,0],[144.961290037464,-37.7935679221711,0],[144.961300953183,-37.7935682922714,0],[144.961363477928,-37.7935566698132,0],[144.961426003766,-37.7935450482416,0],[144.961524265465,-37.7935352068192,0],[144.961622521194,-37.7935253751241,0],[144.961626651206,-37.7935548854022,0]]]},"properties":{"OBJECTID":30,"building_number":"498","address":"Ernie Cropley Pavilion Building 498 University of Melbourne 230 Grattan Street PARKVILLE VIC 3010","Extrusion":200,"loc_code":"PAR;498","campus_code":"PAR","GFA_INT":1151.68,"GFA_EXT":1252.19,"ccLinkList":"PAR;498;0","NO_FLOORS":2,"NAME":"Ernie Cropley Pavilion Building 498","PROP_STATU":"Owned - Freehold"}},{"type":"Feature","id":31,"geometry":{"type":"Polygon","coordinates":[[[144.954582650806,-37.7974414269559,0],[144.953817341339,-37.7973677621511,0],[144.953896702176,-37.797289926698,0],[144.953949261176,-37.7973028282318,0],[144.954033306858,-37.7972704618493,0],[144.954065993177,-37.7972795936011,0],[144.954115648232,-37.7972607601337,0],[144.954146198019,-37.7972689977268,0],[144.954198082937,-37.7972476337072,0],[144.954230228941,-37.7972567560271,0],[144.954266986236,-37.7972413707337,0],[144.954338820181,-37.7971231549576,0],[144.954660022609,-37.797184397957,0],[144.954582650806,-37.7974414269559,0]]]},"properties":{"OBJECTID":31,"building_number":"401","address":"Building 401 Nancy Millis Building 30 Flemington Road PARKVILLE VIC 3052","Extrusion":200,"loc_code":"PAR;401","campus_code":"PAR","GFA_INT":5252.88,"GFA_EXT":5702.2,"ccLinkList":"PAR;401;0","NO_FLOORS":6,"NAME":"Nancy Millis Building","PROP_STATU":"Owned - Freehold"}},{"type":"Feature","id":32,"geometry":{"type":"Polygon","coordinates":[[[144.958757737515,-37.796495298711,0],[144.958371037126,-37.7964661343939,0],[144.958417146014,-37.7960811738725,0],[144.958966809507,-37.7961226302657,0],[144.958934918116,-37.7963889063315,0],[144.958885402268,-37.7964095961894,0],[144.958839009076,-37.7964344269899,0],[144.958796285979,-37.796463108133,0],[144.958757737515,-37.796495298711,0]]]},"properties":{"OBJECTID":32,"building_number":"125","address":"Western Edge Biosciences Building 125 230 Grattan Street PARKVILLE VIC 3010","Extrusion":200,"loc_code":"PAR;125","campus_code":"PAR","GFA_INT":11442.74,"GFA_EXT":13625.28,"ccLinkList":"PAR;125;0","NO_FLOORS":6,"NAME":"Western Edge Biosciences Building 125","PROP_STATU":"Owned - Freehold"}},{"type":"Feature","id":33,"geometry":{"type":"Polygon","coordinates":[[[144.963166313892,-37.8012117460338,0],[144.963121535203,-37.8012066873171,0],[144.9631525345,-37.801032592406,0],[144.963688191729,-37.801093077312,0],[144.963659246538,-37.8012674404008,0],[144.963166313892,-37.8012117460338,0]]]},"properties":{"OBJECTID":33,"building_number":"243","address":"715-721 Swanston Street CARLTON VIC 3053","Extrusion":200,"loc_code":"PAR;243","campus_code":"PAR","GFA_INT":846.94,"GFA_EXT":921.38,"ccLinkList":"PAR;243;0","NO_FLOORS":2,"NAME":"Level 1, 715 Swanston St, Carlton South","PROP_STATU":"Leased"}},{"type":"Feature","id":34,"geometry":{"type":"Polygon","coordinates":[[[144.963084536881,-37.8007416227788,0],[144.963167233826,-37.8007506654081,0],[144.963171662039,-37.8007240013555,0],[144.963493273445,-37.8007591681844,0],[144.963503505597,-37.8007008983537,0],[144.963748840457,-37.8007277233977,0],[144.96369534608,-37.8010499778396,0],[144.963046285177,-37.8009755601939,0],[144.963084536881,-37.8007416227788,0]]]},"properties":{"OBJECTID":34,"building_number":"348","address":"723-741 Swanston Street CARLTON VIC 3053","Extrusion":200,"loc_code":"PAR;348","campus_code":"PAR","GFA_INT":6248.89,"GFA_EXT":6843.09,"ccLinkList":"PAR;348;0","NO_FLOORS":4,"NAME":"Melbourne Dental Clinic","PROP_STATU":"Owned - Freehold"}},{"type":"Feature","id":35,"geometry":{"type":"Polygon","coordinates":[[[144.9616671891,-37.8012544596219,0],[144.961687624444,-37.8011487501684,0],[144.962168039102,-37.8012042530182,0],[144.962099295892,-37.801597732248,0],[144.961666300994,-37.8015503656569,0],[144.96169042306,-37.801431189746,0],[144.96178728239,-37.801443532577,0],[144.961821568802,-37.8012741324127,0],[144.9616671891,-37.8012544596219,0]]]},"properties":{"OBJECTID":35,"building_number":"379","address":"207-221 Bouverie Street CARLTON VIC 3053","Extrusion":200,"loc_code":"PAR;379","campus_code":"PAR","GFA_INT":14689.69,"GFA_EXT":15815.5,"ccLinkList":"PAR;379;0","NO_FLOORS":10,"NAME":"207-221 Bouverie St, Carlton South ","PROP_STATU":"Owned - Freehold"}},{"type":"Feature","id":36,"geometry":{"type":"Polygon","coordinates":[[[144.961969629401,-37.8003560637434,0],[144.9619507377,-37.800477904924,0],[144.961853535001,-37.8004667359385,0],[144.961859583226,-37.800424413181,0],[144.961812022235,-37.8004201925759,0],[144.961805203408,-37.8004614196791,0],[144.961770344833,-37.8004582597065,0],[144.961773577122,-37.8004340090921,0],[144.961720672336,-37.8004290507159,0],[144.961733841743,-37.8003329364766,0],[144.961969629401,-37.8003560637434,0]]]},"properties":{"OBJECTID":36,"building_number":"368","address":"205-211 Grattan Street CARLTON VIC 3053","Extrusion":200,"loc_code":"PAR;368","campus_code":"PAR","GFA_INT":492.91,"GFA_EXT":557.22,"ccLinkList":"PAR;368;0","NO_FLOORS":2,"NAME":"Malvina Terrace","PROP_STATU":"Owned - Freehold"}},{"type":"Feature","id":37,"geometry":{"type":"Polygon","coordinates":[[[144.961511653535,-37.8002901867048,0],[144.961702961807,-37.8003112648709,0],[144.961644930286,-37.800639154135,0],[144.961464857365,-37.8006196752946,0],[144.961455235215,-37.8006032415738,0],[144.961511653535,-37.8002901867048,0]]]},"properties":{"OBJECTID":37,"building_number":"203","address":"213-217 Grattan Street CARLTON VIC 3053","Extrusion":200,"loc_code":"PAR;203","campus_code":"PAR","GFA_INT":1041.13,"GFA_EXT":1147.06,"ccLinkList":"PAR;203;0","NO_FLOORS":2,"NAME":"University Security Office","PROP_STATU":"Owned - Freehold"}},{"type":"Feature","id":38,"geometry":{"type":"Polygon","coordinates":[[[144.961710649238,-37.8005049501268,0],[144.961927937772,-37.8005288909675,0],[144.96190291373,-37.8006702878946,0],[144.961784729629,-37.800654557136,0],[144.961686094203,-37.8006436903398,0],[144.961710649238,-37.8005049501268,0]]]},"properties":{"OBJECTID":38,"building_number":"242","address":"8-14 Malvina Place CARLTON VIC 3053","Extrusion":200,"loc_code":"PAR;242","campus_code":"PAR","GFA_INT":552.4,"GFA_EXT":601.47,"ccLinkList":"PAR;242;0","NO_FLOORS":2,"NAME":"8-14 Malvina Place, Carlton","PROP_STATU":"Owned - Freehold"}},{"type":"Feature","id":39,"geometry":{"type":"Polygon","coordinates":[[[144.959323206999,-37.8006675442767,0],[144.959332704046,-37.8006059782176,0],[144.959612542397,-37.8006389709347,0],[144.959601738369,-37.8007005360013,0],[144.959323206999,-37.8006675442767,0]]]},"properties":{"OBJECTID":39,"building_number":"390","address":"141 Barry Street CARLTON VIC 3053","Extrusion":200,"loc_code":"PAR;390","campus_code":"PAR","GFA_INT":219.59,"GFA_EXT":249.03,"ccLinkList":"PAR;390;0","NO_FLOORS":2,"NAME":"141 Barry St, Carlton South","PROP_STATU":"Owned - Freehold"}},{"type":"Feature","id":40,"geometry":{"type":"Polygon","coordinates":[[[144.959689481511,-37.8002005556567,0],[144.959483405264,-37.8001789768182,0],[144.959440945163,-37.8004342808383,0],[144.959330274363,-37.80042236543,0],[144.959248537174,-37.8004128987724,0],[144.959194455544,-37.8004066355916,0],[144.958853517857,-37.8003704741225,0],[144.958918272558,-37.8000088339507,0],[144.959707643592,-37.8000970646228,0],[144.959689481511,-37.8002005556567,0]]]},"properties":{"OBJECTID":40,"building_number":"104","address":"Alan Gilbert Building - Bld 104 153-163 Barry Street CARLTON VIC 3053","Extrusion":200,"loc_code":"PAR;104","campus_code":"PAR","GFA_INT":18561.96,"GFA_EXT":20344.15,"ccLinkList":"PAR;104;0","NO_FLOORS":10,"NAME":"Alan Gilbert Building - Bld 104","PROP_STATU":"Owned - Freehold"}},{"type":"Feature","id":41,"geometry":{"type":"Polygon","coordinates":[[[144.958145102791,-37.8017569548082,0],[144.957762071845,-37.8017122173067,0],[144.957673678067,-37.8015274381301,0],[144.957785148846,-37.8006425853794,0],[144.958555294294,-37.8007288124346,0],[144.958432231404,-37.80142676282,0],[144.958207180712,-37.8013995304087,0],[144.958197936914,-37.8014497999909,0],[144.958172381011,-37.8015925448709,0],[144.958145102791,-37.8017569548082,0]]]},"properties":{"OBJECTID":41,"building_number":"279","address":"712-764 Elizabeth Street MELBOURNE VIC 3000","Extrusion":200,"loc_code":"PAR;279","campus_code":"PAR","GFA_INT":0,"GFA_EXT":0,"ccLinkList":"PAR;279;0","NO_FLOORS":null,"NAME":"Land","PROP_STATU":"Owned - Freehold"}},{"type":"Feature","id":42,"geometry":{"type":"Polygon","coordinates":[[[144.959752202472,-37.8033952451828,0],[144.960067220168,-37.8040775378285,0],[144.959553654112,-37.8040212580449,0],[144.959323954573,-37.8035220729876,0],[144.959535416132,-37.803458298639,0],[144.959752202472,-37.8033952451828,0]]]},"properties":{"OBJECTID":42,"building_number":"266","address":"1-29 Barry Street CARLTON VIC 3053","Extrusion":200,"loc_code":"PAR;266","campus_code":"PAR","GFA_INT":10634.41,"GFA_EXT":11142.58,"ccLinkList":"PAR;266;0","NO_FLOORS":4,"NAME":"Business Services","PROP_STATU":"Owned - Freehold"}},{"type":"Feature","id":43,"geometry":{"type":"Polygon","coordinates":[[[144.963548686812,-37.8039163519093,0],[144.963581394967,-37.8037383213289,0],[144.96414238584,-37.8037967200749,0],[144.964132080308,-37.8038579913895,0],[144.964112263227,-37.8039758147574,0],[144.963548686812,-37.8039163519093,0]]]},"properties":{"OBJECTID":43,"building_number":"246","address":"546-552 Swanston Street CARLTON VIC 3053","Extrusion":200,"loc_code":"PAR;246","campus_code":"PAR","GFA_INT":2767.13,"GFA_EXT":2899.4,"ccLinkList":"PAR;246;0","NO_FLOORS":3,"NAME":"Audiology Clinic","PROP_STATU":"Leased"}},{"type":"Feature","id":44,"geometry":{"type":"Polygon","coordinates":[[[144.965310367885,-37.7964127795826,0],[144.965103924737,-37.7963913953922,0],[144.965121162071,-37.7963003029233,0],[144.965080128688,-37.7962961793336,0],[144.964866495307,-37.7962724616991,0],[144.964881519703,-37.7961860369787,0],[144.96512602745,-37.7962111108409,0],[144.96545235178,-37.7962445737287,0],[144.965448960247,-37.7962626360344,0],[144.965420375736,-37.7964241750025,0],[144.965310367885,-37.7964127795826,0]]]},"properties":{"OBJECTID":44,"building_number":"308","address":"856-858 Swanston Street CARLTON VIC 3053","Extrusion":200,"loc_code":"PAR;308","campus_code":"PAR","GFA_INT":510.1,"GFA_EXT":615.73,"ccLinkList":"PAR;308;0","NO_FLOORS":2,"NAME":"Swanston St Children's Centre","PROP_STATU":"Owned - Freehold"}},{"type":"Feature","id":45,"geometry":{"type":"Polygon","coordinates":[[[144.96003652501,-37.8001367240056,0],[144.960047658825,-37.8001379532282,0],[144.960272699783,-37.8001627856878,0],[144.960260969734,-37.8002297139143,0],[144.960035814221,-37.8002048686318,0],[144.960024794729,-37.8002036531037,0],[144.96003652501,-37.8001367240056,0]]]},"properties":{"OBJECTID":45,"building_number":"107","address":"Carpark Melbourne University 220 Berkeley Street CARLTON VIC 3053","Extrusion":200,"loc_code":"PAR;107","campus_code":"PAR","GFA_INT":null,"GFA_EXT":null,"ccLinkList":"PAR;107;0","NO_FLOORS":6,"NAME":"Melbourne University","PROP_STATU":"Leased"}},{"type":"Feature","id":46,"geometry":{"type":"Polygon","coordinates":[[[144.960045221961,-37.8005408598106,0],[144.960096955539,-37.8005465691583,0],[144.960078342427,-37.8006527631785,0],[144.960026609938,-37.8006470529395,0],[144.960045221961,-37.8005408598106,0]]]},"properties":{"OBJECTID":46,"building_number":"107","address":"Carpark Melbourne University 220 Berkeley Street CARLTON VIC 3053","Extrusion":200,"loc_code":"PAR;107","campus_code":"PAR","GFA_INT":null,"GFA_EXT":null,"ccLinkList":"PAR;107;0","NO_FLOORS":6,"NAME":"Melbourne University","PROP_STATU":"Leased"}},{"type":"Feature","id":47,"geometry":{"type":"Polygon","coordinates":[[[144.964816476485,-37.7981348430205,0],[144.964845823456,-37.7981378049979,0],[144.964856526254,-37.7980710216024,0],[144.964884116572,-37.7980738072213,0],[144.964887450001,-37.7980524086745,0],[144.964916174062,-37.7980553066998,0],[144.964912651515,-37.7980766857581,0],[144.964940240727,-37.7980794704437,0],[144.96493157148,-37.7981335706606,0],[144.96496091848,-37.7981365317086,0],[144.964969586596,-37.7980824305685,0],[144.964993251478,-37.798084819398,0],[144.964995064577,-37.7980874073717,0],[144.965010826201,-37.7980890486272,0],[144.964992918808,-37.7981946005907,0],[144.96498003916,-37.7982705221782,0],[144.964756606687,-37.7982479741028,0],[144.964756865464,-37.7982463663673,0],[144.964756939471,-37.7982459044407,0],[144.964785876,-37.7980608258012,0],[144.964796965078,-37.7980432777503,0],[144.964803111527,-37.7980438967438,0],[144.964799684078,-37.7980652855525,0],[144.964827180395,-37.7980680614496,0],[144.964816476485,-37.7981348430205,0]]]},"properties":{"OBJECTID":47,"building_number":"344","address":"272-278 Faraday Street CARLTON VIC 3053","Extrusion":200,"loc_code":"PAR;344","campus_code":"PAR","GFA_INT":531.55,"GFA_EXT":621.18,"ccLinkList":"PAR;344;0","NO_FLOORS":2,"NAME":"Peter McPhee Centre","PROP_STATU":"Owned - Freehold"}},{"type":"Feature","id":48,"geometry":{"type":"Polygon","coordinates":[[[144.953160390684,-37.7974875785804,0],[144.953479450787,-37.7977422134346,0],[144.953426559149,-37.7977839433489,0],[144.95343425722,-37.7977901853062,0],[144.953383928553,-37.7978292490018,0],[144.953376552374,-37.7978233595884,0],[144.953328784305,-37.7978606663084,0],[144.953009987632,-37.7976062401961,0],[144.953160390684,-37.7974875785804,0]]]},"properties":{"OBJECTID":48,"building_number":"400","address":"Building 400 Veterinary Preclinical Sciences Building 30 Flemington Road PARKVILLE VIC 3052","Extrusion":200,"loc_code":"PAR;400","campus_code":"PAR","GFA_INT":4646.47,"GFA_EXT":5586.96,"ccLinkList":"PAR;400;0","NO_FLOORS":8,"NAME":"Veterinary Preclinical Sciences Building","PROP_STATU":"Owned - Freehold"}},{"type":"Feature","id":49,"geometry":{"type":"Polygon","coordinates":[[[144.954197989347,-37.7978588417357,0],[144.954159320656,-37.7978859883984,0],[144.954168303197,-37.7978940441621,0],[144.954174574447,-37.7978896418175,0],[144.954209647862,-37.7979210993003,0],[144.954119590664,-37.7979843221896,0],[144.954104064917,-37.7979703969319,0],[144.954040160487,-37.7980152593378,0],[144.954013504381,-37.7979913521132,0],[144.953987241692,-37.7980107685795,0],[144.954050771181,-37.798054612427,0],[144.954028330468,-37.798075085696,0],[144.95396565807,-37.7980267274134,0],[144.953942450187,-37.7980438872278,0],[144.954002435341,-37.7980938984543,0],[144.953974977857,-37.7981131914248,0],[144.953916763329,-37.7980625602987,0],[144.953905069701,-37.798073073019,0],[144.953982789749,-37.7981357258956,0],[144.953886211439,-37.7982115644217,0],[144.953880451497,-37.7982078073687,0],[144.953859415006,-37.7982245552059,0],[144.953816297342,-37.7981905499043,0],[144.953783322434,-37.798217254664,0],[144.953746754503,-37.798188677382,0],[144.953408143517,-37.7979185898335,0],[144.95338403282,-37.7978997408518,0],[144.953381028009,-37.7979018307279,0],[144.953377159655,-37.7978987923201,0],[144.953390004257,-37.797889455865,0],[144.95338671249,-37.7978870060334,0],[144.953378191663,-37.797892262306,0],[144.953361159202,-37.7978773014487,0],[144.953356879239,-37.7978709891214,0],[144.953355667043,-37.797863885707,0],[144.953357675897,-37.7978568977498,0],[144.9533626507,-37.7978509147832,0],[144.95340476047,-37.7978277717366,0],[144.953407598834,-37.7978309715777,0],[144.953418878515,-37.7978230723347,0],[144.953417480557,-37.7978213412114,0],[144.95349746591,-37.7977595091781,0],[144.953519394517,-37.7977773442424,0],[144.953534996826,-37.797765363879,0],[144.953470441269,-37.7977231231429,0],[144.953492962463,-37.7977012167052,0],[144.953508789069,-37.7977116416931,0],[144.95352540308,-37.7976994211755,0],[144.953514775622,-37.7976889567707,0],[144.953543949674,-37.7976693134393,0],[144.953609596767,-37.7976136503402,0],[144.953623866196,-37.7976270023108,0],[144.953639747544,-37.7976153205651,0],[144.953635471665,-37.797608530695,0],[144.953627730432,-37.7976095316592,0],[144.953620004572,-37.7976084529741,0],[144.953613158454,-37.7976054141965,0],[144.953607957223,-37.7976007557496,0],[144.953542430005,-37.7974908089827,0],[144.953539749489,-37.7974848939388,0],[144.953539979666,-37.7974786113298,0],[144.953543089709,-37.7974728311569,0],[144.953548648693,-37.7974683533855,0],[144.953620199234,-37.7974195093343,0],[144.95362794311,-37.7974160662273,0],[144.953636748821,-37.7974151756801,0],[144.953645332837,-37.7974169685889,0],[144.953776154535,-37.79748805743,0],[144.953781104158,-37.7974948373737,0],[144.953782566611,-37.7975025858695,0],[144.953780342372,-37.797510219841,0],[144.953806252323,-37.7975218130897,0],[144.953818152803,-37.7975186999293,0],[144.953827615036,-37.7975178063563,0],[144.953830614254,-37.7975175232306,0],[144.953843136806,-37.797518330181,0],[144.953854940608,-37.7975210252237,0],[144.953866382279,-37.7975256902538,0],[144.953876176412,-37.7975319478743,0],[144.953881102458,-37.797535096563,0],[144.95386480469,-37.7975462727561,0],[144.953881396913,-37.7975615079608,0],[144.953902764549,-37.7975471161383,0],[144.954200248129,-37.7978252157148,0],[144.954179284583,-37.797838832389,0],[144.954197989347,-37.7978588417357,0]]]},"properties":{"OBJECTID":49,"building_number":"102","address":"Building 102 David Penington Building 30 Flemington Road PARKVILLE VIC 3052","Extrusion":200,"loc_code":"PAR;102","campus_code":"PAR","GFA_INT":23130.26,"GFA_EXT":23833.13,"ccLinkList":"PAR;102;0","NO_FLOORS":9,"NAME":"David Penington Building","PROP_STATU":"Owned - Freehold"}},{"type":"Feature","id":50,"geometry":{"type":"Polygon","coordinates":[[[144.962592693273,-37.7990702486567,0],[144.962593001368,-37.7990685011962,0],[144.962589313609,-37.7990680913422,0],[144.962618569563,-37.7989008216187,0],[144.962623245894,-37.7989013368901,0],[144.962623856208,-37.7988978490767,0],[144.962783878496,-37.798915191306,0],[144.962781260397,-37.7989301650445,0],[144.962885231147,-37.7989413782269,0],[144.962889941514,-37.7989146947267,0],[144.963183996924,-37.7989473877293,0],[144.963147548746,-37.7991538038361,0],[144.963054494168,-37.7991434582868,0],[144.963052247528,-37.799156611769,0],[144.962980472159,-37.7991488961833,0],[144.962986464021,-37.7991138052292,0],[144.962971956408,-37.7991121926016,0],[144.962971493723,-37.799114813334,0],[144.962965988679,-37.7991142017341,0],[144.962966373497,-37.7991120176274,0],[144.962916822556,-37.7991065086159,0],[144.962916475534,-37.7991084743901,0],[144.962910971651,-37.7991078619067,0],[144.962915484093,-37.7990823059606,0],[144.962788769524,-37.7990684401006,0],[144.962783520273,-37.799094150013,0],[144.962746866525,-37.7990898400179,0],[144.962747368177,-37.7990870000732,0],[144.962592693273,-37.7990702486567,0]]]},"properties":{"OBJECTID":50,"building_number":"168","address":"Doug McDonell Building 168 230 Grattan Street PARKVILLE VIC 3010","Extrusion":200,"loc_code":"PAR;168","campus_code":"PAR","GFA_INT":10147.78,"GFA_EXT":10657.33,"ccLinkList":"PAR;168;0","NO_FLOORS":11,"NAME":"Doug McDonell Building 168","PROP_STATU":"Owned - Freehold"}},{"type":"Feature","id":51,"geometry":{"type":"Polygon","coordinates":[[[144.964267927505,-37.7976973922556,0],[144.963956523693,-37.797664843648,0],[144.963976399229,-37.7975451115931,0],[144.963968029327,-37.7975442378329,0],[144.963987038561,-37.7974297068155,0],[144.963936215804,-37.7974243952422,0],[144.963952003699,-37.7973292820941,0],[144.964002827552,-37.7973345927775,0],[144.964004845382,-37.7973224428325,0],[144.964115947778,-37.7973340539629,0],[144.964113928805,-37.7973462047915,0],[144.964226993749,-37.7973580218706,0],[144.964229004953,-37.7973459051504,0],[144.964326421886,-37.7973560863444,0],[144.964267927505,-37.7976973922556,0]]]},"properties":{"OBJECTID":51,"building_number":"136","address":"Ian Potter Museum of Art Building 136 230 Grattan Street PARKVILLE VIC 3010","Extrusion":200,"loc_code":"PAR;136","campus_code":"PAR","GFA_INT":4006.12,"GFA_EXT":4321.91,"ccLinkList":"PAR;136;0","NO_FLOORS":5,"NAME":"Ian Potter Museum of Art Building 136","PROP_STATU":"Owned - Freehold"}},{"type":"Feature","id":52,"geometry":{"type":"Polygon","coordinates":[[[144.963359289452,-37.7972787513292,0],[144.963399786869,-37.7972818127776,0],[144.963564254151,-37.7973005690317,0],[144.963568970102,-37.7972696572624,0],[144.963945823482,-37.7973107867019,0],[144.963925311464,-37.7974315305888,0],[144.963944550738,-37.7974334078415,0],[144.963925077839,-37.7975457553907,0],[144.963914395748,-37.7975445893203,0],[144.963896232416,-37.7976569297648,0],[144.963515282338,-37.7976181453633,0],[144.963520211517,-37.7975876590366,0],[144.96331158936,-37.7975680651851,0],[144.963359289452,-37.7972787513292,0]],[[144.963523197769,-37.7973914250687,0],[144.963507356528,-37.7975010308773,0],[144.963520377275,-37.797502806971,0],[144.963521611654,-37.7974951610934,0],[144.963534948272,-37.7974965181929,0],[144.963534416058,-37.7974998109061,0],[144.963771478252,-37.7975239469082,0],[144.963787723341,-37.7974302249999,0],[144.963818685991,-37.7974336035738,0],[144.963820812516,-37.7974213428645,0],[144.96354871339,-37.7973948122533,0],[144.963548873733,-37.7973934812824,0],[144.963523197769,-37.7973914250687,0]]]},"properties":{"OBJECTID":52,"building_number":"134","address":"Elizabeth Murdoch Building 134 230 Grattan Street PARKVILLE VIC 3010","Extrusion":200,"loc_code":"PAR;134","campus_code":"PAR","GFA_INT":3232.56,"GFA_EXT":3570.06,"ccLinkList":"PAR;134;0","NO_FLOORS":3,"NAME":"Elizabeth Murdoch Building 134","PROP_STATU":"Owned - Freehold"}},{"type":"Feature","id":53,"geometry":{"type":"Polygon","coordinates":[[[144.963113752073,-37.7980339580952,0],[144.962947407762,-37.7980167908478,0],[144.962947987381,-37.798013261948,0],[144.96286909953,-37.7980044977659,0],[144.962701906786,-37.7979872136629,0],[144.962735570062,-37.7977815668571,0],[144.962876272646,-37.7977960676354,0],[144.962879825177,-37.7977743620348,0],[144.963013334202,-37.797788121807,0],[144.963009664612,-37.7978105346142,0],[144.963148021904,-37.7978247944402,0],[144.963113752073,-37.7980339580952,0]]]},"properties":{"OBJECTID":53,"building_number":"155","address":"Old Geology Building 155 230 Grattan Street PARKVILLE VIC 3010","Extrusion":200,"loc_code":"PAR;155","campus_code":"PAR","GFA_INT":2585.88,"GFA_EXT":3378.74,"ccLinkList":"PAR;155;0","NO_FLOORS":3,"NAME":"Old Geology Building 155","PROP_STATU":"Owned - Freehold"}},{"type":"Feature","id":54,"geometry":{"type":"Polygon","coordinates":[[[144.963113752073,-37.7980339580952,0],[144.963084416146,-37.7981823252902,0],[144.963089036813,-37.7981828395798,0],[144.963087441268,-37.7981918480939,0],[144.963075908354,-37.7981905617924,0],[144.963076375965,-37.7981879267256,0],[144.962843072203,-37.7981640390605,0],[144.962834109099,-37.7982189820296,0],[144.963076879115,-37.7982451431071,0],[144.963065168958,-37.7983135616564,0],[144.963042424559,-37.7983111108593,0],[144.963033596937,-37.7983617467544,0],[144.962968978348,-37.7983546533122,0],[144.962972370461,-37.7983351906712,0],[144.962646498179,-37.7983000740787,0],[144.962685185486,-37.7980740313443,0],[144.962818662587,-37.798089880622,0],[144.962824137672,-37.7980579727031,0],[144.962859747445,-37.7980618194279,0],[144.96286909953,-37.7980044977659,0],[144.962947987381,-37.798013261948,0],[144.962947407762,-37.7980167908478,0],[144.963113752073,-37.7980339580952,0]]]},"properties":{"OBJECTID":54,"building_number":"156","address":"Old Geology South Building 156 230 Grattan Street PARKVILLE VIC 3010","Extrusion":200,"loc_code":"PAR;156","campus_code":"PAR","GFA_INT":1176.73,"GFA_EXT":1272.91,"ccLinkList":"PAR;156;0","NO_FLOORS":3,"NAME":"Old Geology South Building 156","PROP_STATU":"Owned - Freehold"}},{"type":"Feature","id":55,"geometry":{"type":"Polygon","coordinates":[[[144.960388000263,-37.799699598581,0],[144.960451718467,-37.7997056009493,0],[144.960443902493,-37.7997578266927,0],[144.960466899243,-37.7997599930884,0],[144.960463363592,-37.7997836147959,0],[144.96044036908,-37.7997814493394,0],[144.960439026123,-37.7997904279412,0],[144.960374594194,-37.7997843582318,0],[144.960375316737,-37.7997795197083,0],[144.960320410439,-37.7997743476092,0],[144.960319684487,-37.7997791860733,0],[144.960256668612,-37.7997732480662,0],[144.960169941167,-37.7997650780251,0],[144.960177148338,-37.7997169069679,0],[144.960263876838,-37.7997250779225,0],[144.960267518547,-37.7997007407212,0],[144.960330006507,-37.7997066281241,0],[144.960329598422,-37.7997093660423,0],[144.960385747342,-37.7997146551834,0],[144.960388000263,-37.799699598581,0]]]},"properties":{"OBJECTID":55,"building_number":"187","address":"Gatekeepers Cottage 230 Grattan Street PARKVILLE VIC 3010","Extrusion":200,"loc_code":"PAR;187","campus_code":"PAR","GFA_INT":97.66,"GFA_EXT":124.58,"ccLinkList":"PAR;187;0","NO_FLOORS":1,"NAME":"Gatekeepers Cottage","PROP_STATU":"Owned - Freehold"}},{"type":"Feature","id":56,"geometry":{"type":"Polygon","coordinates":[[[144.958477399687,-37.7986682461986,0],[144.958827493707,-37.7986954853156,0],[144.958807027583,-37.7988611076088,0],[144.958114185345,-37.7988072007477,0],[144.958134653016,-37.7986415777171,0],[144.958130397516,-37.7986412479976,0],[144.958154695826,-37.7984824709334,0],[144.958432142525,-37.7985035158448,0],[144.958501515059,-37.7985086620335,0],[144.958477399687,-37.7986682461986,0]]]},"properties":{"OBJECTID":56,"building_number":"184","address":"Melbourne Integrative Genomics Building 184 230 Grattan Street PARKVILLE VIC 3010","Extrusion":200,"loc_code":"PAR;184","campus_code":"PAR","GFA_INT":7762.13,"GFA_EXT":10300.22,"ccLinkList":"PAR;184;0","NO_FLOORS":7,"NAME":"Melbourne Integrative Genomics Building 184","PROP_STATU":"Owned - Freehold"}},{"type":"Feature","id":57,"geometry":{"type":"Polygon","coordinates":[[[144.958516420399,-37.7970365957319,0],[144.958529962522,-37.7969286324137,0],[144.958522881066,-37.7969280725843,0],[144.95853339636,-37.7968442489034,0],[144.958453069484,-37.7968379062334,0],[144.958465742551,-37.7967368840436,0],[144.958544574579,-37.7967431097718,0],[144.958575309765,-37.7964962017356,0],[144.958735619374,-37.7965088628577,0],[144.958708858431,-37.7967222313137,0],[144.95875110892,-37.7967254950666,0],[144.958745363493,-37.7967723215974,0],[144.958702986041,-37.796769048432,0],[144.958683068364,-37.7969278421255,0],[144.958785669847,-37.7969359450228,0],[144.958770528824,-37.7970566647649,0],[144.958516420399,-37.7970365957319,0]]]},"properties":{"OBJECTID":57,"building_number":"142","address":"Faculty of Vet & Ag Science Building 142 230 Grattan Street PARKVILLE VIC 3010","Extrusion":200,"loc_code":"PAR;142","campus_code":"PAR","GFA_INT":2633.64,"GFA_EXT":2876.83,"ccLinkList":"PAR;142;0","NO_FLOORS":3,"NAME":"Faculty of Vet & Ag Science Building 142","PROP_STATU":"Owned - Freehold"}},{"type":"Feature","id":58,"geometry":{"type":"Polygon","coordinates":[[[144.960040904195,-37.7962370306256,0],[144.960356965516,-37.7962681733266,0],[144.960346527438,-37.7963287896057,0],[144.960526606567,-37.7963462082593,0],[144.960511286999,-37.796445945758,0],[144.960512774183,-37.7964460895678,0],[144.96051220844,-37.7964497709946,0],[144.960508492195,-37.7964494110494,0],[144.960501413532,-37.7964954927482,0],[144.960387935472,-37.7964854303611,0],[144.960352084738,-37.7964887250641,0],[144.960261566021,-37.7965059342229,0],[144.960262421074,-37.7965012728211,0],[144.960257281443,-37.7965006791411,0],[144.960260221843,-37.7964846548603,0],[144.960262764464,-37.7964849494269,0],[144.960266900563,-37.7964624078107,0],[144.960212883706,-37.7964565743082,0],[144.960204521602,-37.7965082688215,0],[144.960202620148,-37.7965080745759,0],[144.960202210994,-37.7965106043045,0],[144.960196011668,-37.7965099733423,0],[144.960196444084,-37.7965072998282,0],[144.960164743062,-37.7965040724328,0],[144.960161754367,-37.7965225533863,0],[144.960051425436,-37.7965116692764,0],[144.96004588718,-37.7965402623361,0],[144.960050337284,-37.7965406971892,0],[144.960049597818,-37.7965454498081,0],[144.960034896411,-37.7965440082958,0],[144.960027393455,-37.7965921679376,0],[144.959992743191,-37.7965887704521,0],[144.960000261729,-37.7965404993367,0],[144.959987243441,-37.7965392212499,0],[144.959988182446,-37.7965332014273,0],[144.959993022119,-37.7965336763745,0],[144.959993444578,-37.7965309522229,0],[144.959935802251,-37.7965252973056,0],[144.959941039257,-37.796491680374,0],[144.960006334705,-37.7964980842656,0],[144.960007482035,-37.7964907252967,0],[144.959930477606,-37.796483172333,0],[144.959932239403,-37.7964712703581,0],[144.959919566324,-37.7964664439991,0],[144.959938517847,-37.7963516243099,0],[144.959952883466,-37.7963472302979,0],[144.959956569261,-37.7963271483174,0],[144.959968186626,-37.7963284895535,0],[144.959968609999,-37.7963261862677,0],[144.959993089979,-37.7963290137687,0],[144.959992667766,-37.7963313161736,0],[144.960004064352,-37.7963326328546,0],[144.960004485429,-37.79633033043,0],[144.960025870266,-37.796332802414,0],[144.96002556833,-37.7963344481415,0],[144.960028056608,-37.7963347363646,0],[144.960040904195,-37.7962370306256,0]]]},"properties":{"OBJECTID":58,"building_number":"112","address":"University House Building 112 230 Grattan Street PARKVILLE VIC 3010","Extrusion":200,"loc_code":"PAR;112","campus_code":"PAR","GFA_INT":1831.43,"GFA_EXT":2053.17,"ccLinkList":"PAR;112;0","NO_FLOORS":3,"NAME":"University House Building 112","PROP_STATU":"Owned - Freehold"}},{"type":"Feature","id":59,"geometry":{"type":"Polygon","coordinates":[[[144.961417725256,-37.7966248921681,0],[144.961405660141,-37.7966908937584,0],[144.961395602622,-37.7966897355693,0],[144.961383985157,-37.7967511849453,0],[144.961400269453,-37.7967530511101,0],[144.961391687683,-37.7968002062837,0],[144.961381840567,-37.7967990778697,0],[144.961378053215,-37.7968198925996,0],[144.961405771875,-37.7968230687563,0],[144.961332245974,-37.7972270916916,0],[144.9610935976,-37.7971997457775,0],[144.961116115612,-37.7970760137112,0],[144.960806477422,-37.7970407793366,0],[144.960812011347,-37.7970101873528,0],[144.960781730567,-37.7970064322917,0],[144.96076413352,-37.7970957848579,0],[144.960495040934,-37.7970638363302,0],[144.960500779046,-37.7970323079705,0],[144.960311684571,-37.7970112068058,0],[144.960309205112,-37.7970259972472,0],[144.960231397247,-37.7970177808096,0],[144.96023657031,-37.7969869392872,0],[144.960279852618,-37.7969915099505,0],[144.960283604471,-37.7969703458895,0],[144.960264027495,-37.7969681611978,0],[144.960278960583,-37.7968838947782,0],[144.960298825095,-37.7968861123838,0],[144.96030907062,-37.7968282900361,0],[144.960291229314,-37.7968263003266,0],[144.960296868938,-37.7967944737832,0],[144.960295372398,-37.7967942982674,0],[144.960305241443,-37.7967411203769,0],[144.960325378902,-37.7967439419884,0],[144.960328223735,-37.7967247033523,0],[144.96028704536,-37.796720362001,0],[144.960292288263,-37.7966890440596,0],[144.960333259386,-37.7966933637959,0],[144.960340836648,-37.7966486479193,0],[144.96053186126,-37.796669032674,0],[144.960517659198,-37.796752828761,0],[144.96055289449,-37.7967568850725,0],[144.960570700181,-37.7966590434487,0],[144.960580719294,-37.7966162163555,0],[144.96059154176,-37.7965601180093,0],[144.960738111544,-37.7965762414064,0],[144.960736634512,-37.7965846896051,0],[144.960740932536,-37.7965851623517,0],[144.960730463911,-37.7966359552976,0],[144.960691447627,-37.7966357942422,0],[144.960685310691,-37.7966726200407,0],[144.960724054852,-37.7966770605857,0],[144.960717143741,-37.7967150300923,0],[144.960749070133,-37.7967196887083,0],[144.9607533006,-37.7966991619397,0],[144.961129529259,-37.7967422748311,0],[144.961126590032,-37.7967584280238,0],[144.961151974242,-37.7967613367266,0],[144.961158617814,-37.7967248287769,0],[144.961173651138,-37.796726550755,0],[144.961184602756,-37.7966654503452,0],[144.961173267093,-37.7966641456467,0],[144.961185331298,-37.7965981431654,0],[144.961417725256,-37.7966248921681,0]]]},"properties":{"OBJECTID":59,"building_number":"130","address":"Union House Building 130 230 Grattan Street PARKVILLE VIC 3010","Extrusion":200,"loc_code":"PAR;130","campus_code":"PAR","GFA_INT":14842.58,"GFA_EXT":16007.74,"ccLinkList":"PAR;130;0","NO_FLOORS":8,"NAME":"Union House Building 130","PROP_STATU":"Owned - Freehold"}},{"type":"Feature","id":60,"geometry":{"type":"Polygon","coordinates":[[[144.962053656302,-37.7967064285677,0],[144.962068472478,-37.7966312572626,0],[144.962029405575,-37.796626408748,0],[144.962033471269,-37.7966057898608,0],[144.961821628276,-37.796579496882,0],[144.961796494613,-37.7967070039313,0],[144.961686323633,-37.7966933286288,0],[144.961749365891,-37.7963735075725,0],[144.962062055995,-37.7964113732292,0],[144.962062378068,-37.7964097783104,0],[144.962149769404,-37.7964208899378,0],[144.962186828755,-37.7964267977029,0],[144.962302877667,-37.7964403498463,0],[144.962290002472,-37.7965166019402,0],[144.962319698457,-37.7965200193656,0],[144.962291441812,-37.7966640848118,0],[144.96228760163,-37.7966635641708,0],[144.962278846952,-37.7967069485991,0],[144.962285351002,-37.7967078983345,0],[144.96227657082,-37.7967545662138,0],[144.962198297988,-37.796745294061,0],[144.962049881268,-37.7967277112463,0],[144.962047613163,-37.7967273863228,0],[144.962045446433,-37.796726761259,0],[144.962043445309,-37.7967258542888,0],[144.962041667016,-37.7967246907341,0],[144.962040160559,-37.796723305688,0],[144.962038974845,-37.7967217378462,0],[144.962038139284,-37.7967200327766,0],[144.962037679783,-37.7967182395911,0],[144.962037609613,-37.7967164125902,0],[144.962037931953,-37.7967146013935,0],[144.962038635102,-37.7967128598692,0],[144.962039699536,-37.7967112372444,0],[144.96204109554,-37.7967097816683,0],[144.962042782195,-37.7967085356894,0],[144.962044709725,-37.7967075335922,0],[144.962046825072,-37.7967068050986,0],[144.962049064049,-37.7967063716274,0],[144.962051361608,-37.7967062446691,0],[144.962053656302,-37.7967064285677,0]]]},"properties":{"OBJECTID":60,"building_number":"113","address":"Baldwin Spencer Building 113 230 Grattan Street PARKVILLE VIC 3010","Extrusion":200,"loc_code":"PAR;113","campus_code":"PAR","GFA_INT":2903.37,"GFA_EXT":3341.55,"ccLinkList":"PAR;113;0","NO_FLOORS":3,"NAME":"Baldwin Spencer Building 113","PROP_STATU":"Owned - Freehold"}},{"type":"Feature","id":61,"geometry":{"type":"Polygon","coordinates":[[[144.959987715262,-37.797052695259,0],[144.960054170823,-37.797060252006,0],[144.960052580467,-37.7970690596037,0],[144.9600646695,-37.7970704333337,0],[144.960062450716,-37.7970827230105,0],[144.96027561613,-37.7971069612505,0],[144.960277442198,-37.7970968501233,0],[144.960287932631,-37.7970980429418,0],[144.960289923295,-37.7970870262781,0],[144.960353801093,-37.7970942876817,0],[144.960351946713,-37.797104561433,0],[144.960365102239,-37.7971060563378,0],[144.960339398552,-37.7972484072745,0],[144.96033162778,-37.7972843008697,0],[144.960316703911,-37.7973669507376,0],[144.96015663082,-37.7973487508979,0],[144.960162397083,-37.797316824725,0],[144.959932493457,-37.7972906841078,0],[144.959948738706,-37.7972007215967,0],[144.959934782783,-37.7971991343773,0],[144.959944204221,-37.7971469643971,0],[144.959958812292,-37.7971486241925,0],[144.959974774787,-37.7970602266286,0],[144.959986122256,-37.7970615163275,0],[144.959987715262,-37.797052695259,0]]]},"properties":{"OBJECTID":61,"building_number":"143","address":"Biosciences 3, Parkville","Extrusion":200,"loc_code":"PAR;143","campus_code":"PAR","GFA_INT":2237.6,"GFA_EXT":2799.08,"ccLinkList":"PAR;143;0","NO_FLOORS":4,"NAME":"Biosciences 3","PROP_STATU":"Owned - Freehold"}},{"type":"Feature","id":62,"geometry":{"type":"Polygon","coordinates":[[[144.962582523263,-37.7992165501414,0],[144.963096426027,-37.799273887399,0],[144.963052361145,-37.7995225577138,0],[144.962538457819,-37.7994652211377,0],[144.962582523263,-37.7992165501414,0]]]},"properties":{"OBJECTID":62,"building_number":"171","address":"ERC Library Building 171 230 Grattan Street PARKVILLE VIC 3010","Extrusion":200,"loc_code":"PAR;171","campus_code":"PAR","GFA_INT":6947.58,"GFA_EXT":7462.78,"ccLinkList":"PAR;171;0","NO_FLOORS":6,"NAME":"ERC Library Building 171","PROP_STATU":"Owned - Freehold"}},{"type":"Feature","id":63,"geometry":{"type":"Polygon","coordinates":[[[144.962364121364,-37.7996735471217,0],[144.962206891156,-37.7996557191234,0],[144.962188582431,-37.7996536432032,0],[144.962225858422,-37.7994350668566,0],[144.962077532755,-37.7994191410605,0],[144.962096074837,-37.7993143386594,0],[144.962365806955,-37.7993433000683,0],[144.96238452036,-37.7992335702365,0],[144.962504637115,-37.799246467163,0],[144.962446012083,-37.7995902524423,0],[144.962430523476,-37.7996810772965,0],[144.962364121364,-37.7996735471217,0]]]},"properties":{"OBJECTID":63,"building_number":"169","address":"Mechanical Engineering Building 169-170 230 Grattan Street PARKVILLE VIC 3010","Extrusion":200,"loc_code":"PAR;169","campus_code":"PAR","GFA_INT":1422.65,"GFA_EXT":1540.68,"ccLinkList":"PAR;169;0","NO_FLOORS":2,"NAME":"Mechanical Engineering Building 169-170","PROP_STATU":"Owned - Freehold"}},{"type":"Feature","id":64,"geometry":{"type":"Polygon","coordinates":[[[144.961018825646,-37.799866026226,0],[144.961035644682,-37.7997773955526,0],[144.961040246072,-37.7997510671176,0],[144.961560817241,-37.7998083463314,0],[144.961556160746,-37.7998349919506,0],[144.961593454239,-37.7998392178686,0],[144.961577753915,-37.7999213443689,0],[144.961541351595,-37.7999172131753,0],[144.961539835507,-37.7999256363723,0],[144.961542102456,-37.799925882884,0],[144.96153484703,-37.7999676611459,0],[144.961011230193,-37.7999085122978,0],[144.961018825646,-37.799866026226,0]]]},"properties":{"OBJECTID":64,"building_number":"174","address":"Infrastructure Engineering Building 174-176 230 Grattan Street PARKVILLE VIC 3010","Extrusion":200,"loc_code":"PAR;174","campus_code":"PAR","GFA_INT":4030.61,"GFA_EXT":5012.04,"ccLinkList":"PAR;174;0","NO_FLOORS":7,"NAME":"Infrastructure Engineering Building (Block C) 174-176","PROP_STATU":"Owned - Freehold"}},{"type":"Feature","id":65,"geometry":{"type":"Polygon","coordinates":[[[144.958987653885,-37.7982639018676,0],[144.958964780709,-37.7984520470665,0],[144.958941739232,-37.7984502842354,0],[144.95892601114,-37.7985796586149,0],[144.958569093129,-37.7985523384508,0],[144.958576859855,-37.7984884543531,0],[144.958538457456,-37.7984855140703,0],[144.958540442482,-37.7984691858051,0],[144.958146362651,-37.7984390203753,0],[144.958152169247,-37.7983912712451,0],[144.958101578133,-37.7983873976418,0],[144.95814507988,-37.7980295878905,0],[144.958645509521,-37.7980678969837,0],[144.95894666868,-37.798115289392,0],[144.958944564733,-37.7981325996906,0],[144.958974219997,-37.7981374312071,0],[144.958959722501,-37.7982566796693,0],[144.958987653885,-37.7982639018676,0]]]},"properties":{"OBJECTID":65,"building_number":"144","address":"Kenneth Myer Building 144 30 Royal Parade PARKVILLE VIC 3010","Extrusion":200,"loc_code":"PAR;144","campus_code":"PAR","GFA_INT":34167.77,"GFA_EXT":37955.2,"ccLinkList":"PAR;144;0","NO_FLOORS":12,"NAME":"Kenneth Myer Building 144","PROP_STATU":"Owned - Freehold"}},{"type":"Feature","id":66,"geometry":{"type":"Polygon","coordinates":[[[144.962398648758,-37.798076341007,0],[144.962386069844,-37.798074849996,0],[144.962365800115,-37.7981892372442,0],[144.962319806589,-37.7981836138115,0],[144.962301127075,-37.7982847217687,0],[144.962241038405,-37.7982777306425,0],[144.962249034024,-37.7982344529517,0],[144.962231247895,-37.7982323833811,0],[144.962235314229,-37.798210379393,0],[144.962251454308,-37.7982122573669,0],[144.962258139651,-37.7981760754062,0],[144.962175953776,-37.7981660253851,0],[144.962169894583,-37.7982016549397,0],[144.962122415487,-37.7981965716626,0],[144.962119069189,-37.7982162603643,0],[144.961785883272,-37.7981779463257,0],[144.961848225538,-37.7978026501906,0],[144.961761895829,-37.7977929364009,0],[144.961777312894,-37.7977066676325,0],[144.962139325619,-37.7977474027257,0],[144.962141733198,-37.7977332733653,0],[144.962149385277,-37.7977270416627,0],[144.962208077497,-37.7977346196655,0],[144.962222064391,-37.7977265312053,0],[144.962442091217,-37.797750178653,0],[144.962402384627,-37.7979827939897,0],[144.962414853915,-37.7979842236243,0],[144.962398648758,-37.798076341007,0]]]},"properties":{"OBJECTID":66,"building_number":"153","address":"Chemistry Building 153 230 Grattan Street PARKVILLE VIC 3010","Extrusion":200,"loc_code":"PAR;153","campus_code":"PAR","GFA_INT":10576.63,"GFA_EXT":13977.61,"ccLinkList":"PAR;153;0","NO_FLOORS":6,"NAME":"Chemistry Building 153","PROP_STATU":"Owned - Freehold"}},{"type":"Feature","id":67,"geometry":{"type":"Polygon","coordinates":[[[144.960363069323,-37.7979305752778,0],[144.960357246891,-37.7979627690362,0],[144.96038544182,-37.7979659852273,0],[144.960377935453,-37.7980058476808,0],[144.960369330146,-37.7980590717854,0],[144.960308640779,-37.7980522152629,0],[144.96029036505,-37.7981572076323,0],[144.959877909577,-37.7981118008319,0],[144.959894464943,-37.7980112792101,0],[144.959889897814,-37.7980044448634,0],[144.959818873468,-37.7979963582751,0],[144.95983291569,-37.7979187001546,0],[144.959836792152,-37.7979191422011,0],[144.959839779164,-37.7979026267004,0],[144.959855229605,-37.7979043858142,0],[144.959865311535,-37.797852776107,0],[144.959833224576,-37.7978493148337,0],[144.959847232561,-37.7977740550509,0],[144.959828117996,-37.797771815213,0],[144.959849079232,-37.7976538546329,0],[144.959868523907,-37.7976558181173,0],[144.959881700278,-37.7975833727171,0],[144.959869365756,-37.7975819613712,0],[144.959875720203,-37.7975468245959,0],[144.959887255203,-37.7975482356081,0],[144.959898772554,-37.7974889483962,0],[144.959881322377,-37.7974868130998,0],[144.959882928693,-37.7974785410813,0],[144.9598819393,-37.7974784248118,0],[144.959894010726,-37.7974116710286,0],[144.959894962758,-37.7974117830461,0],[144.959896233382,-37.7974046082533,0],[144.959924814942,-37.7974077979066,0],[144.95992525437,-37.7974054480383,0],[144.960141819538,-37.7974301076984,0],[144.960185720694,-37.7974378288214,0],[144.960329489256,-37.7974541989092,0],[144.960318272963,-37.797516220148,0],[144.960397418455,-37.797525248231,0],[144.960409781215,-37.7975270781571,0],[144.960394036446,-37.7976073680494,0],[144.960409013427,-37.7976087494072,0],[144.960402731867,-37.7976446309476,0],[144.960387928473,-37.7976426776441,0],[144.960376407538,-37.7977066086133,0],[144.960410355908,-37.7977099857245,0],[144.960387749747,-37.7978359212831,0],[144.960387402404,-37.7978442962194,0],[144.960351720912,-37.7978404646289,0],[144.960336629338,-37.7979266883609,0],[144.960363069323,-37.7979305752778,0]]]},"properties":{"OBJECTID":67,"building_number":"149","address":"Old Arts Building 149 230 Grattan Street PARKVILLE VIC 3010","Extrusion":200,"loc_code":"PAR;149","campus_code":"PAR","GFA_INT":6480.49,"GFA_EXT":7301.08,"ccLinkList":"PAR;149;0","NO_FLOORS":3,"NAME":"Old Arts Building 149","PROP_STATU":"Owned - Freehold"}},{"type":"Feature","id":68,"geometry":{"type":"Polygon","coordinates":[[[144.96038544182,-37.7979659852273,0],[144.960357246891,-37.7979627690362,0],[144.960363069323,-37.7979305752778,0],[144.960436918715,-37.7979395909155,0],[144.960452863563,-37.7978624333756,0],[144.960498025285,-37.7978683089764,0],[144.960503961036,-37.7978372778892,0],[144.960599108964,-37.7978487376934,0],[144.960593000882,-37.7978806678802,0],[144.960636239921,-37.7978862947502,0],[144.960627463918,-37.7979287612666,0],[144.960652867116,-37.7979320669281,0],[144.960700655353,-37.7976783397181,0],[144.960677788103,-37.7976756997955,0],[144.960683845977,-37.7976426611858,0],[144.960687504927,-37.7976430832163,0],[144.960691172557,-37.7976230793029,0],[144.960676674531,-37.7976095683126,0],[144.960680508096,-37.7975858021524,0],[144.960700219051,-37.7975737477852,0],[144.960704466429,-37.7975505853696,0],[144.960889578555,-37.7975727957039,0],[144.960896799987,-37.7975348991535,0],[144.960848469989,-37.7975291013202,0],[144.960870367829,-37.7974141883141,0],[144.960957653929,-37.7974246609811,0],[144.960957487427,-37.7974256773303,0],[144.961050235432,-37.7974363850831,0],[144.96114017693,-37.7974461105537,0],[144.961120646209,-37.7975613151241,0],[144.96107354428,-37.7975562866224,0],[144.961067009169,-37.7975948340022,0],[144.961152490484,-37.7976039586589,0],[144.961159087697,-37.7975655880786,0],[144.961260265064,-37.7975765416351,0],[144.96125375251,-37.7976147676964,0],[144.961248430375,-37.797614199737,0],[144.961231613996,-37.7977059044414,0],[144.961214431009,-37.7977039199582,0],[144.961145348117,-37.7980902231637,0],[144.961069529736,-37.7980813937652,0],[144.961069392328,-37.7980819302904,0],[144.961017159404,-37.7980761018966,0],[144.961022637205,-37.7980451971283,0],[144.960768259833,-37.7980152675739,0],[144.960762990885,-37.7980488569494,0],[144.96071441048,-37.7980440586336,0],[144.960714638456,-37.7980428306714,0],[144.96063377923,-37.7980334081414,0],[144.960640234424,-37.7979991390999,0],[144.96038544182,-37.7979659852273,0]],[[144.960798457884,-37.7979094722484,0],[144.960800201556,-37.7979000842338,0],[144.961035399858,-37.7979275837086,0],[144.961033485477,-37.7979378942809,0],[144.961041131393,-37.7979387881574,0],[144.961080135822,-37.7977220327134,0],[144.96082902994,-37.7976936450836,0],[144.960828910111,-37.7976943270026,0],[144.960826378474,-37.7976940443533,0],[144.960786149002,-37.7979080344066,0],[144.960798457884,-37.7979094722484,0]]]},"properties":{"OBJECTID":68,"building_number":"150","address":"Old Quad Building 150 230 Grattan Street PARKVILLE VIC 3010","Extrusion":200,"loc_code":"PAR;150","campus_code":"PAR","GFA_INT":4842.44,"GFA_EXT":5962.45,"ccLinkList":"PAR;150;0","NO_FLOORS":4,"NAME":"Old Quad Building 150","PROP_STATU":"Owned - Freehold"}},{"type":"Feature","id":69,"geometry":{"type":"Polygon","coordinates":[[[144.962940925712,-37.7998215000597,0],[144.962941064153,-37.7998241086604,0],[144.962940640898,-37.7998266994344,0],[144.962939669479,-37.7998291933118,0],[144.962938175639,-37.7998315213474,0],[144.962936204495,-37.7998336122274,0],[144.962933814465,-37.7998354065834,0],[144.962931075095,-37.79983685335,0],[144.962928064816,-37.799837908825,0],[144.962924871927,-37.7998385420935,0],[144.962921590058,-37.7998387349491,0],[144.962918314739,-37.7998384827361,0],[144.962910042535,-37.7998912549945,0],[144.962810408029,-37.7998794959225,0],[144.962820108066,-37.7998277513829,0],[144.962801339759,-37.799825535134,0],[144.962809989897,-37.7997793885719,0],[144.96282393342,-37.7997810338178,0],[144.962827911301,-37.7997598078018,0],[144.962851961744,-37.7997626065632,0],[144.962878289317,-37.799620147823,0],[144.962863679523,-37.7996184478016,0],[144.962873479353,-37.7995654244074,0],[144.962882975401,-37.7995665304065,0],[144.962891749486,-37.7995190522366,0],[144.96294258313,-37.7995249673514,0],[144.962944844318,-37.7995127324242,0],[144.962992487756,-37.7995182742174,0],[144.962990226526,-37.7995305109472,0],[144.963002647964,-37.7995319559157,0],[144.962961828775,-37.7997528359318,0],[144.962986687567,-37.799755727952,0],[144.962994588135,-37.7997118501907,0],[144.962997440118,-37.7997121743824,0],[144.963017296152,-37.7996019153937,0],[144.963155506727,-37.7996175857546,0],[144.963127675526,-37.7997721330882,0],[144.963177335395,-37.7997779106482,0],[144.963208706326,-37.7996081567699,0],[144.963186500106,-37.7996055729187,0],[144.963194525645,-37.7995621433859,0],[144.963243480092,-37.7995678384238,0],[144.963244339197,-37.7995631896873,0],[144.963348243658,-37.7995752799723,0],[144.963337547639,-37.7996331569742,0],[144.963303394299,-37.799629183276,0],[144.963274213962,-37.7997870867309,0],[144.963497159886,-37.7998130266916,0],[144.963515555536,-37.7997134871005,0],[144.963604543632,-37.7997238412775,0],[144.963603912557,-37.7997272593463,0],[144.96363556135,-37.7997307904271,0],[144.963627572234,-37.79977587969,0],[144.963602898109,-37.7997731270761,0],[144.963587968568,-37.799857375055,0],[144.963611896536,-37.7998600453788,0],[144.963591715519,-37.799973936908,0],[144.963529655281,-37.7999670132629,0],[144.963530549099,-37.7999619686065,0],[144.963489582536,-37.7999572030576,0],[144.963499340847,-37.799904395174,0],[144.963496363346,-37.799904009346,0],[144.963493505413,-37.7999032398815,0],[144.963490845989,-37.7999021070705,0],[144.963488458023,-37.7999006428146,0],[144.963486407451,-37.7998988861035,0],[144.963484749745,-37.7998968847578,0],[144.963483528779,-37.7998946954093,0],[144.963482780481,-37.7998923745522,0],[144.963482523453,-37.7998899891955,0],[144.96348276507,-37.799887601648,0],[144.963483500044,-37.7998852803078,0],[144.963484707446,-37.7998830842906,0],[144.963486351463,-37.7998810769607,0],[144.963486448546,-37.7998775424179,0],[144.963373784889,-37.7998647501458,0],[144.963373339003,-37.7998668836329,0],[144.963366739728,-37.7998710852425,0],[144.963359561798,-37.7998725787177,0],[144.963334579069,-37.7998699793174,0],[144.963329109872,-37.7998676471044,0],[144.963320067498,-37.7999177890546,0],[144.963231056498,-37.7999076829894,0],[144.963224390772,-37.7999446493637,0],[144.963170139319,-37.7999384896099,0],[144.963176805071,-37.7999015232394,0],[144.963085321398,-37.7998911363858,0],[144.963094332632,-37.799842009544,0],[144.963085701732,-37.7998425244248,0],[144.963063787553,-37.7998393949815,0],[144.963056334465,-37.7998349467198,0],[144.963053306779,-37.7998296080408,0],[144.962979408456,-37.7998212176927,0],[144.962978587021,-37.7998257760596,0],[144.962940925712,-37.7998215000597,0]]]},"properties":{"OBJECTID":69,"building_number":"198","address":"1888 Building 198 230 Grattan Street PARKVILLE VIC 3010","Extrusion":200,"loc_code":"PAR;198","campus_code":"PAR","GFA_INT":2660.24,"GFA_EXT":3496.52,"ccLinkList":"PAR;198;0","NO_FLOORS":3,"NAME":"1888 Building 198","PROP_STATU":"Owned - Freehold"}},{"type":"Feature","id":70,"geometry":{"type":"Polygon","coordinates":[[[144.963260397314,-37.7987525316985,0],[144.963256422285,-37.7987563371134,0],[144.963251783143,-37.7987596362953,0],[144.963246580677,-37.798762357091,0],[144.96324093238,-37.798764439351,0],[144.963234956438,-37.7987658391594,0],[144.963228787742,-37.7987665246043,0],[144.963214114315,-37.7988493395967,0],[144.963221344234,-37.7988530612435,0],[144.963227681373,-37.7988576965632,0],[144.963232940879,-37.798863111688,0],[144.963236977044,-37.7988691536013,0],[144.96323967081,-37.7988756499214,0],[144.963240946699,-37.7988824127992,0],[144.963240767982,-37.7988892496485,0],[144.963239141162,-37.7988959650261,0],[144.963236107885,-37.7989023658993,0],[144.963231759469,-37.7989082700067,0],[144.96322621981,-37.7989135082675,0],[144.963219647497,-37.798917930224,0],[144.963212228831,-37.7989214102298,0],[144.963204176665,-37.7989238483308,0],[144.963195723468,-37.798925174651,0],[144.963187107655,-37.7989253509585,0],[144.963178578102,-37.798924371645,0],[144.963170378128,-37.7989222679542,0],[144.963162743549,-37.7989190962332,0],[144.962992108334,-37.7989013258209,0],[144.962989085332,-37.7989183896016,0],[144.962769426591,-37.7988955146068,0],[144.962770681836,-37.7988884359416,0],[144.962624380203,-37.7988731992135,0],[144.962641876745,-37.7987744633716,0],[144.96264345541,-37.7987746276622,0],[144.962675391919,-37.7985944002928,0],[144.962642610414,-37.7985909863418,0],[144.962665374473,-37.7984625234477,0],[144.962771259935,-37.7984735499614,0],[144.962772046453,-37.798467947427,0],[144.962774005633,-37.7984625291932,0],[144.962777085542,-37.7984574493642,0],[144.962781193652,-37.7984528514288,0],[144.962786218459,-37.7984488668323,0],[144.9627920149,-37.798445608416,0],[144.962798419183,-37.7984431679698,0],[144.962805247677,-37.7984416153126,0],[144.962812309499,-37.7984409949045,0],[144.962819400884,-37.7984413239478,0],[144.962826323328,-37.7984425936015,0],[144.962832876822,-37.7984447670619,0],[144.962838877944,-37.7984477825798,0],[144.96284415751,-37.7984515561226,0],[144.962851307937,-37.7984574662789,0],[144.962859640553,-37.7984623046573,0],[144.962868902644,-37.7984659272036,0],[144.962878815635,-37.7984682218582,0],[144.962889080438,-37.798469120365,0],[144.962899384341,-37.7984685956861,0],[144.962909419145,-37.7984666632174,0],[144.962918881137,-37.7984633816889,0],[144.962925151573,-37.7984608524075,0],[144.962931848153,-37.7984591406561,0],[144.962938800474,-37.7984582894471,0],[144.962945835324,-37.7984583201161,0],[144.962952775567,-37.7984592314014,0],[144.962959448043,-37.798461001383,0],[144.962965682481,-37.7984635856614,0],[144.96297132734,-37.7984669194342,0],[144.962976236192,-37.7984709172601,0],[144.962978957562,-37.7984731415791,0],[144.962982106278,-37.7984749821788,0],[144.962985590691,-37.7984763852057,0],[144.962989320954,-37.7984773139595,0],[144.962993192163,-37.798477742294,0],[144.962997098996,-37.7984776593755,0],[144.963000934647,-37.7984770669612,0],[144.963004596458,-37.798475981299,0],[144.963007982557,-37.7984744312669,0],[144.963011002003,-37.798472461252,0],[144.963018624241,-37.7984690523678,0],[144.9630268472,-37.7984666794143,0],[144.963035448827,-37.7984654052378,0],[144.96304419651,-37.7984652636641,0],[144.963052856132,-37.7984662605566,0],[144.963061193358,-37.7984683684316,0],[144.9630689838,-37.7984715284359,0],[144.963076017385,-37.7984756567313,0],[144.963082106348,-37.7984806428302,0],[144.963087085164,-37.7984863522974,0],[144.963092876839,-37.7984903365508,0],[144.96309942467,-37.7984935020955,0],[144.963106544892,-37.7984957583387,0],[144.963114039396,-37.7984970405737,0],[144.963121697834,-37.7984973163243,0],[144.963129306967,-37.7984965755942,0],[144.963136654961,-37.7984948399522,0],[144.96314353605,-37.7984921581079,0],[144.963149758535,-37.7984886042469,0],[144.963155825728,-37.7984856595995,0],[144.963162430582,-37.7984835659513,0],[144.963169385173,-37.7984823840357,0],[144.963176491043,-37.7984821446647,0],[144.963183546871,-37.7984828587753,0],[144.963190350007,-37.7984845030365,0],[144.963196708637,-37.7984870317753,0],[144.963202440793,-37.7984903715529,0],[144.963207385461,-37.7984944303678,0],[144.963211397127,-37.7984990894512,0],[144.963214365811,-37.798504218033,0],[144.963221333388,-37.7985026461288,0],[144.963228535528,-37.7985020443439,0],[144.963235762817,-37.7985024288822,0],[144.963242799748,-37.7985037897081,0],[144.963249439574,-37.798506087199,0],[144.963255485473,-37.7985092512635,0],[144.963260760537,-37.7985131896255,0],[144.963265106617,-37.798517788705,0],[144.963268396954,-37.7985229084295,0],[144.963270534575,-37.7985283993289,0],[144.96327145575,-37.7985341007925,0],[144.963271134505,-37.7985398420483,0],[144.963268937345,-37.7985445397383,0],[144.963267748249,-37.7985494603315,0],[144.963267599305,-37.7985544692061,0],[144.963268494276,-37.7985594294482,0],[144.963270408494,-37.7985642054543,0],[144.963273288863,-37.7985686629319,0],[144.963277058051,-37.798572681588,0],[144.963282167608,-37.7985762782437,0],[144.963286480283,-37.7985804811276,0],[144.963289878668,-37.7985851818701,0],[144.963292277584,-37.798590256438,0],[144.963293612558,-37.7985955712432,0],[144.963293846534,-37.7986009868634,0],[144.96329297656,-37.7986063626638,0],[144.963291023599,-37.7986115557196,0],[144.963288040222,-37.7986164299609,0],[144.963284102594,-37.7986208587376,0],[144.963282452756,-37.7986241952021,0],[144.963281514904,-37.7986277007853,0],[144.963281313204,-37.7986312812816,0],[144.963281851464,-37.7986348394295,0],[144.963283116389,-37.7986382803755,0],[144.963284680445,-37.7986439379857,0],[144.963284991659,-37.7986497253258,0],[144.963284041209,-37.7986554674149,0],[144.963281855339,-37.798660994384,0],[144.963278499974,-37.7986661388531,0],[144.96327186635,-37.7986734966914,0],[144.963266776256,-37.7986815949579,0],[144.963263356896,-37.7986902267795,0],[144.963261694781,-37.798699178271,0],[144.963261774961,-37.7987077120104,0],[144.963263453692,-37.7987161409239,0],[144.9632666918,-37.7987242786912,0],[144.963267894338,-37.7987291225936,0],[144.9632681836,-37.7987340552373,0],[144.963267554609,-37.798738968395,0],[144.963266022844,-37.7987437532918,0],[144.963263619506,-37.7987483077331,0],[144.963260397314,-37.7987525316985,0]]]},"properties":{"OBJECTID":70,"building_number":"159","address":"Arts & Culture Building 159 University of Melbourne 230 Grattan Street PARKVILLE VIC 3010","Extrusion":200,"loc_code":"PAR;159","campus_code":"PAR","GFA_INT":11063.26,"GFA_EXT":11644.66,"ccLinkList":"PAR;159;0","NO_FLOORS":5,"NAME":"Arts & Culture Building 159","PROP_STATU":"Owned - Freehold"}},{"type":"Feature","id":71,"geometry":{"type":"Polygon","coordinates":[[[144.959314838093,-37.8007246816736,0],[144.959591731864,-37.8007575522248,0],[144.959558452488,-37.8009471780417,0],[144.959557823315,-37.8009507673426,0],[144.959346052093,-37.8009270646201,0],[144.959356797339,-37.8008708218163,0],[144.95942209141,-37.8008775784085,0],[144.959425194997,-37.80085869305,0],[144.959459367525,-37.8008622293369,0],[144.959462486242,-37.8008432478135,0],[144.959377049238,-37.8008344083332,0],[144.959379754544,-37.8008179447465,0],[144.959300853344,-37.8008097808016,0],[144.959314838093,-37.8007246816736,0]]]},"properties":{"OBJECTID":71,"building_number":"337","address":"131-137 Barry Street CARLTON VIC 3053","Extrusion":200,"loc_code":"PAR;337","campus_code":"PAR","GFA_INT":603.28,"GFA_EXT":780.86,"ccLinkList":"PAR;337;0","NO_FLOORS":2,"NAME":"Building 337","PROP_STATU":"Owned - Freehold"}},{"type":"Feature","id":72,"geometry":{"type":"Polygon","coordinates":[[[144.959362487173,-37.8004258326373,0],[144.959644617392,-37.8004562029086,0],[144.959612542397,-37.8006389709347,0],[144.959452973385,-37.8006201578894,0],[144.95946085469,-37.8005865102254,0],[144.95933497525,-37.8005719864232,0],[144.95934972197,-37.8004852783724,0],[144.959472118328,-37.8004996652036,0],[144.95947681227,-37.8004652503781,0],[144.959356948244,-37.8004514562512,0],[144.959362487173,-37.8004258326373,0]]]},"properties":{"OBJECTID":72,"building_number":"388","address":"143-151 Barry Street CARLTON VIC 3053","Extrusion":200,"loc_code":"PAR;388","campus_code":"PAR","GFA_INT":660.15,"GFA_EXT":852.61,"ccLinkList":"PAR;388;0","NO_FLOORS":2,"NAME":"Building 388","PROP_STATU":"Owned - Freehold"}},{"type":"Feature","id":73,"geometry":{"type":"Polygon","coordinates":[[[144.960618042944,-37.800754212154,0],[144.960731070599,-37.8007666835465,0],[144.960718558207,-37.8008380753173,0],[144.960605530495,-37.8008256021084,0],[144.960618042944,-37.800754212154,0]]]},"properties":{"OBJECTID":73,"building_number":"107","address":"Carpark Melbourne University 220 Berkeley Street CARLTON VIC 3053","Extrusion":200,"loc_code":"PAR;107","campus_code":"PAR","GFA_INT":null,"GFA_EXT":null,"ccLinkList":"PAR;107;0","NO_FLOORS":6,"NAME":"Melbourne University","PROP_STATU":"Leased"}},{"type":"Feature","id":74,"geometry":{"type":"Polygon","coordinates":[[[144.959947042165,-37.8006797525764,0],[144.959951661924,-37.8006802633702,0],[144.960060077487,-37.8006922256452,0],[144.960047493129,-37.8007639810682,0],[144.959938964514,-37.800751996095,0],[144.959934465871,-37.8007515000153,0],[144.959947042165,-37.8006797525764,0]]]},"properties":{"OBJECTID":74,"building_number":"107","address":"Carpark Melbourne University 220 Berkeley Street CARLTON VIC 3053","Extrusion":200,"loc_code":"PAR;107","campus_code":"PAR","GFA_INT":null,"GFA_EXT":null,"ccLinkList":"PAR;107;0","NO_FLOORS":6,"NAME":"Melbourne University","PROP_STATU":"Leased"}},{"type":"Feature","id":75,"geometry":{"type":"Polygon","coordinates":[[[144.960626198956,-37.800605021112,0],[144.96067793261,-37.8006107311077,0],[144.960659321467,-37.8007169243611,0],[144.960607585446,-37.8007112152167,0],[144.960626198956,-37.800605021112,0]]]},"properties":{"OBJECTID":75,"building_number":"107","address":"Carpark Melbourne University 220 Berkeley Street CARLTON VIC 3053","Extrusion":200,"loc_code":"PAR;107","campus_code":"PAR","GFA_INT":null,"GFA_EXT":null,"ccLinkList":"PAR;107;0","NO_FLOORS":6,"NAME":"Melbourne University","PROP_STATU":"Leased"}},{"type":"Feature","id":76,"geometry":{"type":"Polygon","coordinates":[[[144.960427201135,-37.8025512777896,0],[144.960417626078,-37.8026066181462,0],[144.960123151389,-37.802573991935,0],[144.960097064716,-37.8025710744263,0],[144.960091627501,-37.8025726537246,0],[144.95977796273,-37.8026634861961,0],[144.959648713198,-37.8023841448355,0],[144.959686494081,-37.8021615481692,0],[144.960478940458,-37.8022522252284,0],[144.960431926586,-37.8025239647536,0],[144.960427201135,-37.8025512777896,0]]]},"properties":{"OBJECTID":76,"building_number":"106","address":"Melbourne University Building C 179-201 Pelham Street CARLTON VIC 3053","Extrusion":200,"loc_code":"PAR;106","campus_code":"PAR","GFA_INT":24877.95,"GFA_EXT":29637.97,"ccLinkList":"PAR;106;0","NO_FLOORS":14,"NAME":"Law Building","PROP_STATU":"Owned - Freehold"}},{"type":"Feature","id":77,"geometry":{"type":"Polygon","coordinates":[[[144.965511198739,-37.795889875347,0],[144.965608426051,-37.7959001170705,0],[144.965702215555,-37.7959104065695,0],[144.965690320212,-37.7959782707158,0],[144.965725476212,-37.7959821519824,0],[144.966070293154,-37.7960198346895,0],[144.966051452533,-37.7961295945764,0],[144.965522720065,-37.7960693602653,0],[144.965522555929,-37.7960702513989,0],[144.965520196593,-37.7960699817406,0],[144.965510659757,-37.7961218708637,0],[144.96547615997,-37.7961177467367,0],[144.965484274101,-37.7960649787208,0],[144.965511198739,-37.795889875347,0]]]},"properties":{"OBJECTID":77,"building_number":"335","address":"427-429 Cardigan Street CARLTON VIC 3053","Extrusion":200,"loc_code":"PAR;335","campus_code":"PAR","GFA_INT":772.65,"GFA_EXT":929.76,"ccLinkList":"PAR;335;0","NO_FLOORS":2,"NAME":"Melbourne University Family Club Limited (Tenant)","PROP_STATU":"Owned - Freehold"}},{"type":"Feature","id":78,"geometry":{"type":"Polygon","coordinates":[[[144.96512602745,-37.7962111108409,0],[144.965139843577,-37.7961312519194,0],[144.965235078761,-37.7961408881853,0],[144.965239014308,-37.796119598252,0],[144.965366344447,-37.796132801584,0],[144.965377024228,-37.7960540779998,0],[144.965484274101,-37.7960649787208,0],[144.96547615997,-37.7961177467367,0],[144.96545235178,-37.7962445737287,0],[144.96512602745,-37.7962111108409,0]]]},"properties":{"OBJECTID":78,"building_number":"300","address":"4 Painsdale Place CARLTON VIC 3053","Extrusion":200,"loc_code":"PAR;300","campus_code":"PAR","GFA_INT":169.99,"GFA_EXT":209,"ccLinkList":"PAR;300;0","NO_FLOORS":1,"NAME":"Artist-in-Residence, VCA Artist's Studio (UoM Occupant)","PROP_STATU":"Owned - Freehold"}},{"type":"Feature","id":79,"geometry":{"type":"Polygon","coordinates":[[[144.962460824534,-37.8015006041589,0],[144.962501983125,-37.8012667280861,0],[144.962672650843,-37.8012852441996,0],[144.962975650059,-37.8013177446973,0],[144.962934520086,-37.8015519963359,0],[144.962460824534,-37.8015006041589,0]]]},"properties":{"OBJECTID":79,"building_number":"245","address":"22-40 Lincoln Square North CARLTON VIC 3053","Extrusion":200,"loc_code":"PAR;245","campus_code":"PAR","GFA_INT":2103.49,"GFA_EXT":2209.44,"ccLinkList":"PAR;245;0","NO_FLOORS":3,"NAME":"Levels 1-2, 32 Lincoln Sq North, Carlton","PROP_STATU":"Leased"}},{"type":"Feature","id":80,"geometry":{"type":"Polygon","coordinates":[[[144.962104904448,-37.8005384086991,0],[144.96213819011,-37.8003592178176,0],[144.962312317159,-37.8003784025898,0],[144.96228145454,-37.800555068899,0],[144.962104904448,-37.8005384086991,0]]]},"properties":{"OBJECTID":80,"building_number":"284","address":"191-195 GRATTAN ST, CARLTON SOUTH, VIC 3053","Extrusion":200,"loc_code":"PAR;284","campus_code":"PAR","GFA_INT":590.48,"GFA_EXT":645.75,"ccLinkList":"PAR;284;0","NO_FLOORS":3,"NAME":"Prince Alfred Hotel","PROP_STATU":"Owned - Freehold"}},{"type":"Feature","id":81,"geometry":{"type":"Polygon","coordinates":[[[144.961717684921,-37.8021517248103,0],[144.961752877719,-37.8019460301429,0],[144.961851527824,-37.8019106090843,0],[144.962041125398,-37.8019306946791,0],[144.96203875993,-37.8019442353856,0],[144.961997248212,-37.8021818387177,0],[144.961717684921,-37.8021517248103,0]]]},"properties":{"OBJECTID":81,"building_number":"249","address":"183-195 Bouverie Street CARLTON VIC 3053","Extrusion":200,"loc_code":"PAR;249","campus_code":"PAR","GFA_INT":587.68,"GFA_EXT":623.62,"ccLinkList":"PAR;249;0","NO_FLOORS":2,"NAME":"Melbourne Business School","PROP_STATU":"Leased"}},{"type":"Feature","id":82,"geometry":{"type":"Polygon","coordinates":[[[144.961159044245,-37.8036493673356,0],[144.961125075546,-37.8038277187013,0],[144.960558071514,-37.8037641341304,0],[144.960588825718,-37.8035890183695,0],[144.961159044245,-37.8036493673356,0]]]},"properties":{"OBJECTID":82,"building_number":"278","address":"100-106 Leicester Street CARLTON VIC 3053","Extrusion":200,"loc_code":"PAR;278","campus_code":"PAR","GFA_INT":11182.79,"GFA_EXT":11490.04,"ccLinkList":"PAR;278;0","NO_FLOORS":13,"NAME":"100 Leicester St, Carlton South","PROP_STATU":"Owned - Freehold"}},{"type":"Feature","id":83,"geometry":{"type":"Polygon","coordinates":[[[144.961593301532,-37.8027787169529,0],[144.961657658036,-37.8024171666078,0],[144.961950068969,-37.8024494693905,0],[144.961885558069,-37.8028118940831,0],[144.961593301532,-37.8027787169529,0]]]},"properties":{"OBJECTID":83,"building_number":"265","address":"163-175 Bouverie Street CARLTON VIC 3053","Extrusion":200,"loc_code":"PAR;264","campus_code":"PAR","GFA_INT":1918.4,"GFA_EXT":1991.85,"ccLinkList":"PAR;265;0","NO_FLOORS":3,"NAME":"First Super Pty Ltd (Tenant)","PROP_STATU":"Owned - Freehold"}},{"type":"Feature","id":84,"geometry":{"type":"Polygon","coordinates":[[[144.959044199685,-37.801304220918,0],[144.958692876146,-37.80126760408,0],[144.958779845527,-37.8007819146038,0],[144.95917225853,-37.8008235427735,0],[144.959158925038,-37.8009045329862,0],[144.959158667468,-37.8009060920646,0],[144.95910648147,-37.8012230778461,0],[144.959091379587,-37.8013091380586,0],[144.959044199685,-37.801304220918,0]]]},"properties":{"OBJECTID":84,"building_number":"260","address":"Building 260 (MSHS) 182-200 Berkeley Street CARLTON VIC 3053","Extrusion":200,"loc_code":"PAR;260","campus_code":"PAR","GFA_INT":6683.1,"GFA_EXT":7238.83,"ccLinkList":"PAR;260;0","NO_FLOORS":4,"NAME":"Building 260 (MSHS)","PROP_STATU":"Owned - Freehold"}},{"type":"Feature","id":85,"geometry":{"type":"Polygon","coordinates":[[[144.959322996448,-37.8006675189998,0],[144.959601738369,-37.8007005360013,0],[144.959591731864,-37.8007575522248,0],[144.959425759938,-37.8007378495815,0],[144.959430106853,-37.8007083284463,0],[144.959318511102,-37.8006979830668,0],[144.959322996448,-37.8006675189998,0]]]},"properties":{"OBJECTID":85,"building_number":"394","address":"139 Barry Street CARLTON VIC 3053","Extrusion":200,"loc_code":"PAR;394","campus_code":"PAR","GFA_INT":212.41,"GFA_EXT":319.78,"ccLinkList":"PAR;394;0","NO_FLOORS":2,"NAME":"Building 394","PROP_STATU":"Owned - Freehold"}},{"type":"Feature","id":86,"geometry":{"type":"Polygon","coordinates":[[[144.958802125335,-37.8006574949813,0],[144.958818462428,-37.8005662600233,0],[144.959158908775,-37.800602478874,0],[144.959143374476,-37.8006920020423,0],[144.958802125335,-37.8006574949813,0]]]},"properties":{"OBJECTID":86,"building_number":"204","address":"208-210 Berkeley Street CARLTON VIC 3053","Extrusion":200,"loc_code":"PAR;204","campus_code":"PAR","GFA_INT":545.1,"GFA_EXT":607.21,"ccLinkList":"PAR;204;0","NO_FLOORS":2,"NAME":"Building 204","PROP_STATU":"Owned - Freehold"}},{"type":"Feature","id":87,"geometry":{"type":"Polygon","coordinates":[[[144.95917225853,-37.8008235427735,0],[144.958779845527,-37.8007819146038,0],[144.958802125335,-37.8006574949813,0],[144.959143374476,-37.8006920020423,0],[144.959195142872,-37.800696901331,0],[144.95917225853,-37.8008235427735,0]]]},"properties":{"OBJECTID":87,"building_number":"207","address":"202-206 Berkeley Street CARLTON VIC 3053","Extrusion":200,"loc_code":"PAR;207","campus_code":"PAR","GFA_INT":876.6,"GFA_EXT":959.74,"ccLinkList":"PAR;207;0","NO_FLOORS":2,"NAME":"Building 207","PROP_STATU":"Owned - Freehold"}},{"type":"Feature","id":88,"geometry":{"type":"Polygon","coordinates":[[[144.959044199685,-37.801304220918,0],[144.958947497447,-37.8018481768863,0],[144.958595965416,-37.8018088111342,0],[144.958692876146,-37.80126760408,0],[144.959044199685,-37.801304220918,0]]]},"properties":{"OBJECTID":88,"building_number":"110","address":"156-180 Berkeley Street CARLTON VIC 3053","Extrusion":200,"loc_code":"PAR;110","campus_code":"PAR","GFA_INT":25545.36,"GFA_EXT":27147.08,"ccLinkList":"PAR;110;0","NO_FLOORS":16,"NAME":"The Spot - Bld 110","PROP_STATU":"Owned - Freehold"}},{"type":"Feature","id":89,"geometry":{"type":"Polygon","coordinates":[[[144.958197249515,-37.8004783842403,0],[144.958591595,-37.8005229306985,0],[144.95856489081,-37.8006743818872,0],[144.957792045468,-37.8005878539471,0],[144.957811325968,-37.800434787268,0],[144.958197249515,-37.8004783842403,0]]]},"properties":{"OBJECTID":89,"building_number":"222","address":"766-772 Elizabeth Street MELBOURNE VIC 3000","Extrusion":200,"loc_code":"PAR;222","campus_code":"PAR","GFA_INT":3755.04,"GFA_EXT":3903.38,"ccLinkList":"PAR;222;0","NO_FLOORS":12,"NAME":"Melbourne University - Building 222","PROP_STATU":"Owned - Strata"}},{"type":"Feature","id":90,"geometry":{"type":"Polygon","coordinates":[[[144.958241276507,-37.8002290259171,0],[144.958229953993,-37.8002970901599,0],[144.958220803546,-37.8003499567621,0],[144.958197249515,-37.8004783842403,0],[144.957811325968,-37.800434787268,0],[144.957841623479,-37.8001942856914,0],[144.958241276507,-37.8002290259171,0]]]},"properties":{"OBJECTID":90,"building_number":"220","address":"774-782 Elizabeth Street MELBOURNE VIC 3000","Extrusion":200,"loc_code":"PAR;220","campus_code":"PAR","GFA_INT":3570.15,"GFA_EXT":3801.58,"ccLinkList":"PAR;220;0","NO_FLOORS":5,"NAME":"780 Elizabeth St, Melbourne","PROP_STATU":"Leased"}},{"type":"Feature","id":91,"geometry":{"type":"Polygon","coordinates":[[[144.961124293122,-37.8038276312578,0],[144.961054840319,-37.8041839102815,0],[144.960495461183,-37.8041206304304,0],[144.960558071514,-37.8037641341304,0],[144.961124293122,-37.8038276312578,0]]]},"properties":{"OBJECTID":91,"building_number":"263","address":"Melbourne University 224-252 Queensberry Street CARLTON VIC 3053","Extrusion":200,"loc_code":"PAR;263","campus_code":"PAR","GFA_INT":12707.56,"GFA_EXT":13107.16,"ccLinkList":"PAR;263;0","NO_FLOORS":8,"NAME":"Kwong Lee Dow Building","PROP_STATU":"Owned - Freehold"}},{"type":"Feature","id":92,"geometry":{"type":"Polygon","coordinates":[[[144.96464761952,-37.7975267168528,0],[144.964706859529,-37.7971816774105,0],[144.964979971258,-37.79721139859,0],[144.964921229574,-37.7975560782123,0],[144.964717145017,-37.7975341780428,0],[144.96464761952,-37.7975267168528,0]]]},"properties":{"OBJECTID":92,"building_number":"201","address":"253-283 Elgin Street CARLTON VIC 3053","Extrusion":200,"loc_code":"PAR;201","campus_code":"PAR","GFA_INT":2863.85,"GFA_EXT":3096.9,"ccLinkList":"PAR;201;0","NO_FLOORS":4,"NAME":"Thomas Cherry Building","PROP_STATU":"Owned - Freehold"}},{"type":"Feature","id":93,"geometry":{"type":"Polygon","coordinates":[[[144.95424177779,-37.7971179059609,0],[144.954225554365,-37.7972088034057,0],[144.954061891472,-37.7971893550934,0],[144.95406049322,-37.7971982128002,0],[144.953975749278,-37.7971879351,0],[144.953977106278,-37.7971793380188,0],[144.95387204257,-37.797167049044,0],[144.953875296115,-37.7971504283954,0],[144.953786323692,-37.7971394660928,0],[144.953792854804,-37.7971060963495,0],[144.953786529009,-37.7971053159603,0],[144.953798377756,-37.7970447699034,0],[144.953804347046,-37.7970455053469,0],[144.953808058157,-37.7970265432823,0],[144.953794639144,-37.7970248898676,0],[144.953797055918,-37.7970125415798,0],[144.953785799841,-37.7970111546449,0],[144.953791721739,-37.7969808887826,0],[144.95380168978,-37.7969821172591,0],[144.953803920125,-37.7969707218804,0],[144.953813820254,-37.7969719419666,0],[144.953834403402,-37.7968603229717,0],[144.953970116578,-37.7968772556489,0],[144.953975700583,-37.796849642377,0],[144.954172627103,-37.7968747170602,0],[144.954157364115,-37.7969501904187,0],[144.954035489756,-37.7969346717153,0],[144.954025063262,-37.7969862388509,0],[144.953998226026,-37.7969828212385,0],[144.953983453271,-37.7970558726141,0],[144.954174669621,-37.7970791133265,0],[144.954173985378,-37.7970825502436,0],[144.954181462042,-37.7970834389203,0],[144.954192333134,-37.7970693486262,0],[144.954255548481,-37.797100062164,0],[144.95424177779,-37.7971179059609,0]]]},"properties":{"OBJECTID":93,"building_number":"403","address":"Building 403 Ruth Bishop Building 30 Flemington Road PARKVILLE VIC 3052","Extrusion":200,"loc_code":"PAR;403","campus_code":"PAR","GFA_INT":2179.58,"GFA_EXT":2887.49,"ccLinkList":"PAR;403;0","NO_FLOORS":3,"NAME":"Ruth Bishop Building","PROP_STATU":"Owned - Freehold"}},{"type":"Feature","id":94,"geometry":{"type":"Polygon","coordinates":[[[144.959596414255,-37.7979963980907,0],[144.959559321856,-37.7983171747816,0],[144.959605782703,-37.7983205030783,0],[144.959598553142,-37.7983840496097,0],[144.959551974373,-37.7983807129583,0],[144.959508014971,-37.7987608780746,0],[144.959426465496,-37.7987550141143,0],[144.959422449507,-37.7987899309354,0],[144.959333460076,-37.7987834856007,0],[144.959334961984,-37.7987704274324,0],[144.959256543096,-37.7987647491748,0],[144.959259379552,-37.7987401754593,0],[144.959096283416,-37.7987287616981,0],[144.959151911018,-37.7982263704135,0],[144.959122637944,-37.7982243626455,0],[144.959151515314,-37.7979647409323,0],[144.959596414255,-37.7979963980907,0]]]},"properties":{"OBJECTID":94,"building_number":"177","address":"Baillieu Library Building 177 230 Grattan Street PARKVILLE VIC 3010","Extrusion":200,"loc_code":"PAR;177","campus_code":"PAR","GFA_INT":17724.33,"GFA_EXT":19007.7,"ccLinkList":"PAR;177;0","NO_FLOORS":8,"NAME":"Baillieu Library Building 177","PROP_STATU":"Owned - Freehold"}},{"type":"Feature","id":95,"geometry":{"type":"Polygon","coordinates":[[[144.964403778356,-37.7969047300965,0],[144.964374746073,-37.7969014931873,0],[144.964373062,-37.7969110030499,0],[144.964362198346,-37.7969097933297,0],[144.964361651354,-37.7969128812245,0],[144.964378987881,-37.7969148129291,0],[144.964373607426,-37.7969452049858,0],[144.964332858958,-37.7969406616022,0],[144.964328226066,-37.7969668229301,0],[144.964337364171,-37.7969678424163,0],[144.964320713958,-37.7970642717623,0],[144.96402207108,-37.797031804257,0],[144.964017679458,-37.7970572397877,0],[144.963944439811,-37.7970492769039,0],[144.963948544958,-37.7970238111902,0],[144.963776574236,-37.7970051140864,0],[144.963761400661,-37.797092987857,0],[144.96404439912,-37.7971229497376,0],[144.964043272674,-37.7971296449424,0],[144.964074926496,-37.7971329948439,0],[144.96407602065,-37.7971264829209,0],[144.964154445674,-37.797134785893,0],[144.96414354107,-37.797199637218,0],[144.964156487726,-37.7972010082322,0],[144.964148156708,-37.7972505497724,0],[144.964134298452,-37.7972490827929,0],[144.964124493195,-37.797307397048,0],[144.964085809408,-37.7973033020099,0],[144.964084711277,-37.7973098345912,0],[144.963974020718,-37.7972981161023,0],[144.963975175735,-37.7972912492674,0],[144.963935994849,-37.7972871014282,0],[144.963934971356,-37.7972931901164,0],[144.963718647714,-37.7972702862867,0],[144.963723922466,-37.7972389155599,0],[144.963695688478,-37.7972359265917,0],[144.963691251138,-37.79726231927,0],[144.963616516512,-37.7972544069303,0],[144.963516226521,-37.7972206141645,0],[144.96343194144,-37.7971322947489,0],[144.96346106863,-37.7971147929169,0],[144.963396068032,-37.7970466788462,0],[144.963422910954,-37.7969442158944,0],[144.96372495123,-37.7969770527628,0],[144.963748380358,-37.7968413601335,0],[144.963685868421,-37.7968346027149,0],[144.963692692076,-37.7967948417649,0],[144.96369685444,-37.7967952931334,0],[144.963699166042,-37.7967818343548,0],[144.963694851942,-37.796781366845,0],[144.96369594061,-37.7967750143392,0],[144.963664986407,-37.7967716692255,0],[144.963663876705,-37.796778125904,0],[144.963661208943,-37.7967778382586,0],[144.963660642514,-37.7967811366895,0],[144.963515806508,-37.7967654839758,0],[144.963517327676,-37.796756616553,0],[144.963477745222,-37.79675233906,0],[144.963485425804,-37.7967075968096,0],[144.96348074257,-37.796707089565,0],[144.963483207539,-37.7966927205495,0],[144.963487444665,-37.7966931786252,0],[144.963496279903,-37.7966417074172,0],[144.963539178832,-37.7966463441484,0],[144.963538025474,-37.7966530668195,0],[144.963570059822,-37.7966565297738,0],[144.963571069673,-37.7966506490247,0],[144.963573360344,-37.7966508968077,0],[144.963573921641,-37.7966476199167,0],[144.963790958472,-37.7966710770315,0],[144.963789336448,-37.7966805167651,0],[144.963821778483,-37.7966840227472,0],[144.963822851906,-37.7966777700072,0],[144.963858770112,-37.7966816532973,0],[144.963847791977,-37.7967456192698,0],[144.963851854719,-37.7967460589973,0],[144.963850741947,-37.7967525453636,0],[144.963882863564,-37.7967560169516,0],[144.963883742532,-37.7967508900254,0],[144.963886154395,-37.7967511498107,0],[144.963886862783,-37.7967470238477,0],[144.963993477409,-37.7967585457775,0],[144.963992866313,-37.7967621065821,0],[144.963995433271,-37.7967623843665,0],[144.963994327325,-37.7967688293981,0],[144.964033436498,-37.7967730561801,0],[144.964036040374,-37.7967581740794,0],[144.964358800478,-37.796794162079,0],[144.964352604465,-37.7968291513675,0],[144.964394001628,-37.7968337672367,0],[144.964388810915,-37.7968630811604,0],[144.964370970597,-37.7968610920855,0],[144.964370611729,-37.7968631189405,0],[144.96438204255,-37.7968643943367,0],[144.964380273588,-37.7968743902696,0],[144.964408438567,-37.7968775310798,0],[144.964403778356,-37.7969047300965,0]]]},"properties":{"OBJECTID":95,"building_number":"192","address":"David Caro Physics South Building 192 230 Grattan Street PARKVILLE VIC 3010","Extrusion":200,"loc_code":"PAR;192","campus_code":"PAR","GFA_INT":14688.84,"GFA_EXT":15529.22,"ccLinkList":"PAR;192;0","NO_FLOORS":10,"NAME":"David Caro Physics South Building 192","PROP_STATU":"Owned - Freehold"}},{"type":"Feature","id":96,"geometry":{"type":"Polygon","coordinates":[[[144.959478064265,-37.7973121497638,0],[144.959457660787,-37.7973172573642,0],[144.95943652517,-37.7973198749377,0],[144.959415131595,-37.7973199395073,0],[144.95939396835,-37.7973174532258,0],[144.95937351656,-37.7973124721926,0],[144.959354242167,-37.7973051090186,0],[144.959336579001,-37.7972955289281,0],[144.95938267401,-37.7972055727787,0],[144.959391783725,-37.7972092317058,0],[144.959394575657,-37.7971946900189,0],[144.959380246749,-37.7971929556872,0],[144.959388372973,-37.7971506411202,0],[144.959476946669,-37.7971613516719,0],[144.959473517063,-37.797179215768,0],[144.959523041863,-37.7971852051872,0],[144.959527291985,-37.7971603044928,0],[144.959594028455,-37.7971674770587,0],[144.959592646701,-37.7971755529027,0],[144.959675437495,-37.7971855638269,0],[144.959686294358,-37.7971290282013,0],[144.959680319208,-37.7971283380129,0],[144.959685351416,-37.7971009320703,0],[144.959676440801,-37.7970999017458,0],[144.959679160623,-37.7970850893496,0],[144.959762487484,-37.7970947246964,0],[144.959756716615,-37.7971261524179,0],[144.959800245996,-37.7971304130277,0],[144.959770410284,-37.7972987425838,0],[144.959648426445,-37.7972852779589,0],[144.959644878088,-37.7973055191116,0],[144.959571588835,-37.7972974291871,0],[144.959572644373,-37.7973115265734,0],[144.959552394466,-37.7973180697234,0],[144.95953119881,-37.7973223327251,0],[144.959509467377,-37.797324233465,0],[144.959487611123,-37.797323736708,0],[144.959478064265,-37.7973121497638,0]]]},"properties":{"OBJECTID":96,"building_number":"139","address":"Babel Building 139 230 Grattan Street PARKVILLE VIC 3010","Extrusion":200,"loc_code":"PAR;139","campus_code":"PAR","GFA_INT":4801.09,"GFA_EXT":5395.13,"ccLinkList":"PAR;139;0","NO_FLOORS":9,"NAME":"Babel Building 139","PROP_STATU":"Owned - Freehold"}},{"type":"Feature","id":97,"geometry":{"type":"Polygon","coordinates":[[[144.959436434639,-37.7964930266678,0],[144.959444990945,-37.7964471292516,0],[144.95951609464,-37.7964555373428,0],[144.959520251661,-37.7964338531379,0],[144.959559467939,-37.7964385870167,0],[144.959560125496,-37.796435161318,0],[144.959565651547,-37.7964358266082,0],[144.959565150466,-37.7964384358476,0],[144.959586071631,-37.7964409611581,0],[144.959586649727,-37.7964379468218,0],[144.959596907123,-37.7964391852281,0],[144.959596526467,-37.7964411738403,0],[144.959821542506,-37.7964680270539,0],[144.959803779855,-37.7965606794192,0],[144.959742338331,-37.7965532625723,0],[144.959726618634,-37.7966352659541,0],[144.959849542591,-37.7966501039472,0],[144.959836105742,-37.796716998094,0],[144.959747254571,-37.7967067308957,0],[144.959737654338,-37.796759040151,0],[144.95977400311,-37.7967632412499,0],[144.959747619065,-37.7969070041266,0],[144.959712739646,-37.7969029735652,0],[144.959702955049,-37.7969562853358,0],[144.959790356242,-37.7969694833133,0],[144.959780930661,-37.7970337298916,0],[144.959414762397,-37.7969923090929,0],[144.959436095879,-37.7968760636608,0],[144.959618940468,-37.7968971922174,0],[144.959624287098,-37.7968680587596,0],[144.959604093044,-37.7968657253869,0],[144.959614412254,-37.7968094958621,0],[144.959470067399,-37.7967931131271,0],[144.959481936574,-37.7967284348949,0],[144.959477898423,-37.7967279693087,0],[144.959488204218,-37.7966759030031,0],[144.959557478044,-37.7966845362012,0],[144.959569098943,-37.7966258230574,0],[144.959563417295,-37.7966251163206,0],[144.959564922541,-37.79661750492,0],[144.959686228023,-37.7966306532691,0],[144.95970161917,-37.7965488289424,0],[144.959502729792,-37.7965252533841,0],[144.959507300618,-37.7965014081164,0],[144.959436434639,-37.7964930266678,0]]]},"properties":{"OBJECTID":97,"building_number":"122","address":"Biosciences 2 Building 122 230 Grattan Street PARKVILLE VIC 3010","Extrusion":200,"loc_code":"PAR;122","campus_code":"PAR","GFA_INT":2951.17,"GFA_EXT":3271.54,"ccLinkList":"PAR;122;0","NO_FLOORS":4,"NAME":"Biosciences 2 Building 122","PROP_STATU":"Owned - Freehold"}},{"type":"Feature","id":98,"geometry":{"type":"Polygon","coordinates":[[[144.960815203428,-37.7961743722146,0],[144.960471088102,-37.7961352101479,0],[144.96049915642,-37.7959822553893,0],[144.960390112192,-37.7959696545805,0],[144.960385468684,-37.7959949567351,0],[144.960377758177,-37.7959940653041,0],[144.960377857017,-37.7959935272104,0],[144.960277257993,-37.7959819034477,0],[144.960277097645,-37.7959827784178,0],[144.960269387166,-37.7959818860791,0],[144.960291735451,-37.7958601049738,0],[144.960297242963,-37.7958607410706,0],[144.960297081506,-37.7958616151202,0],[144.960400251277,-37.7958735366184,0],[144.960400571893,-37.7958717893801,0],[144.960407180935,-37.7958725517894,0],[144.960399802828,-37.7959127571259,0],[144.960789305898,-37.7959559793031,0],[144.960790962492,-37.7959469475452,0],[144.960855657391,-37.7959478776214,0],[144.960856366247,-37.7959433686856,0],[144.960855332503,-37.7959432552612,0],[144.960856656546,-37.7959356614311,0],[144.960915618504,-37.7959421290752,0],[144.960918336807,-37.7959278978781,0],[144.960975133276,-37.7959347290217,0],[144.960972526581,-37.7959483709799,0],[144.961028611513,-37.7959545229065,0],[144.961031317082,-37.7959403410508,0],[144.961088925354,-37.7959472627952,0],[144.961086332577,-37.79596085363,0],[144.961141765357,-37.7959669338331,0],[144.961144199345,-37.7959514351576,0],[144.961177047749,-37.7959546839535,0],[144.961174558779,-37.7959705304338,0],[144.961201880008,-37.7959735276296,0],[144.96120115151,-37.795977719013,0],[144.961554185663,-37.7960164412459,0],[144.961526906045,-37.7961730488894,0],[144.961183168109,-37.7961353463305,0],[144.961184040431,-37.7961303436736,0],[144.961174743491,-37.7961293238976,0],[144.961174495671,-37.7961307371602,0],[144.96082796372,-37.7960927283602,0],[144.960814417986,-37.7961665508086,0],[144.960816591563,-37.7961668020246,0],[144.960815203428,-37.7961743722146,0]]]},"properties":{"OBJECTID":98,"building_number":"101","address":"Beaurepaire Centre Building 101 230 Grattan Street PARKVILLE VIC 3010","Extrusion":200,"loc_code":"PAR;101","campus_code":"PAR","GFA_INT":2956.75,"GFA_EXT":3554.61,"ccLinkList":"PAR;101;0","NO_FLOORS":4,"NAME":"Beaurepaire Centre Building 101","PROP_STATU":"Crown Land - UoM is CoM"}},{"type":"Feature","id":99,"geometry":{"type":"Polygon","coordinates":[[[144.962695842385,-37.7961302466518,0],[144.962657308025,-37.7963517213375,0],[144.962329770987,-37.7963153099052,0],[144.962327211536,-37.796329803425,0],[144.962301691465,-37.7963269656214,0],[144.9623041476,-37.796313049772,0],[144.961778270835,-37.7962543548335,0],[144.961815879812,-37.7960349497728,0],[144.962146848154,-37.7960707938754,0],[144.962149883545,-37.7960542728337,0],[144.962205192946,-37.7960606748264,0],[144.96220918143,-37.7960389776867,0],[144.962264924466,-37.7960454277078,0],[144.962288666511,-37.795916243694,0],[144.9622746855,-37.79591462568,0],[144.962296668418,-37.7957950267942,0],[144.962311270883,-37.7957967177395,0],[144.962322646195,-37.7957348296949,0],[144.962597322137,-37.795766619167,0],[144.962564965827,-37.7959426650827,0],[144.962586406058,-37.7959451456699,0],[144.962556945403,-37.7961152046813,0],[144.962695842385,-37.7961302466518,0]]]},"properties":{"OBJECTID":99,"building_number":"103","address":"Nona Lee Sports Centre Building 103 230 Grattan Street PARKVILLE VIC 3010","Extrusion":200,"loc_code":"PAR;103","campus_code":"PAR","GFA_INT":5404.14,"GFA_EXT":6280.99,"ccLinkList":"PAR;103;0","NO_FLOORS":2,"NAME":"Nona Lee Sports Centre Building 103","PROP_STATU":"Crown Land - UoM is CoM"}},{"type":"Feature","id":100,"geometry":{"type":"Polygon","coordinates":[[[144.960437222732,-37.7972595287508,0],[144.960548051527,-37.7972701192733,0],[144.960748629641,-37.7972932447069,0],[144.960774366013,-37.7971526920884,0],[144.960870109862,-37.7971641331462,0],[144.960823077556,-37.7974210096431,0],[144.960739637306,-37.7974113902012,0],[144.960725141461,-37.797410024427,0],[144.960720225367,-37.7974428430989,0],[144.960709926631,-37.7975116102632,0],[144.960507938815,-37.7974890533188,0],[144.960504894374,-37.7975053506609,0],[144.960395236094,-37.797495009266,0],[144.96041551346,-37.7973789183837,0],[144.960364532514,-37.7973733826435,0],[144.960377100421,-37.7972894708692,0],[144.960389612878,-37.7972908942549,0],[144.960390316283,-37.7972869980297,0],[144.960431418813,-37.7972916723717,0],[144.960437222732,-37.7972595287508,0]]]},"properties":{"OBJECTID":100,"building_number":"128","address":"Old Physics Building 128 230 Grattan Street PARKVILLE VIC 3010","Extrusion":200,"loc_code":"PAR;128","campus_code":"PAR","GFA_INT":2304.69,"GFA_EXT":2696.38,"ccLinkList":"PAR;128;0","NO_FLOORS":4,"NAME":"Old Physics Building 128","PROP_STATU":"Owned - Freehold"}},{"type":"Feature","id":101,"geometry":{"type":"Polygon","coordinates":[[[144.961360948049,-37.7984931359438,0],[144.961356590114,-37.7985177221308,0],[144.961340543073,-37.7985186960693,0],[144.96132449143,-37.7985177720458,0],[144.961308790147,-37.7985149688217,0],[144.961293786135,-37.7985103500783,0],[144.961298520721,-37.7984862336197,0],[144.961153989645,-37.7984702534169,0],[144.961236447512,-37.7980006993825,0],[144.961458421759,-37.7980252421129,0],[144.961375965232,-37.7984947972415,0],[144.961360948049,-37.7984931359438,0]]]},"properties":{"OBJECTID":101,"building_number":"151","address":"Wilson Hall Building 151 230 Grattan Street PARKVILLE VIC 3010","Extrusion":200,"loc_code":"PAR;151","campus_code":"PAR","GFA_INT":2417.98,"GFA_EXT":2576.92,"ccLinkList":"PAR;151;0","NO_FLOORS":2,"NAME":"Wilson Hall Building 151","PROP_STATU":"Owned - Freehold"}},{"type":"Feature","id":102,"geometry":{"type":"Polygon","coordinates":[[[144.960294607189,-37.7991332239221,0],[144.960582519539,-37.7991665208426,0],[144.960563486636,-37.7992701393476,0],[144.96058127318,-37.7992719532451,0],[144.960588235764,-37.7992337773852,0],[144.960750851466,-37.799251766578,0],[144.960743005525,-37.7992964201355,0],[144.960770169889,-37.7992994246407,0],[144.960790584697,-37.7991906022981,0],[144.961078316218,-37.7992245860817,0],[144.961038300562,-37.7994378931761,0],[144.96075057051,-37.7994039093117,0],[144.960767144902,-37.799315550197,0],[144.960749974014,-37.7993136496614,0],[144.960738999461,-37.7993297583146,0],[144.960737667269,-37.7993372735951,0],[144.960592419142,-37.7993191886366,0],[144.960593587487,-37.7993125933262,0],[144.960579487569,-37.7992953745645,0],[144.960559368435,-37.7992925632197,0],[144.960543184554,-37.79938067223,0],[144.96025527024,-37.7993473760721,0],[144.960294607189,-37.7991332239221,0]]]},"properties":{"OBJECTID":102,"building_number":"191","address":"John Medley Building 191 230 Grattan Street PARKVILLE VIC 3010","Extrusion":200,"loc_code":"PAR;191","campus_code":"PAR","GFA_INT":7933.05,"GFA_EXT":9201.18,"ccLinkList":"PAR;191;0","NO_FLOORS":9,"NAME":"John Medley Building 191","PROP_STATU":"Owned - Freehold"}},{"type":"Feature","id":103,"geometry":{"type":"Polygon","coordinates":[[[144.961668939274,-37.7987941689183,0],[144.961673992959,-37.7987653817565,0],[144.961658251318,-37.7987635484483,0],[144.961688186412,-37.7986018446849,0],[144.961702409872,-37.7986035021159,0],[144.961745730225,-37.7983567299295,0],[144.961896885113,-37.7983734368421,0],[144.961820095027,-37.7988108759536,0],[144.961668939274,-37.7987941689183,0]]]},"properties":{"OBJECTID":103,"building_number":"163","address":"Walter Boas Building 163 230 Grattan Street PARKVILLE VIC 3010","Extrusion":200,"loc_code":"PAR;163","campus_code":"PAR","GFA_INT":2544.52,"GFA_EXT":2929.11,"ccLinkList":"PAR;163;0","NO_FLOORS":5,"NAME":"Walter Boas Building 163","PROP_STATU":"Owned - Freehold"}},{"type":"Feature","id":104,"geometry":{"type":"Polygon","coordinates":[[[144.961966772264,-37.7985291929236,0],[144.962129008053,-37.7985499708802,0],[144.962127763292,-37.7985573272824,0],[144.962145129241,-37.7986072917038,0],[144.962127486337,-37.7986167434495,0],[144.962122823772,-37.7986546951704,0],[144.962426715665,-37.7986879117298,0],[144.96243321462,-37.7986495429823,0],[144.962418664301,-37.7986478763792,0],[144.962428907766,-37.798591609243,0],[144.96253131557,-37.7986033481121,0],[144.96252107334,-37.7986596143783,0],[144.962475202349,-37.7986543562979,0],[144.962468367463,-37.7986947009256,0],[144.962531164174,-37.798701397246,0],[144.962530208466,-37.7987070392065,0],[144.962537860042,-37.7987078546821,0],[144.962516563866,-37.7988335997549,0],[144.962508426502,-37.798832731715,0],[144.962507610584,-37.7988375434055,0],[144.962110616718,-37.7987952073424,0],[144.962112179769,-37.7987859810978,0],[144.962094246075,-37.7987840693613,0],[144.962093450469,-37.7987885542725,0],[144.962015738251,-37.7987798819495,0],[144.962015387576,-37.7987827236024,0],[144.961934639735,-37.7987742537253,0],[144.961941416798,-37.7987342469747,0],[144.961932208208,-37.7987332648313,0],[144.961966772264,-37.7985291929236,0]]]},"properties":{"OBJECTID":104,"building_number":"165","address":"Chem Eng 1 Building 165 230 Grattan Street PARKVILLE VIC 3010","Extrusion":200,"loc_code":"PAR;165","campus_code":"PAR","GFA_INT":4410.51,"GFA_EXT":4778.09,"ccLinkList":"PAR;165;0","NO_FLOORS":5,"NAME":"Chem Eng 1 Building 165","PROP_STATU":"Owned - Freehold"}},{"type":"Feature","id":105,"geometry":{"type":"Polygon","coordinates":[[[144.963260397314,-37.7987525316985,0],[144.963263619506,-37.7987483077331,0],[144.963266022844,-37.7987437532918,0],[144.963267554609,-37.798738968395,0],[144.9632681836,-37.7987340552373,0],[144.963267894338,-37.7987291225936,0],[144.9632666918,-37.7987242786912,0],[144.963263453692,-37.7987161409239,0],[144.963261774961,-37.7987077120104,0],[144.963261694781,-37.798699178271,0],[144.963314417543,-37.7986960861764,0],[144.963322769657,-37.7986489467184,0],[144.963372963319,-37.7985736967944,0],[144.963383140589,-37.7985162568898,0],[144.963473281543,-37.7985256442989,0],[144.963473038276,-37.7985270170919,0],[144.963528965153,-37.7985328415928,0],[144.963566247191,-37.7985459838381,0],[144.963567858611,-37.7985368917824,0],[144.96361879023,-37.7985421945907,0],[144.96361869484,-37.7985427318456,0],[144.963765617807,-37.7985580321466,0],[144.963765449715,-37.7985589835877,0],[144.963819166067,-37.7985645777781,0],[144.963780144196,-37.7987848034242,0],[144.963523827495,-37.7987581112252,0],[144.963525763044,-37.798747183669,0],[144.963456264487,-37.7987399457225,0],[144.963453003539,-37.79875835807,0],[144.963405831646,-37.7987534446332,0],[144.963260397314,-37.7987525316985,0]]]},"properties":{"OBJECTID":105,"building_number":"162","address":"Student Pavilion Building 162 230 Grattan Street PARKVILLE VIC 3010","Extrusion":200,"loc_code":"PAR;162","campus_code":"PAR","GFA_INT":2708.59,"GFA_EXT":2841.2,"ccLinkList":"PAR;162;0","NO_FLOORS":5,"NAME":"Student Pavilion Building 162","PROP_STATU":"Owned - Freehold"}},{"type":"Feature","id":106,"geometry":{"type":"Polygon","coordinates":[[[144.963393160042,-37.7991596648406,0],[144.963393167547,-37.7991673303896,0],[144.963460978488,-37.7991741670061,0],[144.963408113386,-37.7995118063668,0],[144.963393902361,-37.799522423397,0],[144.963161724412,-37.7994982025274,0],[144.963150339236,-37.7994826008734,0],[144.963200738635,-37.799148065006,0],[144.963271592214,-37.7991548155748,0],[144.963276610041,-37.7991381035022,0],[144.963281015006,-37.7991308026445,0],[144.963286905744,-37.799124195256,0],[144.963294115789,-37.7991184704083,0],[144.963302436283,-37.7991137894045,0],[144.963311631864,-37.799110286054,0],[144.963321438547,-37.799108061229,0],[144.96333157858,-37.7991071795163,0],[144.963341759455,-37.7991076637936,0],[144.963351694198,-37.7991095009871,0],[144.963361095734,-37.7991126401722,0],[144.963369696294,-37.7991169893037,0],[144.96337725392,-37.7991224261432,0],[144.963383548005,-37.7991287954775,0],[144.963388401892,-37.7991359131151,0],[144.963391676857,-37.7991435783978,0],[144.963393277857,-37.7991515715972,0],[144.963393160042,-37.7991596648406,0]]]},"properties":{"OBJECTID":106,"building_number":"189","address":"Frank Tate Building 189 230 Grattan Street PARKVILLE VIC 3010","Extrusion":200,"loc_code":"PAR;189","campus_code":"PAR","GFA_INT":1579.72,"GFA_EXT":2937.37,"ccLinkList":"PAR;189;0","NO_FLOORS":3,"NAME":"Frank Tate Building 189","PROP_STATU":"Owned - Freehold"}},{"type":"Feature","id":107,"geometry":{"type":"Polygon","coordinates":[[[144.963094957926,-37.7970928436812,0],[144.963133728473,-37.7970969162121,0],[144.963247386918,-37.7970976077328,0],[144.963267350558,-37.797164486085,0],[144.963151495684,-37.7972133222908,0],[144.963143769232,-37.7972539777783,0],[144.963094227363,-37.7972487204399,0],[144.963113369754,-37.7975982670513,0],[144.962800118937,-37.7976305015759,0],[144.962258887226,-37.7974964596166,0],[144.962313583502,-37.7971772346288,0],[144.962325837576,-37.7971785560108,0],[144.962379238826,-37.7968668856688,0],[144.962486971484,-37.7968785094138,0],[144.962496942018,-37.7970017873475,0],[144.962493288775,-37.7970255026251,0],[144.962910985904,-37.7970693732661,0],[144.962928068146,-37.7969669578784,0],[144.963112719751,-37.7969863513733,0],[144.963094957926,-37.7970928436812,0]]]},"properties":{"OBJECTID":107,"building_number":"133","address":"MSD Building 133 230 Grattan Street PARKVILLE VIC 3010","Extrusion":200,"loc_code":"PAR;133","campus_code":"PAR","GFA_INT":18176.41,"GFA_EXT":19704.04,"ccLinkList":"PAR;133;0","NO_FLOORS":8,"NAME":"MSD Building 133","PROP_STATU":"Owned - Freehold"}},{"type":"Feature","id":108,"geometry":{"type":"Polygon","coordinates":[[[144.962068086385,-37.7997698078464,0],[144.961974394205,-37.7997584654153,0],[144.96199778304,-37.7996368327139,0],[144.961951941187,-37.7996309486095,0],[144.96194454209,-37.7996753603596,0],[144.961954587027,-37.7996764128505,0],[144.961964459219,-37.799685402627,0],[144.961962563298,-37.7996967796252,0],[144.961949175502,-37.799703179696,0],[144.961938572303,-37.7997020670771,0],[144.961931064324,-37.7997471338998,0],[144.961854166976,-37.799739066735,0],[144.961843557853,-37.7998027459701,0],[144.961663376372,-37.7997820408748,0],[144.961673765994,-37.7997251121842,0],[144.961631265288,-37.7997203068201,0],[144.961632496503,-37.7997134458384,0],[144.961463942904,-37.7996943908028,0],[144.961470738082,-37.7996565472284,0],[144.961468814434,-37.7996563309898,0],[144.961477640413,-37.7995948540416,0],[144.961325629703,-37.7995776703469,0],[144.961341048046,-37.7994918036159,0],[144.961346199568,-37.7994923857413,0],[144.961355003532,-37.7994437736315,0],[144.961349222661,-37.7994431148256,0],[144.961365827846,-37.7993572452045,0],[144.961541099469,-37.7993767582075,0],[144.961544217939,-37.7993591265775,0],[144.961539386961,-37.7993585761437,0],[144.961539875668,-37.7993558783668,0],[144.961525603549,-37.7993542507124,0],[144.961528187722,-37.799339983843,0],[144.961542459862,-37.7993416105963,0],[144.961558996761,-37.7992502840325,0],[144.96201211114,-37.7993019453237,0],[144.962013280087,-37.7992954887894,0],[144.96202655479,-37.7992970017964,0],[144.962025385819,-37.7993034592316,0],[144.962056375587,-37.7993069919461,0],[144.962036766516,-37.7994152832589,0],[144.962006835299,-37.7994118706911,0],[144.962005556701,-37.7994189282154,0],[144.962003547105,-37.799418698783,0],[144.961995852121,-37.7994703653049,0],[144.962079297685,-37.7994797992319,0],[144.962060902228,-37.7995816609183,0],[144.962056430167,-37.7995811500603,0],[144.962046211492,-37.7996374491213,0],[144.962092458693,-37.7996430482222,0],[144.962068086385,-37.7997698078464,0]]]},"properties":{"OBJECTID":108,"building_number":"173","address":"Old Engineering Building 173 230 Grattan Street PARKVILLE VIC 3010","Extrusion":200,"loc_code":"PAR;173","campus_code":"PAR","GFA_INT":5787.91,"GFA_EXT":6228.05,"ccLinkList":"PAR;173;0","NO_FLOORS":4,"NAME":"Old Engineering Building 173","PROP_STATU":"Owned - Freehold"}},{"type":"Feature","id":109,"geometry":{"type":"Polygon","coordinates":[[[144.959158741344,-37.7992398050392,0],[144.959191044437,-37.7992561480714,0],[144.959219980325,-37.7992760743999,0],[144.959244919238,-37.7992991513625,0],[144.959265324051,-37.7993248812159,0],[144.959280752433,-37.7993527056776,0],[144.959290872193,-37.7993820260184,0],[144.959263280316,-37.7993904704303,0],[144.95926652175,-37.7993998339609,0],[144.95913816188,-37.7994372919482,0],[144.959622692535,-37.799577660052,0],[144.959574394094,-37.7996520967474,0],[144.959567519289,-37.7996495480556,0],[144.959558683429,-37.7996693551343,0],[144.959566188729,-37.7996715263435,0],[144.959541480437,-37.7997537163564,0],[144.959058320048,-37.7996134978232,0],[144.958965916004,-37.7995911980883,0],[144.958891196106,-37.7995783129907,0],[144.958815481181,-37.7995698479955,0],[144.958739183356,-37.799565848995,0],[144.958662722261,-37.7995663367795,0],[144.958566360116,-37.7995697462937,0],[144.958192586193,-37.7995826595707,0],[144.95820119774,-37.799498465913,0],[144.958210899442,-37.7994977509704,0],[144.958208415274,-37.7994782559912,0],[144.958200209592,-37.7994784660788,0],[144.958181882817,-37.7993953103184,0],[144.958833344332,-37.7993729187655,0],[144.958848516704,-37.7992626316322,0],[144.958825117188,-37.7992611590569,0],[144.958865824072,-37.7989400443094,0],[144.958876125069,-37.7989408248383,0],[144.958888162098,-37.798845164427,0],[144.958946745056,-37.7988498403776,0],[144.958994151662,-37.7988429578496,0],[144.959040776789,-37.7988575341105,0],[144.959097836524,-37.7988613941556,0],[144.959086283957,-37.7989561329723,0],[144.959098566132,-37.7989571019185,0],[144.959059441068,-37.7992788389489,0],[144.959046926576,-37.7992778497506,0],[144.959037197912,-37.7993541009729,0],[144.95913255979,-37.7992530870501,0],[144.959143987464,-37.7992603043652,0],[144.959158741344,-37.7992398050392,0]]]},"properties":{"OBJECTID":109,"building_number":"181","address":"Medical Building 181 230 Grattan Street PARKVILLE VIC 3010","Extrusion":200,"loc_code":"PAR;181","campus_code":"PAR","GFA_INT":27870.87,"GFA_EXT":33490.54,"ccLinkList":"PAR;181;0","NO_FLOORS":10,"NAME":"Medical Building 181","PROP_STATU":"Owned - Freehold"}},{"type":"Feature","id":110,"geometry":{"type":"Polygon","coordinates":[[[144.958499477485,-37.7979302258693,0],[144.958229332729,-37.7979091139866,0],[144.958239023596,-37.7978310390851,0],[144.958255840024,-37.7978323516769,0],[144.958280570266,-37.797633118285,0],[144.958263784531,-37.7976318062293,0],[144.958273485565,-37.7975536476876,0],[144.958677690533,-37.7975852371831,0],[144.958672566511,-37.7976265241227,0],[144.958667934508,-37.7976638408922,0],[144.958647532518,-37.7976622472205,0],[144.958642485506,-37.7976945480507,0],[144.958681871756,-37.7976976675611,0],[144.95868116339,-37.7977032669141,0],[144.958836474683,-37.7977159043685,0],[144.958819753021,-37.7978411070984,0],[144.958665397022,-37.7978277526201,0],[144.95866459451,-37.7978340902075,0],[144.958496735974,-37.7978206645657,0],[144.958492511352,-37.7978515134288,0],[144.95850908524,-37.7978528082623,0],[144.958499477485,-37.7979302258693,0]]]},"properties":{"OBJECTID":110,"building_number":"141","address":"Conservatorium of Music Building 141 230 Grattan Street PARKVILLE VIC 3010","Extrusion":200,"loc_code":"PAR;141","campus_code":"PAR","GFA_INT":2363.94,"GFA_EXT":2632.96,"ccLinkList":"PAR;141;0","NO_FLOORS":2,"NAME":"Conservatorium of Music Building 141","PROP_STATU":"Owned - Freehold"}},{"type":"Feature","id":111,"geometry":{"type":"Polygon","coordinates":[[[144.954734117398,-37.7969299217864,0],[144.954699054473,-37.7971151192956,0],[144.954697947513,-37.7971188129192,0],[144.954696074962,-37.7971223058014,0],[144.954693489497,-37.7971254997276,0],[144.954690264033,-37.797128304044,0],[144.954686491615,-37.7971306392606,0],[144.954682278591,-37.7971324378339,0],[144.95467774448,-37.7971336486702,0],[144.954673018522,-37.797134238868,0],[144.954668234076,-37.7971341909178,0],[144.954663528518,-37.7971335063042,0],[144.954551520619,-37.7971091747579,0],[144.954547133112,-37.7971079117012,0],[144.954543066386,-37.7971060945853,0],[144.954539430345,-37.7971037739825,0],[144.954536322081,-37.7971010119581,0],[144.954533825852,-37.797097882971,0],[144.95453200975,-37.7970944711123,0],[144.954530922297,-37.7970908700458,0],[144.954530593778,-37.7970871758226,0],[144.954368253456,-37.7970668875829,0],[144.954366747079,-37.7970744790647,0],[144.95434199279,-37.7970713851875,0],[144.954240506719,-37.7970687643333,0],[144.954245225574,-37.7969537056397,0],[144.954261436083,-37.7968678833918,0],[144.954297416892,-37.7968759025804,0],[144.954299782964,-37.7968692172971,0],[144.954385911448,-37.7968884116246,0],[144.954734117398,-37.7969299217864,0]]]},"properties":{"OBJECTID":111,"building_number":"405","address":"Elizabeth Blackburn School of Sciences (University High) Story Street PARKVILLE VIC 3052","Extrusion":200,"loc_code":"PAR;405","campus_code":"PAR","GFA_INT":1499.04,"GFA_EXT":1601.31,"ccLinkList":"PAR;405;0","NO_FLOORS":2,"NAME":"Elizabeth Blackburn School of Sciences (University High)","PROP_STATU":"Owned - Freehold"}},{"type":"Feature","id":112,"geometry":{"type":"Polygon","coordinates":[[[144.960127122875,-37.8009729123778,0],[144.960474117843,-37.8010083604348,0],[144.960458219155,-37.8011063530494,0],[144.96011122147,-37.8010709048938,0],[144.960127122875,-37.8009729123778,0]]]},"properties":{"OBJECTID":112,"building_number":"362","address":"University Square CARLTON 3053","Extrusion":200,"loc_code":"PAR;362","campus_code":"PAR","GFA_INT":305.84,"GFA_EXT":354.2,"ccLinkList":"PAR;362;0","NO_FLOORS":1,"NAME":"M Pavillion - University Square","PROP_STATU":"Crown Land - Ground Lease to UoM"}},{"type":"Feature","id":113,"geometry":{"type":"Polygon","coordinates":[[[144.959332847764,-37.7979776466446,0],[144.959151515314,-37.7979647409323,0],[144.959123569463,-37.7979627516605,0],[144.959153960847,-37.7977123626029,0],[144.959116488453,-37.7976782461735,0],[144.959123539511,-37.7976172766468,0],[144.959374307031,-37.7976364646261,0],[144.959332847764,-37.7979776466446,0]]]},"properties":{"OBJECTID":113,"building_number":"148B","address":"Arts West Building 148 230 Grattan Street PARKVILLE VIC 3010","Extrusion":200,"loc_code":"PAR;148B","campus_code":"PAR","GFA_INT":5772.09,"GFA_EXT":6321.38,"ccLinkList":"PAR;148B;0","NO_FLOORS":10,"NAME":"Arts West Building 148","PROP_STATU":"Owned - Freehold"}},{"type":"Feature","id":114,"geometry":{"type":"Polygon","coordinates":[[[144.961707978959,-37.7960589523933,0],[144.961747367912,-37.7960630216592,0],[144.961734379813,-37.7961421654193,0],[144.961694990868,-37.7961380943464,0],[144.961707978959,-37.7960589523933,0]]]},"properties":{"OBJECTID":114,"building_number":"114","address":null,"Extrusion":200,"loc_code":"PAR;114","campus_code":"PAR","GFA_INT":12.8,"GFA_EXT":15.3,"ccLinkList":"PAR;114;0","NO_FLOORS":1,"NAME":"Pop-up Cafe","PROP_STATU":"Crown Land - UoM is CoM"}},{"type":"Feature","id":115,"geometry":{"type":"Polygon","coordinates":[[[144.959689481511,-37.8002005556567,0],[144.959644617392,-37.8004562029086,0],[144.959440945163,-37.8004342808383,0],[144.959483405264,-37.8001789768182,0],[144.959689481511,-37.8002005556567,0]]]},"properties":{"OBJECTID":115,"building_number":"251","address":"153-163 Barry Street CARLTON VIC 3053","Extrusion":200,"loc_code":"PAR;251","campus_code":"PAR","GFA_INT":464.33,"GFA_EXT":515.95,"ccLinkList":"PAR;251;0","NO_FLOORS":2,"NAME":"Alan Gilbert Building - Bld 104","PROP_STATU":"Owned - Freehold"}},{"type":"Feature","id":116,"geometry":{"type":"Polygon","coordinates":[[[144.961367479441,-37.8039721638375,0],[144.9613590215,-37.8040181639807,0],[144.961356259594,-37.8040331856471,0],[144.961350353779,-37.8040653076894,0],[144.961368441001,-37.804067133895,0],[144.961356093499,-37.804144132072,0],[144.961283203725,-37.8041367926276,0],[144.961281188305,-37.8041493670024,0],[144.961334673138,-37.8041551349899,0],[144.961329754219,-37.8041835017893,0],[144.961315518285,-37.804192213028,0],[144.961295955195,-37.8041902378015,0],[144.961283985952,-37.804178022398,0],[144.961284960546,-37.8041719482161,0],[144.961277685643,-37.8041712103675,0],[144.961274495497,-37.8041911062926,0],[144.961143494576,-37.8041778817009,0],[144.961152068158,-37.8041244200311,0],[144.961068120906,-37.804115780557,0],[144.96108013056,-37.8040541740723,0],[144.961161838908,-37.8040634812957,0],[144.961167051255,-37.8040309723675,0],[144.961259727772,-37.8040403261361,0],[144.961270524291,-37.8039735961623,0],[144.961207372293,-37.8039781333526,0],[144.961196808505,-37.8038860304083,0],[144.96131057532,-37.8038780781019,0],[144.961320824642,-37.8039674549403,0],[144.961367479441,-37.8039721638375,0]]]},"properties":{"OBJECTID":116,"building_number":"262","address":"224-252 Queensberry Street CARLTON VIC 3053","Extrusion":200,"loc_code":"PAR;260","campus_code":"PAR","GFA_INT":989.12,"GFA_EXT":1110.5,"ccLinkList":"PAR;262;0","NO_FLOORS":2,"NAME":"Queensberry Children's Centre","PROP_STATU":"Owned - Freehold"}},{"type":"Feature","id":117,"geometry":{"type":"Polygon","coordinates":[[[144.964669004457,-37.7995593161754,0],[144.96473437701,-37.799515527698,0],[144.965026942436,-37.7995476334482,0],[144.965005482855,-37.7996730607657,0],[144.964987494987,-37.7996720361914,0],[144.96493250751,-37.7998047468799,0],[144.964883724713,-37.7998090486712,0],[144.964835775352,-37.7998173705819,0],[144.964838848559,-37.7998038429405,0],[144.964643844559,-37.7997211339177,0],[144.964669004457,-37.7995593161754,0]]]},"properties":{"OBJECTID":117,"building_number":"291","address":"114-152 Grattan Street CARLTON VIC 3053","Extrusion":200,"loc_code":"PAR;291","campus_code":"PAR","GFA_INT":1913.92,"GFA_EXT":2052.29,"ccLinkList":"PAR;291;0","NO_FLOORS":3,"NAME":"Melbourne Connect (CLT)","PROP_STATU":"Owned - Ground Lease to Operator"}},{"type":"Feature","id":118,"geometry":{"type":"Polygon","coordinates":[[[144.959415461439,-37.7970325659957,0],[144.959555165968,-37.7970482195542,0],[144.959549608126,-37.7970794554003,0],[144.959409903564,-37.7970638009328,0],[144.959415461439,-37.7970325659957,0]]]},"properties":{"OBJECTID":118,"building_number":"145","address":"Low Light Glasshouse (North Wing)","Extrusion":200,"loc_code":"PAR;145","campus_code":"PAR","GFA_INT":43.84,"GFA_EXT":43.97,"ccLinkList":"PAR;145;0","NO_FLOORS":1,"NAME":"Low Light Glasshouse","PROP_STATU":"Owned - Freehold"}},{"type":"Feature","id":119,"geometry":{"type":"Polygon","coordinates":[[[144.959407404,-37.7970820803642,0],[144.959546755752,-37.7970988362694,0],[144.95953995288,-37.7971344582023,0],[144.959400601063,-37.7971177022873,0],[144.959407404,-37.7970820803642,0]]]},"properties":{"OBJECTID":119,"building_number":"146","address":"Low Light Glasshouse (South Wing)","Extrusion":200,"loc_code":"PAR;146","campus_code":"PAR","GFA_INT":43.82,"GFA_EXT":47.04,"ccLinkList":"PAR;146;0","NO_FLOORS":1,"NAME":"Low Light Glasshouse","PROP_STATU":"Owned - Freehold"}},{"type":"Feature","id":120,"geometry":{"type":"Polygon","coordinates":[[[144.959188497497,-37.7970020329698,0],[144.959329593848,-37.7970156382062,0],[144.959311825222,-37.7971316714301,0],[144.959170727545,-37.7971180652458,0],[144.959188497497,-37.7970020329698,0]]]},"properties":{"OBJECTID":120,"building_number":"121","address":null,"Extrusion":200,"loc_code":"PAR;121","campus_code":"PAR","GFA_INT":94.43,"GFA_EXT":104.45,"ccLinkList":"PAR;121;0","NO_FLOORS":1,"NAME":"Botany Potting Shed","PROP_STATU":"Owned - Freehold"}},{"type":"Feature","id":121,"geometry":{"type":"Polygon","coordinates":[[[144.965616262485,-37.7972806416906,0],[144.964706859529,-37.7971816774105,0],[144.964739142179,-37.796993672778,0],[144.965647972689,-37.7970923916889,0],[144.965616262485,-37.7972806416906,0]]]},"properties":{"OBJECTID":121,"building_number":"200","address":"253-283 Elgin Street CARLTON VIC 3053","Extrusion":200,"loc_code":"PAR;200","campus_code":"PAR","GFA_INT":6350.75,"GFA_EXT":6959.5,"ccLinkList":"PAR;200;0","NO_FLOORS":4,"NAME":"McCoy Building","PROP_STATU":"Owned - Freehold"}},{"type":"Feature","id":122,"geometry":{"type":"Polygon","coordinates":[[[144.962364121364,-37.7996735471217,0],[144.962363527509,-37.79967680722,0],[144.962403319623,-37.7996813203336,0],[144.962399893907,-37.7997003443982,0],[144.962403225966,-37.7997007219697,0],[144.962348777117,-37.8000030612726,0],[144.962338363281,-37.8000608880811,0],[144.962172946458,-37.8000421316457,0],[144.962179422384,-37.8000061812851,0],[144.962137482489,-37.8000015840655,0],[144.962134690195,-37.8000012780082,0],[144.962147350356,-37.7999309826472,0],[144.962150840905,-37.7999313791899,0],[144.96219205068,-37.7999360520854,0],[144.962192432485,-37.7999339373202,0],[144.962189333622,-37.7999335872084,0],[144.962228649992,-37.7997152840902,0],[144.962196305433,-37.7997116162294,0],[144.962206891156,-37.7996557191234,0],[144.962364121364,-37.7996735471217,0]]]},"properties":{"OBJECTID":122,"building_number":"170","address":"Mechanical Engineering Building 169-170 230 Grattan Street PARKVILLE VIC 3010","Extrusion":200,"loc_code":"PAR;170","campus_code":"PAR","GFA_INT":3560.49,"GFA_EXT":3843.07,"ccLinkList":"PAR;170;0","NO_FLOORS":7,"NAME":"Mechanical Engineering Building 169-170","PROP_STATU":"Owned - Freehold"}},{"type":"Feature","id":123,"geometry":{"type":"Polygon","coordinates":[[[144.961577753915,-37.7999213443689,0],[144.961593454239,-37.7998392178686,0],[144.961599792845,-37.799804016747,0],[144.962162290881,-37.7998678000881,0],[144.962150840905,-37.7999313791899,0],[144.962147350356,-37.7999309826472,0],[144.962134690195,-37.8000012780082,0],[144.962137482489,-37.8000015840655,0],[144.962136678763,-37.8000061986053,0],[144.961574508511,-37.799944583631,0],[144.961575312246,-37.7999399699968,0],[144.961574417726,-37.7999398716046,0],[144.961577753915,-37.7999213443689,0]]]},"properties":{"OBJECTID":123,"building_number":"176","address":"Infrastructure Engineering Building 174-176 230 Grattan Street PARKVILLE VIC 3010","Extrusion":200,"loc_code":"PAR;176","campus_code":"PAR","GFA_INT":7334.39,"GFA_EXT":8275.4,"ccLinkList":"PAR;176;0","NO_FLOORS":6,"NAME":"Infrastructure Engineering Building (Block D) 174-176","PROP_STATU":"Owned - Freehold"}},{"type":"Feature","id":124,"geometry":{"type":"Polygon","coordinates":[[[144.961035644682,-37.7997773955526,0],[144.961018825646,-37.799866026226,0],[144.960983202344,-37.7998619831463,0],[144.960980165931,-37.7998792268705,0],[144.960716222465,-37.7998499741049,0],[144.960742144474,-37.7997027146054,0],[144.961005786337,-37.7997317241744,0],[144.960998517673,-37.7997733129247,0],[144.961035644682,-37.7997773955526,0]]]},"properties":{"OBJECTID":124,"building_number":"175","address":"Infrastructure Engineering Building 174-176 230 Grattan Street PARKVILLE VIC 3010","Extrusion":200,"loc_code":"PAR;175","campus_code":"PAR","GFA_INT":2390.31,"GFA_EXT":2977.95,"ccLinkList":"PAR;175;0","NO_FLOORS":5,"NAME":"Infrastructure Engineering Building (Block B) 174-176","PROP_STATU":"Owned - Freehold"}},{"type":"Feature","id":125,"geometry":{"type":"Polygon","coordinates":[[[144.961694733544,-37.8011163037674,0],[144.961607330184,-37.8011068776413,0],[144.961649560738,-37.8008649576025,0],[144.961734809753,-37.80087432658,0],[144.96221643136,-37.8009272583183,0],[144.962173513942,-37.8011729119867,0],[144.961694733544,-37.8011163037674,0]]]},"properties":{"OBJECTID":125,"building_number":"250","address":"197-235 Bouverie Street CARLTON VIC 3053","Extrusion":200,"loc_code":"PAR;250","campus_code":"PAR","GFA_INT":1063.49,"GFA_EXT":1133.6,"ccLinkList":"PAR;250;0","NO_FLOORS":1,"NAME":"Melbourne University","PROP_STATU":"Owned - Freehold"}},{"type":"Feature","id":126,"geometry":{"type":"Polygon","coordinates":[[[144.961276723343,-37.8021042260696,0],[144.961309089029,-37.8019005237692,0],[144.961462496576,-37.8019176785455,0],[144.961426883896,-37.8021203991736,0],[144.961276723343,-37.8021042260696,0]]]},"properties":{"OBJECTID":126,"building_number":"252","address":"183-195 Bouverie Street CARLTON VIC 3053","Extrusion":200,"loc_code":"PAR;252","campus_code":"PAR","GFA_INT":296.88,"GFA_EXT":316.58,"ccLinkList":"PAR;252;0","NO_FLOORS":1,"NAME":"Melbourne Business School","PROP_STATU":"Leased"}},{"type":"Feature","id":127,"geometry":{"type":"Polygon","coordinates":[[[144.961309089029,-37.8019005237692,0],[144.961276723343,-37.8021042260696,0],[144.961131228526,-37.8020885499002,0],[144.961168976721,-37.8018848561233,0],[144.961309089029,-37.8019005237692,0]]]},"properties":{"OBJECTID":127,"building_number":"253","address":"183-195 Bouverie Street CARLTON VIC 3053","Extrusion":200,"loc_code":"PAR;253","campus_code":"PAR","GFA_INT":300.34,"GFA_EXT":319.28,"ccLinkList":"PAR;253;0","NO_FLOORS":1,"NAME":"Melbourne Business School","PROP_STATU":"Leased"}},{"type":"Feature","id":128,"geometry":{"type":"Polygon","coordinates":[[[144.964734968794,-37.7977464305986,0],[144.964809821052,-37.7977545073805,0],[144.964807406012,-37.7977704994078,0],[144.964877306684,-37.7977778723658,0],[144.964862856162,-37.7978629038442,0],[144.96479135888,-37.7978537009277,0],[144.96479419172,-37.7978351901187,0],[144.964720190671,-37.7978277101984,0],[144.964734968794,-37.7977464305986,0]]]},"properties":{"OBJECTID":128,"building_number":"244","address":"Strata Title 2/800 Swanston Street","Extrusion":200,"loc_code":"PAR;244","campus_code":"PAR","GFA_INT":110.66,"GFA_EXT":122.36,"ccLinkList":"PAR;244;0","NO_FLOORS":1,"NAME":"800 SWANSTON ST, CARLTON, VIC 3053","PROP_STATU":"Owned - Strata"}},{"type":"Feature","id":129,"geometry":{"type":"Polygon","coordinates":[[[144.961975166608,-37.8003422039373,0],[144.96213712309,-37.8003593210118,0],[144.962104615339,-37.8005378945306,0],[144.962076786973,-37.8005349806705,0],[144.962044936274,-37.800702408959,0],[144.961914178352,-37.8006896932518,0],[144.961975166608,-37.8003422039373,0]]]},"properties":{"OBJECTID":129,"building_number":"241","address":"201 Grattan Street CARLTON VIC 3053","Extrusion":200,"loc_code":"PAR;241","campus_code":"PAR","GFA_INT":848.95,"GFA_EXT":932.71,"ccLinkList":"PAR;241;0","NO_FLOORS":2,"NAME":"Campus Canteeen","PROP_STATU":"Owned - Freehold"}},{"type":"Feature","id":130,"geometry":{"type":"Polygon","coordinates":[[[144.960508054864,-37.7994073731159,0],[144.96053855457,-37.7994110076863,0],[144.960527905635,-37.7994668053071,0],[144.960497404772,-37.7994631707136,0],[144.960508054864,-37.7994073731159,0]]]},"properties":{"OBJECTID":130,"building_number":"188","address":"Building 188 230 Grattan Street Parkville VIC 3010","Extrusion":null,"loc_code":"PAR;188","campus_code":"PAR","GFA_INT":12.77,"GFA_EXT":14.77,"ccLinkList":"PAR;188;0","NO_FLOORS":1,"NAME":"Building 188","PROP_STATU":"Owned - Freehold"}},{"type":"Feature","id":131,"geometry":{"type":"Polygon","coordinates":[[[144.959148652978,-37.7967516946521,0],[144.959164645605,-37.7967523133473,0],[144.95917510215,-37.7967622038435,0],[144.959173935832,-37.7967750362268,0],[144.959161036688,-37.796783334224,0],[144.959145604459,-37.7967822016557,0],[144.959135010223,-37.7967728575879,0],[144.959136036372,-37.7967591351159,0],[144.959148652978,-37.7967516946521,0]]]},"properties":{"OBJECTID":131,"building_number":"120","address":"System Garden Tower 120 230 Grattan Street PARKVILLE VIC 3010","Extrusion":null,"loc_code":"PAR;120","campus_code":"PAR","GFA_INT":8.41,"GFA_EXT":11.02,"ccLinkList":"PAR;120;0","NO_FLOORS":1,"NAME":"System Garden Tower","PROP_STATU":"Owned - Freehold"}},{"type":"Feature","id":132,"geometry":{"type":"Polygon","coordinates":[[[144.962093656313,-37.7992159738142,0],[144.962153592725,-37.7988595201135,0],[144.962303673501,-37.7988764233094,0],[144.962242464499,-37.7992339157592,0],[144.962093656313,-37.7992159738142,0]]]},"properties":{"OBJECTID":132,"building_number":"167","address":"Chemical Engineering 2, Wilson Avenue","Extrusion":200,"loc_code":"PAR;167","campus_code":"PAR","GFA_INT":2064.73,"GFA_EXT":2627.94,"ccLinkList":"PAR;167;0","NO_FLOORS":4,"NAME":"Chemical Engineering 2","PROP_STATU":"Owned - Freehold"}},{"type":"Feature","id":133,"geometry":{"type":"Polygon","coordinates":[[[144.962351185332,-37.7936551092011,0],[144.962320003868,-37.7937012092808,0],[144.962102745884,-37.7936143081649,0],[144.962135937413,-37.7935650293232,0],[144.962351185332,-37.7936551092011,0]]]},"properties":{"OBJECTID":133,"building_number":"503","address":"Maintenance Garage (North of Oval) PARKVILLE 3052","Extrusion":null,"loc_code":"PAR;503","campus_code":"PAR","GFA_INT":119.29,"GFA_EXT":127.46,"ccLinkList":"PAR;503;0","NO_FLOORS":1,"NAME":"Maintenance Garage (North of oval)","PROP_STATU":"Owned - Freehold"}},{"type":"Feature","id":134,"geometry":{"type":"Polygon","coordinates":[[[145.705592737747,-36.38364706192,0],[145.705483139348,-36.3836322186238,0],[145.705499509557,-36.383551758866,0],[145.705477590133,-36.3835487898401,0],[145.705461219888,-36.3836292504957,0],[145.70540642071,-36.3836218288002,0],[145.705428248135,-36.383514548241,0],[145.705504966672,-36.3835249380487,0],[145.705521337947,-36.3834444782977,0],[145.705630936091,-36.3834593215542,0],[145.705592737747,-36.38364706192,0]]]},"properties":{"OBJECTID":134,"building_number":"514","address":"DORMITORY D","Extrusion":null,"loc_code":"DOO;514","campus_code":"DOO","GFA_INT":194.13,"GFA_EXT":203.1,"ccLinkList":"DOO;514;0","NO_FLOORS":1,"NAME":"DOOKIE DORMITORY D","PROP_STATU":"Crown Land - UoM is CoM"}},{"type":"Feature","id":135,"geometry":{"type":"Polygon","coordinates":[[[145.704241928332,-36.3813611384404,0],[145.704261916654,-36.3812645700883,0],[145.704701678565,-36.3813251599382,0],[145.704680847145,-36.3814258091845,0],[145.704362684964,-36.3813819724502,0],[145.704360151821,-36.3813942148509,0],[145.70428019618,-36.3813831969422,0],[145.704283574045,-36.3813668764519,0],[145.704241928332,-36.3813611384404,0]]]},"properties":{"OBJECTID":135,"building_number":"535","address":"WINERY BUILDING","Extrusion":null,"loc_code":"DOO;535","campus_code":"DOO","GFA_INT":483.34,"GFA_EXT":526.45,"ccLinkList":"DOO;535;0","NO_FLOORS":2,"NAME":"DOOKIE WINERY BUILDING","PROP_STATU":"Crown Land - UoM is CoM"}},{"type":"Feature","id":136,"geometry":{"type":"Polygon","coordinates":[[[145.704291510264,-36.3810363807316,0],[145.704302225209,-36.3809878546616,0],[145.704549690808,-36.3810267590856,0],[145.704535790144,-36.3810740543773,0],[145.704291510264,-36.3810363807316,0]]]},"properties":{"OBJECTID":136,"building_number":"534","address":"HORSE CLUB","Extrusion":null,"loc_code":"DOO;534","campus_code":"DOO","GFA_INT":239.76,"GFA_EXT":253,"ccLinkList":"DOO;534;0","NO_FLOORS":1,"NAME":"DOOKIE HORSE CLUB","PROP_STATU":"Crown Land - UoM is CoM"}},{"type":"Feature","id":137,"geometry":{"type":"Polygon","coordinates":[[[145.704659633159,-36.3877200732121,0],[145.704555919851,-36.3876447304948,0],[145.70457439296,-36.3876278120122,0],[145.704470679872,-36.3875524683226,0],[145.704532254626,-36.3874960733875,0],[145.704635967703,-36.387571417024,0],[145.70461749572,-36.3875883364302,0],[145.704721209001,-36.3876636799956,0],[145.704659633159,-36.3877200732121,0]]]},"properties":{"OBJECTID":137,"building_number":"557","address":"PUDNEY HOUSE","Extrusion":null,"loc_code":"DOO;557","campus_code":"DOO","GFA_INT":175.97,"GFA_EXT":252.49,"ccLinkList":"DOO;557;0","NO_FLOORS":1,"NAME":"DOOKIE - PUDNEY HOUSE (managed by FVAS)","PROP_STATU":"Owned - Freehold"}},{"type":"Feature","id":138,"geometry":{"type":"Polygon","coordinates":[[[145.704539997138,-36.3873849749303,0],[145.704558467958,-36.387368056424,0],[145.704454756337,-36.3872927127368,0],[145.704516331992,-36.3872363187169,0],[145.704620043601,-36.3873116623511,0],[145.704601570578,-36.3873285808433,0],[145.704705284621,-36.3874039244307,0],[145.704643708948,-36.3874603194478,0],[145.704539997138,-36.3873849749303,0]]]},"properties":{"OBJECTID":138,"building_number":"558","address":"THOMPSON HOUSE","Extrusion":null,"loc_code":"DOO;558","campus_code":"DOO","GFA_INT":172.55,"GFA_EXT":243.11,"ccLinkList":"DOO;558;0","NO_FLOORS":2,"NAME":"DOOKIE - THOMPSON HOUSE (managed by FVAS)","PROP_STATU":"Owned - Freehold"}},{"type":"Feature","id":139,"geometry":{"type":"Polygon","coordinates":[[[145.706439817319,-36.3817547045824,0],[145.706458529249,-36.3816653761342,0],[145.706562100855,-36.3816799927875,0],[145.706543550335,-36.3817693428331,0],[145.706439817319,-36.3817547045824,0]]]},"properties":{"OBJECTID":139,"building_number":"536","address":"CAMPUS PETROL STATION","Extrusion":null,"loc_code":"DOO;536","campus_code":"DOO","GFA_INT":82.34,"GFA_EXT":86.76,"ccLinkList":"DOO;536;0","NO_FLOORS":1,"NAME":"DOOKIE CAMPUS PETROL STATION","PROP_STATU":"Crown Land - UoM is CoM"}},{"type":"Feature","id":140,"geometry":{"type":"Polygon","coordinates":[[[145.709287816146,-36.3849414100235,0],[145.709341120701,-36.3846838083581,0],[145.709297043418,-36.3846777366131,0],[145.709306841159,-36.3846303847147,0],[145.709536509131,-36.3846620172575,0],[145.709518872047,-36.3847472534013,0],[145.709562949404,-36.3847533241643,0],[145.709535513568,-36.3848859131189,0],[145.709493756526,-36.3848801621971,0],[145.709475726819,-36.3849672916784,0],[145.709287816146,-36.3849414100235,0]]]},"properties":{"OBJECTID":140,"building_number":"552","address":"STOCK ROTUNDA","Extrusion":null,"loc_code":"DOO;552","campus_code":"DOO","GFA_INT":609.8,"GFA_EXT":623.8,"ccLinkList":"DOO;552;0","NO_FLOORS":1,"NAME":"DOOKIE STOCK ROTUNDA","PROP_STATU":"Owned - Freehold"}},{"type":"Feature","id":141,"geometry":{"type":"Polygon","coordinates":[[[145.708043061008,-36.3868409478079,0],[145.708074414316,-36.3866894455845,0],[145.708279927796,-36.3867177534021,0],[145.708248574872,-36.3868692556865,0],[145.708043061008,-36.3868409478079,0]]]},"properties":{"OBJECTID":141,"building_number":"554","address":"HAY SHEDS","Extrusion":null,"loc_code":"DOO;554","campus_code":"DOO","GFA_INT":503.39,"GFA_EXT":519.08,"ccLinkList":"DOO;554;0","NO_FLOORS":1,"NAME":"DOOKIE HAY SHEDS","PROP_STATU":"Owned - Freehold"}},{"type":"Feature","id":142,"geometry":{"type":"Polygon","coordinates":[[[145.708116432495,-36.386480687511,0],[145.708134638562,-36.3863927182101,0],[145.708352121637,-36.3864226752455,0],[145.708333918051,-36.3865106437067,0],[145.708116432495,-36.386480687511,0]]]},"properties":{"OBJECTID":142,"building_number":"554","address":"HAY SHEDS","Extrusion":null,"loc_code":"DOO;554","campus_code":"DOO","GFA_INT":503.39,"GFA_EXT":519.08,"ccLinkList":"DOO;554;0","NO_FLOORS":1,"NAME":"DOOKIE HAY SHEDS","PROP_STATU":"Owned - Freehold"}},{"type":"Feature","id":143,"geometry":{"type":"Polygon","coordinates":[[[145.703842385022,-36.3827442206586,0],[145.703850116735,-36.3827068684164,0],[145.70383913702,-36.3827053555912,0],[145.703848415285,-36.3826605334436,0],[145.703980165155,-36.3826786862956,0],[145.703963155304,-36.3827608607057,0],[145.703842385022,-36.3827442206586,0]]]},"properties":{"OBJECTID":143,"building_number":"5004","address":"HOUSE 18","Extrusion":null,"loc_code":"DOO;5004","campus_code":"DOO","GFA_INT":76.64,"GFA_EXT":83.45,"ccLinkList":"DOO;5004;0","NO_FLOORS":1,"NAME":"DOOKIE RENTAL RESIDENCE 18","PROP_STATU":"Crown Land - UoM is CoM"}},{"type":"Feature","id":144,"geometry":{"type":"Polygon","coordinates":[[[145.705782208445,-36.3827200336493,0],[145.705802826782,-36.3826204077832,0],[145.706025708712,-36.3826511143906,0],[145.706019935254,-36.382679009966,0],[145.706124056675,-36.3826933544118,0],[145.706129004855,-36.3826694433935,0],[145.706259154719,-36.3826873726702,0],[145.706212419668,-36.3829131916587,0],[145.706079014764,-36.3828948141918,0],[145.706076541232,-36.382906768804,0],[145.706053764083,-36.3829036310328,0],[145.706057063984,-36.3828876918712,0],[145.706039167756,-36.3828852253836,0],[145.706053738386,-36.3828148235465,0],[145.70592684192,-36.3827973421675,0],[145.705938409617,-36.3827414457804,0],[145.705782208445,-36.3827200336493,0]]]},"properties":{"OBJECTID":144,"building_number":"507","address":"SWINBURNE HALL","Extrusion":null,"loc_code":"DOO;507","campus_code":"DOO","GFA_INT":622.45,"GFA_EXT":666.67,"ccLinkList":"DOO;507;0","NO_FLOORS":1,"NAME":"DOOKIE - SWINBURNE HALL","PROP_STATU":"Crown Land - UoM is CoM"}},{"type":"Feature","id":145,"geometry":{"type":"Polygon","coordinates":[[[145.705838251937,-36.3832018643062,0],[145.705841028914,-36.3831751685803,0],[145.705896315244,-36.3829080379945,0],[145.705924628435,-36.3829119389238,0],[145.705919577289,-36.3829363401163,0],[145.706041791052,-36.3829531776064,0],[145.706010560296,-36.3831040803139,0],[145.706036513223,-36.3831076545551,0],[145.706005281257,-36.3832585581451,0],[145.705985618536,-36.3832558498474,0],[145.705948673324,-36.3834343638741,0],[145.705832277447,-36.3834183285285,0],[145.705839321149,-36.3833842951145,0],[145.70580157185,-36.3833790947644,0],[145.705838251937,-36.3832018643062,0]]]},"properties":{"OBJECTID":145,"building_number":"505","address":"ACADEMIC CENTRE (MAIN BUILDING)","Extrusion":null,"loc_code":"DOO;505","campus_code":"DOO","GFA_INT":528.5,"GFA_EXT":599.91,"ccLinkList":"DOO;505;0","NO_FLOORS":1,"NAME":"DOOKIE ACADEMIC CENTRE (MAIN BUILDING)","PROP_STATU":"Crown Land - UoM is CoM"}},{"type":"Feature","id":146,"geometry":{"type":"Polygon","coordinates":[[[145.708610542175,-36.382597046402,0],[145.7087808132,-36.3826205000314,0],[145.708749966064,-36.3827695677642,0],[145.708580642439,-36.3827462442276,0],[145.708591510247,-36.3826937232079,0],[145.708529077344,-36.3826851233202,0],[145.708539626411,-36.3826341475806,0],[145.708601112692,-36.3826426164303,0],[145.708610542175,-36.382597046402,0]]]},"properties":{"OBJECTID":146,"building_number":"560","address":"GRAIN STORE SHED","Extrusion":null,"loc_code":"DOO;560","campus_code":"DOO","GFA_INT":634.08,"GFA_EXT":656.18,"ccLinkList":"DOO;560;0","NO_FLOORS":1,"NAME":"DOOKIE GRAIN STORE SHEDS","PROP_STATU":"Owned - Freehold"}},{"type":"Feature","id":147,"geometry":{"type":"Polygon","coordinates":[[[145.707059649674,-36.3840903135781,0],[145.707003338644,-36.3840846845896,0],[145.707022465898,-36.3839502096637,0],[145.707077695378,-36.3839552337683,0],[145.707059649674,-36.3840903135781,0]]]},"properties":{"OBJECTID":147,"building_number":"581","address":"GLASSHOUSE 1","Extrusion":null,"loc_code":"DOO;581","campus_code":"DOO","GFA_INT":73.44,"GFA_EXT":77.5,"ccLinkList":"DOO;581;0","NO_FLOORS":1,"NAME":"DOOKIE GLASSHOUSE 1","PROP_STATU":"Owned - Freehold"}},{"type":"Feature","id":148,"geometry":{"type":"Polygon","coordinates":[[[145.703962179193,-36.382198391046,0],[145.704125382335,-36.3822208776395,0],[145.704106397104,-36.3823125988242,0],[145.703943194892,-36.3822901122135,0],[145.703962179193,-36.382198391046,0]]]},"properties":{"OBJECTID":148,"building_number":"5008","address":"HOUSE 28","Extrusion":null,"loc_code":"DOO;5008","campus_code":"DOO","GFA_INT":102.19,"GFA_EXT":127.6,"ccLinkList":"DOO;5008;0","NO_FLOORS":1,"NAME":"DOOKIE RENTAL RESIDENCE 28","PROP_STATU":"Crown Land - UoM is CoM"}},{"type":"Feature","id":149,"geometry":{"type":"Polygon","coordinates":[[[145.703024720056,-36.3835980756794,0],[145.703327629626,-36.3836037995662,0],[145.703325693649,-36.3837009143739,0],[145.703022784817,-36.3836951904868,0],[145.703024720056,-36.3835980756794,0]]]},"properties":{"OBJECTID":149,"building_number":"5001","address":"HOUSE 1","Extrusion":null,"loc_code":"DOO;5001","campus_code":"DOO","GFA_INT":200.81,"GFA_EXT":228.73,"ccLinkList":"DOO;5001;0","NO_FLOORS":2,"NAME":"DOOKIE SHORT-STAY RESIDENCE 1 (managed by FVAS)","PROP_STATU":"Crown Land - UoM is CoM"}},{"type":"Feature","id":150,"geometry":{"type":"Polygon","coordinates":[[[145.704396286113,-36.384810049716,0],[145.704462134125,-36.3848185094269,0],[145.704461269394,-36.3848229857488,0],[145.704494193408,-36.384827215591,0],[145.704491602579,-36.3848406436922,0],[145.70450257651,-36.3848420536299,0],[145.704481844283,-36.3849494783777,0],[145.70443794516,-36.3849438385763,0],[145.704425850095,-36.3850065026908,0],[145.704370976994,-36.3849994529192,0],[145.704381342642,-36.3849457405518,0],[145.704397805786,-36.3849478554976,0],[145.704399533014,-36.3849389037323,0],[145.704372097045,-36.3849353788501,0],[145.704396286113,-36.384810049716,0]]]},"properties":{"OBJECTID":150,"building_number":"5009","address":"HOUSE 49","Extrusion":null,"loc_code":"DOO;5009","campus_code":"DOO","GFA_INT":116.96,"GFA_EXT":125.32,"ccLinkList":"DOO;5009;0","NO_FLOORS":1,"NAME":"DOOKIE RENTAL PROPERTY 49(MANSFIELD AUTISM SCHOOL)","PROP_STATU":"Crown Land - UoM is CoM"}},{"type":"Feature","id":151,"geometry":{"type":"Polygon","coordinates":[[[145.703763364055,-36.3830227017442,0],[145.703873307365,-36.3830378505417,0],[145.703870116085,-36.3830532634585,0],[145.703891215756,-36.3830561724984,0],[145.703887275265,-36.3830752138057,0],[145.703877281014,-36.3830738369818,0],[145.70385325558,-36.38318989983,0],[145.703745933804,-36.3831751130078,0],[145.70376601667,-36.3830780896599,0],[145.703752290548,-36.3830761999541,0],[145.703763364055,-36.3830227017442,0]]]},"properties":{"OBJECTID":151,"building_number":"5003","address":"HOUSE 14","Extrusion":null,"loc_code":"DOO;5003","campus_code":"DOO","GFA_INT":125.08,"GFA_EXT":131.85,"ccLinkList":"DOO;5003;0","NO_FLOORS":1,"NAME":"DOOKIE SHORT-STAY RESIDENCE 14 (managed by FVAS)","PROP_STATU":"Crown Land - UoM is CoM"}},{"type":"Feature","id":152,"geometry":{"type":"Polygon","coordinates":[[[145.703673515234,-36.3834375546372,0],[145.703806781362,-36.3834559161598,0],[145.703788524737,-36.3835438644223,0],[145.703664203523,-36.3835266871364,0],[145.703672451813,-36.3834868371435,0],[145.70366356764,-36.3834856120776,0],[145.703673515234,-36.3834375546372,0]]]},"properties":{"OBJECTID":152,"building_number":"5002","address":"HOUSE 10","Extrusion":null,"loc_code":"DOO;5002","campus_code":"DOO","GFA_INT":75.81,"GFA_EXT":81.87,"ccLinkList":"DOO;5002;0","NO_FLOORS":1,"NAME":"DOOKIE RENTAL RESIDENCE 10","PROP_STATU":"Crown Land - UoM is CoM"}},{"type":"Feature","id":153,"geometry":{"type":"Polygon","coordinates":[[[145.705565763298,-36.3839433145851,0],[145.705597453309,-36.3837902048008,0],[145.705703598348,-36.3838048284736,0],[145.705671908538,-36.3839579382898,0],[145.705565763298,-36.3839433145851,0]]]},"properties":{"OBJECTID":153,"building_number":"529","address":"LECTURE THEATRE E","Extrusion":null,"loc_code":"DOO;529","campus_code":"DOO","GFA_INT":115.62,"GFA_EXT":122.4,"ccLinkList":"DOO;529;0","NO_FLOORS":1,"NAME":"DOOKIE LECTURE THEATRE E","PROP_STATU":"Crown Land - UoM is CoM"}},{"type":"Feature","id":154,"geometry":{"type":"Polygon","coordinates":[[[145.703767712143,-36.3836088813543,0],[145.703741671769,-36.3837346824874,0],[145.703627748703,-36.3837189846408,0],[145.703653789224,-36.3835931853383,0],[145.703767712143,-36.3836088813543,0]]]},"properties":{"OBJECTID":154,"building_number":"522","address":"HOUSE 2","Extrusion":null,"loc_code":"DOO;522","campus_code":"DOO","GFA_INT":117.05,"GFA_EXT":124.76,"ccLinkList":"DOO;522;0","NO_FLOORS":1,"NAME":"DOOKIE RENTAL PROPERTY (MANSFIELD AUTISM SCHOOL)","PROP_STATU":"Crown Land - UoM is CoM"}},{"type":"Feature","id":155,"geometry":{"type":"Polygon","coordinates":[[[145.705656939328,-36.3852101200982,0],[145.705756515383,-36.3852196135112,0],[145.705731303406,-36.3853905659342,0],[145.705631728253,-36.3853810725082,0],[145.705656939328,-36.3852101200982,0]]]},"properties":{"OBJECTID":155,"building_number":"5591","address":" 940 Dookie-Nalinga Rd","Extrusion":null,"loc_code":"DOO;5591","campus_code":"DOO","GFA_INT":97.66,"GFA_EXT":120.05,"ccLinkList":"DOO;5591;0","NO_FLOORS":1,"NAME":"5591 DOOKIE MOTEL BUILDING UNITS 1-4","PROP_STATU":"Owned - Freehold"}},{"type":"Feature","id":156,"geometry":{"type":"Polygon","coordinates":[[[145.70547160231,-36.3830454129478,0],[145.705782243704,-36.3830882097306,0],[145.705780383378,-36.3830971997426,0],[145.705817346112,-36.3831022924137,0],[145.705808840829,-36.3831433892174,0],[145.70583888267,-36.3831475279558,0],[145.705836105694,-36.3831742236818,0],[145.70580464784,-36.3831698902065,0],[145.705794946385,-36.3832167659775,0],[145.705763487417,-36.3832124315777,0],[145.70576136164,-36.3832227060087,0],[145.705443948964,-36.3831789766748,0],[145.70547160231,-36.3830454129478,0]]]},"properties":{"OBJECTID":156,"building_number":"506","address":"PATRICK RYAN HALL","Extrusion":null,"loc_code":"DOO;506","campus_code":"DOO","GFA_INT":561.52,"GFA_EXT":640.26,"ccLinkList":"DOO;506;0","NO_FLOORS":3,"NAME":"DOOKIE - PATRICK RYAN HALL","PROP_STATU":"Crown Land - UoM is CoM"}},{"type":"Feature","id":157,"geometry":{"type":"Polygon","coordinates":[[[145.705800841477,-36.3827687850129,0],[145.705933455192,-36.3827870559559,0],[145.705901939728,-36.3829393212766,0],[145.705769326849,-36.3829210521087,0],[145.705800841477,-36.3827687850129,0]]]},"properties":{"OBJECTID":157,"building_number":"508","address":"RESIDENTIAL SUPPORT","Extrusion":null,"loc_code":"DOO;508","campus_code":"DOO","GFA_INT":144.06,"GFA_EXT":158.78,"ccLinkList":"DOO;508;0","NO_FLOORS":1,"NAME":"DOOKIE RESIDENTIAL SUPPORT BUILDING","PROP_STATU":"Crown Land - UoM is CoM"}},{"type":"Feature","id":158,"geometry":{"type":"Polygon","coordinates":[[[145.704973771929,-36.382544046473,0],[145.705283886936,-36.3825893385978,0],[145.705262372436,-36.3826932844039,0],[145.705423290098,-36.3827154541857,0],[145.705400571028,-36.3828252230621,0],[145.705212154251,-36.3827992646511,0],[145.705228676877,-36.3827194339948,0],[145.705205252477,-36.3827162052092,0],[145.705210887549,-36.3826896135012,0],[145.704951223281,-36.3826529832516,0],[145.704973771929,-36.382544046473,0]]]},"properties":{"OBJECTID":158,"building_number":"510","address":"SCIENCE LABORATORY","Extrusion":null,"loc_code":"DOO;510","campus_code":"DOO","GFA_INT":397.09,"GFA_EXT":446.98,"ccLinkList":"DOO;510;0","NO_FLOORS":2,"NAME":"DOOKIE SCIENCE LABORATORY","PROP_STATU":"Crown Land - UoM is CoM"}},{"type":"Feature","id":159,"geometry":{"type":"Polygon","coordinates":[[[145.705696781237,-36.3834573343371,0],[145.7057063818,-36.3834586571622,0],[145.705710196756,-36.3834403707632,0],[145.705806052772,-36.3834536793809,0],[145.705804550756,-36.3834614319543,0],[145.705829352506,-36.3834648486307,0],[145.705823674601,-36.3834922845773,0],[145.705898078777,-36.3835025345679,0],[145.705902405306,-36.3834816313357,0],[145.705926407304,-36.3834849374608,0],[145.705922485615,-36.3835038816835,0],[145.705965688769,-36.3835098334143,0],[145.705967716338,-36.3835000347923,0],[145.706022920491,-36.3835076400097,0],[145.706017241536,-36.3835350759545,0],[145.706038043352,-36.3835379417249,0],[145.706034746984,-36.3835538674003,0],[145.706027497366,-36.3835888938152,0],[145.706005896886,-36.3835859175239,0],[145.706003463357,-36.3835976760464,0],[145.705950659567,-36.3835904015233,0],[145.705952822828,-36.3835799499063,0],[145.705915982204,-36.3835748748248,0],[145.705809613844,-36.3835602209775,0],[145.705803935939,-36.383587656021,0],[145.705792734699,-36.3835861130281,0],[145.705790436828,-36.3835972185504,0],[145.70567122876,-36.3835807955916,0],[145.705696781237,-36.3834573343371,0]]]},"properties":{"OBJECTID":159,"building_number":"519","address":"1911 BUILDING (TEACHING)","Extrusion":null,"loc_code":"DOO;519","campus_code":"DOO","GFA_INT":206.05,"GFA_EXT":235.02,"ccLinkList":"DOO;519;0","NO_FLOORS":1,"NAME":"DOOKIE HERITAGE 1911 BUILDING (MUSEUM & TEACHING)","PROP_STATU":"Crown Land - UoM is CoM"}},{"type":"Feature","id":160,"geometry":{"type":"Polygon","coordinates":[[[145.705644098001,-36.3842239971559,0],[145.705762626286,-36.3842403262418,0],[145.705759040038,-36.3842576595626,0],[145.705843133786,-36.3842469599151,0],[145.705841703082,-36.3843373859585,0],[145.705840274601,-36.3844278120247,0],[145.705804891883,-36.3844229375047,0],[145.705797417835,-36.384459048637,0],[145.705846951893,-36.3844658722253,0],[145.705806294731,-36.3846623157985,0],[145.705765796211,-36.384656735872,0],[145.705677150627,-36.384644524011,0],[145.705710335125,-36.3844841916255,0],[145.70557198106,-36.3844651325176,0],[145.7055405016,-36.3844607942274,0],[145.705556046329,-36.3843856838502,0],[145.705609120914,-36.3843929957422,0],[145.705644098001,-36.3842239971559,0]]]},"properties":{"OBJECTID":160,"building_number":"527","address":"HUGH PYE BUILDING","Extrusion":null,"loc_code":"DOO;527","campus_code":"DOO","GFA_INT":663.36,"GFA_EXT":677.21,"ccLinkList":"DOO;527;0","NO_FLOORS":1,"NAME":"DOOKIE - HUGH PYE BUILDING","PROP_STATU":"Crown Land - UoM is CoM"}},{"type":"Feature","id":161,"geometry":{"type":"Polygon","coordinates":[[[145.705610802685,-36.3840338187747,0],[145.705895625004,-36.3840730577321,0],[145.705877088631,-36.3841626124143,0],[145.705592267112,-36.384123373419,0],[145.705610802685,-36.3840338187747,0]]]},"properties":{"OBJECTID":161,"building_number":"528","address":"LECTURE THEATRE D","Extrusion":null,"loc_code":"DOO;528","campus_code":"DOO","GFA_INT":213.68,"GFA_EXT":235.8,"ccLinkList":"DOO;528;0","NO_FLOORS":1,"NAME":"DOOKIE LECTURE THEATRE D","PROP_STATU":"Crown Land - UoM is CoM"}},{"type":"Feature","id":162,"geometry":{"type":"Polygon","coordinates":[[[145.70578280619,-36.3837056085758,0],[145.70597740441,-36.3837324173552,0],[145.705962456618,-36.3838046396547,0],[145.70576785824,-36.3837778299464,0],[145.70578280619,-36.3837056085758,0]]]},"properties":{"OBJECTID":162,"building_number":"530","address":"LECTURE THEATRE A","Extrusion":null,"loc_code":"DOO;530","campus_code":"DOO","GFA_INT":152.79,"GFA_EXT":163.8,"ccLinkList":"DOO;530;0","NO_FLOORS":1,"NAME":"DOOKIE LECTURE THEATRE A","PROP_STATU":"Crown Land - UoM is CoM"}},{"type":"Feature","id":163,"geometry":{"type":"Polygon","coordinates":[[[145.706511081019,-36.3827991428783,0],[145.70652575409,-36.382728250788,0],[145.706649670633,-36.3827453233493,0],[145.706677589232,-36.382610418097,0],[145.706879162701,-36.3826381870643,0],[145.706864365099,-36.3827096854432,0],[145.706844538984,-36.3827069538834,0],[145.706831695969,-36.3827690107106,0],[145.706917654477,-36.382780851853,0],[145.707162144385,-36.3828145316508,0],[145.707122499852,-36.3830060971612,0],[145.706899020179,-36.3829753121981,0],[145.706547519321,-36.3829268896817,0],[145.70655751841,-36.3828785729146,0],[145.706568459032,-36.3828257103235,0],[145.706507325478,-36.3828172884198,0],[145.706511081019,-36.3827991428783,0]]]},"properties":{"OBJECTID":163,"building_number":"540","address":"GILBERT CHANDLER COMMUNITY CENTRE","Extrusion":null,"loc_code":"DOO;540","campus_code":"DOO","GFA_INT":1177.73,"GFA_EXT":1231.4,"ccLinkList":"DOO;540;0","NO_FLOORS":1,"NAME":"DOOKIE - GILBERT CHANDLER DINING HALL","PROP_STATU":"Crown Land - UoM is CoM"}},{"type":"Feature","id":164,"geometry":{"type":"Polygon","coordinates":[[[145.706349979728,-36.3835854828824,0],[145.706405113924,-36.38359307725,0],[145.706408935069,-36.3835746096996,0],[145.706440034944,-36.3835788940667,0],[145.706441121946,-36.3835736448735,0],[145.70644576945,-36.3835511918678,0],[145.706493962621,-36.3835578311852,0],[145.706502315157,-36.3835589826731,0],[145.706517576407,-36.3835379346138,0],[145.706543986052,-36.3835332634586,0],[145.706569054513,-36.3835456200225,0],[145.706576881394,-36.3835710351299,0],[145.706567923268,-36.383614318552,0],[145.706623762706,-36.3836220115047,0],[145.706619564743,-36.3836422986511,0],[145.706609429942,-36.3836912657087,0],[145.70659812077,-36.3836897081003,0],[145.706596448404,-36.3836977878749,0],[145.706596090836,-36.3836995193282,0],[145.706522314847,-36.3836893559029,0],[145.706344458349,-36.3836648541108,0],[145.70634577205,-36.3836585057805,0],[145.706335499603,-36.3836570900895,0],[145.706349979728,-36.3835854828824,0]]]},"properties":{"OBJECTID":164,"building_number":"541","address":"GAVIN GIBSON LEARNING CENTRE","Extrusion":null,"loc_code":"DOO;541","campus_code":"DOO","GFA_INT":258.71,"GFA_EXT":288.77,"ccLinkList":"DOO;541;0","NO_FLOORS":1,"NAME":"DOOKIE - GAVIN GIBSON LEARNING CENTRE","PROP_STATU":"Crown Land - UoM is CoM"}},{"type":"Feature","id":165,"geometry":{"type":"Polygon","coordinates":[[[145.706766068692,-36.3835580824791,0],[145.706957664833,-36.3835675706061,0],[145.706942687105,-36.3836736374245,0],[145.707056386976,-36.3836772004467,0],[145.707049684808,-36.3837956745225,0],[145.706923456959,-36.3837886043661,0],[145.706830653499,-36.3837853558178,0],[145.706836461716,-36.383672074449,0],[145.706891803355,-36.3836746217172,0],[145.706895536631,-36.383636207321,0],[145.706759124655,-36.3836276555971,0],[145.706766068692,-36.3835580824791,0]]]},"properties":{"OBJECTID":165,"building_number":"542","address":"CONFERENCE HOUSE","Extrusion":null,"loc_code":"DOO;542","campus_code":"DOO","GFA_INT":285.47,"GFA_EXT":337.88,"ccLinkList":"DOO;542;0","NO_FLOORS":1,"NAME":"DOOKIE CONFERENCE CENTRE","PROP_STATU":"Crown Land - UoM is CoM"}},{"type":"Feature","id":166,"geometry":{"type":"Polygon","coordinates":[[[145.708140034394,-36.3836928471608,0],[145.708400016491,-36.3837241823335,0],[145.708363976475,-36.3839344277877,0],[145.708103957401,-36.3839052863043,0],[145.708140034394,-36.3836928471608,0]]]},"properties":{"OBJECTID":166,"building_number":"546","address":"NEW AGRICULTURAL ENGINEERING BUILDING","Extrusion":null,"loc_code":"DOO;546","campus_code":"DOO","GFA_INT":388.09,"GFA_EXT":400.72,"ccLinkList":"DOO;546;0","NO_FLOORS":1,"NAME":"DOOKIE NEW AGRICULTURAL ENGINEERING BUILDING","PROP_STATU":"Crown Land - UoM is CoM"}},{"type":"Feature","id":167,"geometry":{"type":"Polygon","coordinates":[[[145.707797711666,-36.3835071213135,0],[145.708133405318,-36.3835546345002,0],[145.708118640871,-36.3836268816102,0],[145.707961648035,-36.3836032416303,0],[145.707916342202,-36.3838814051657,0],[145.707775516594,-36.3838645223597,0],[145.707826321744,-36.3835820318364,0],[145.707788375416,-36.3835794262087,0],[145.707797711666,-36.3835071213135,0]]]},"properties":{"OBJECTID":167,"building_number":"545","address":"OLD AGRICULTURAL ENGINEERING BUILDING","Extrusion":null,"loc_code":"DOO;545","campus_code":"DOO","GFA_INT":565.16,"GFA_EXT":610.76,"ccLinkList":"DOO;545;0","NO_FLOORS":1,"NAME":"DOOKIE OLD AGRICULTURAL ENGINEERING (SEEDBANK)","PROP_STATU":"Crown Land - UoM is CoM"}},{"type":"Feature","id":168,"geometry":{"type":"Polygon","coordinates":[[[145.707865283543,-36.3839325672911,0],[145.707935400349,-36.3839422251464,0],[145.707940889758,-36.3839156948339,0],[145.708007588313,-36.3839248820612,0],[145.70800238625,-36.3839500164071,0],[145.708093024787,-36.3839625014091,0],[145.708092159443,-36.3839666910863,0],[145.708169117256,-36.3839772909173,0],[145.708154381001,-36.3840485043476,0],[145.708082552164,-36.3840386108471,0],[145.708081396165,-36.384044195557,0],[145.707848816649,-36.3840121392996,0],[145.707865283543,-36.3839325672911,0]]]},"properties":{"OBJECTID":168,"building_number":"544","address":"BULK STORE SHED","Extrusion":null,"loc_code":"DOO;544","campus_code":"DOO","GFA_INT":1009.15,"GFA_EXT":1056.02,"ccLinkList":"DOO;544;0","NO_FLOORS":1,"NAME":"DOOKIE CAMPUS SERVICES BULK STORE SHEDS","PROP_STATU":"Crown Land - UoM is CoM"}},{"type":"Feature","id":169,"geometry":{"type":"Polygon","coordinates":[[[145.706605439056,-36.3804220846075,0],[145.706842825811,-36.3804541330496,0],[145.707139527732,-36.3804961316578,0],[145.707099766381,-36.3806958416449,0],[145.70655797755,-36.3806232624456,0],[145.706605439056,-36.3804220846075,0]]]},"properties":{"OBJECTID":169,"building_number":"537","address":"PIGGERY FACILITY","Extrusion":null,"loc_code":"DOO;537","campus_code":"DOO","GFA_INT":2572.71,"GFA_EXT":2625.7,"ccLinkList":"DOO;537;0","NO_FLOORS":1,"NAME":"DOOKIE OUTDOOR PIGGERY FACILITY","PROP_STATU":"Crown Land - UoM is CoM"}},{"type":"Feature","id":170,"geometry":{"type":"Polygon","coordinates":[[[145.704671070988,-36.3839969064828,0],[145.704816563802,-36.3840171023654,0],[145.704807808569,-36.3840821691029,0],[145.704662316737,-36.3840619741209,0],[145.704671070988,-36.3839969064828,0]]]},"properties":{"OBJECTID":170,"building_number":"523","address":"SQUASH COURT","Extrusion":null,"loc_code":"DOO;523","campus_code":"DOO","GFA_INT":74.88,"GFA_EXT":82.29,"ccLinkList":"DOO;523;0","NO_FLOORS":2,"NAME":"DOOKIE SQUASH COURT","PROP_STATU":"Crown Land - UoM is CoM"}},{"type":"Feature","id":171,"geometry":{"type":"Polygon","coordinates":[[[145.707954396429,-36.3873124405258,0],[145.708222373699,-36.3873430143921,0],[145.708200239215,-36.3874599134632,0],[145.707929641618,-36.3874285891202,0],[145.707954396429,-36.3873124405258,0]]]},"properties":{"OBJECTID":171,"building_number":"555","address":"LANDCARE CENTRE (SEEDBANK)","Extrusion":null,"loc_code":"DOO;555","campus_code":"DOO","GFA_INT":301.24,"GFA_EXT":308.58,"ccLinkList":"DOO;555;0","NO_FLOORS":1,"NAME":"DOOKIE LANDCARE CENTRE","PROP_STATU":"Owned - Freehold"}},{"type":"Feature","id":172,"geometry":{"type":"Polygon","coordinates":[[[145.70852318785,-36.3850596183206,0],[145.708657930803,-36.3850781779339,0],[145.70865617981,-36.3850866409125,0],[145.708705183163,-36.385091954835,0],[145.708701289936,-36.3851115052438,0],[145.708907108771,-36.3851398549188,0],[145.708887594053,-36.3852341529464,0],[145.708683257745,-36.3852060085736,0],[145.708661240523,-36.385312396132,0],[145.708476152514,-36.3852869024995,0],[145.708500669999,-36.3851684244837,0],[145.708482902184,-36.3851659768743,0],[145.708497662571,-36.3850946491898,0],[145.708515430385,-36.3850970958954,0],[145.70852318785,-36.3850596183206,0]]]},"properties":{"OBJECTID":172,"building_number":"551","address":"ANIMAL FACILITY","Extrusion":null,"loc_code":"DOO;551","campus_code":"DOO","GFA_INT":533.1,"GFA_EXT":550.82,"ccLinkList":"DOO;551;0","NO_FLOORS":1,"NAME":"DOOKIE ANIMAL HOUSE","PROP_STATU":"Owned - Freehold"}},{"type":"Feature","id":173,"geometry":{"type":"Polygon","coordinates":[[[145.705161771085,-36.3829114208443,0],[145.705147955942,-36.3829791074203,0],[145.705078547602,-36.3833144482273,0],[145.70498158677,-36.3833010891868,0],[145.705064889707,-36.3828986108288,0],[145.705161771085,-36.3829114208443,0]]]},"properties":{"OBJECTID":173,"building_number":"513","address":"HOSTEL (WEST WING)","Extrusion":null,"loc_code":"DOO;513","campus_code":"DOO","GFA_INT":681.81,"GFA_EXT":724.8,"ccLinkList":"DOO;513;1","NO_FLOORS":2,"NAME":"DOOKIE DORMITORY C (WEST WING)","PROP_STATU":"Crown Land - UoM is CoM"}},{"type":"Feature","id":174,"geometry":{"type":"Polygon","coordinates":[[[145.705348759338,-36.3829372827197,0],[145.705441944834,-36.3829497008733,0],[145.705358643771,-36.3833521795288,0],[145.705265961974,-36.3833394106872,0],[145.705348759338,-36.3829372827197,0]]]},"properties":{"OBJECTID":174,"building_number":"512","address":"HOSTEL (EAST WING)","Extrusion":null,"loc_code":"DOO;512","campus_code":"DOO","GFA_INT":1023.05,"GFA_EXT":1087.23,"ccLinkList":"DOO;512;0","NO_FLOORS":3,"NAME":"DOOKIE DORMITORY B (EAST WING)","PROP_STATU":"Crown Land - UoM is CoM"}},{"type":"Feature","id":175,"geometry":{"type":"Polygon","coordinates":[[[145.704896378881,-36.3827981009062,0],[145.705890702864,-36.3829350897304,0],[145.705876247083,-36.3830049419923,0],[145.704881231588,-36.3828712800718,0],[145.704896378881,-36.3827981009062,0]]]},"properties":{"OBJECTID":175,"building_number":"511","address":"HOSTEL (NORTH WING)","Extrusion":null,"loc_code":"DOO;511","campus_code":"DOO","GFA_INT":2037.08,"GFA_EXT":2164.92,"ccLinkList":"DOO;511;0","NO_FLOORS":3,"NAME":"DOOKIE DORMITORY A (NORTH WING)","PROP_STATU":"Crown Land - UoM is CoM"}},{"type":"Feature","id":176,"geometry":{"type":"Polygon","coordinates":[[[145.708550448186,-36.3830513676038,0],[145.70868242688,-36.3830695466024,0],[145.708617741235,-36.3833874566891,0],[145.70866268426,-36.3833936471172,0],[145.708655065081,-36.3834304636293,0],[145.70840255701,-36.3833956814992,0],[145.708402730347,-36.3833948405011,0],[145.708410176289,-36.3833588659067,0],[145.708484567381,-36.383369112343,0],[145.708550448186,-36.3830513676038,0]]]},"properties":{"OBJECTID":176,"building_number":"549","address":"MACHINERY SHED","Extrusion":null,"loc_code":"DOO;549","campus_code":"DOO","GFA_INT":537.44,"GFA_EXT":552.54,"ccLinkList":"DOO;549;0","NO_FLOORS":1,"NAME":"DOOKIE CAMPUS SERVICES MAIN OFFICE","PROP_STATU":"Owned - Freehold"}},{"type":"Feature","id":177,"geometry":{"type":"Polygon","coordinates":[[[145.70740525418,-36.3839947253273,0],[145.707592014867,-36.3840098195286,0],[145.707582524047,-36.3840894264196,0],[145.707395764287,-36.384074332212,0],[145.70740525418,-36.3839947253273,0]]]},"properties":{"OBJECTID":177,"building_number":"593","address":"940 Dookie Nalinga Road","Extrusion":null,"loc_code":"DOO;593","campus_code":"DOO","GFA_INT":404.58,"GFA_EXT":427.99,"ccLinkList":"DOO;593;0","NO_FLOORS":1,"NAME":"DOOKIE HORTICULTURE SHED","PROP_STATU":"Crown Land - UoM is CoM"}},{"type":"Feature","id":179,"geometry":{"type":"Polygon","coordinates":[[[145.707218984796,-36.3838382436223,0],[145.70720607514,-36.383900626991,0],[145.707065811822,-36.3838813046545,0],[145.707078722686,-36.3838189222162,0],[145.707218984796,-36.3838382436223,0]]]},"properties":{"OBJECTID":179,"building_number":"543","address":"GARDENER'S OFFICE","Extrusion":null,"loc_code":"DOO;543","campus_code":"DOO","GFA_INT":81.74,"GFA_EXT":87.5,"ccLinkList":"DOO;543;0","NO_FLOORS":1,"NAME":"DOOKIE CAMPUS SERVICES GARDEN SHEDS","PROP_STATU":"Crown Land - UoM is CoM"}},{"type":"Feature","id":181,"geometry":{"type":"Polygon","coordinates":[[[145.705587534644,-36.3853815418849,0],[145.70557552863,-36.3854624906478,0],[145.705552664025,-36.3854593392072,0],[145.70554880021,-36.3854780081882,0],[145.705458769959,-36.3854656053646,0],[145.705474639877,-36.3853659903413,0],[145.705587534644,-36.3853815418849,0]]]},"properties":{"OBJECTID":181,"building_number":"5593","address":"MOTEL BUILDING, 940 DOOKIE-NALINGA ROAD","Extrusion":null,"loc_code":"DOO;5593","campus_code":"DOO","GFA_INT":66.55,"GFA_EXT":76.01,"ccLinkList":"DOO;5593;0","NO_FLOORS":1,"NAME":"5593 DOOKIE MOTEL BUILDING UNITS 5-8","PROP_STATU":"Owned - Freehold"}},{"type":"Feature","id":182,"geometry":{"type":"Polygon","coordinates":[[[145.705353385362,-36.3851910939264,0],[145.705446272905,-36.3852038919909,0],[145.705442650316,-36.3852213925775,0],[145.705456940789,-36.3852233621295,0],[145.705438346443,-36.3853132036598,0],[145.705331167158,-36.3852984369105,0],[145.705353385362,-36.3851910939264,0]]]},"properties":{"OBJECTID":182,"building_number":"5596","address":"940 Dookie-Nalinga Rd","Extrusion":null,"loc_code":"DOO;5596","campus_code":"DOO","GFA_INT":66.55,"GFA_EXT":76.01,"ccLinkList":"DOO;5596;0","NO_FLOORS":1,"NAME":"5596 DOOKIE MOTEL BUILDING UNITS 13-16","PROP_STATU":"Owned - Freehold"}},{"type":"Feature","id":183,"geometry":{"type":"Polygon","coordinates":[[[145.70541265837,-36.3853724896779,0],[145.705394062788,-36.3854623329878,0],[145.705375485217,-36.3854597733715,0],[145.70537162139,-36.3854784405433,0],[145.70528016288,-36.3854658418095,0],[145.705302622447,-36.3853573304492,0],[145.70541265837,-36.3853724896779,0]]]},"properties":{"OBJECTID":183,"building_number":"5594","address":" 940 Dookie-Nalinga Rd","Extrusion":null,"loc_code":"DOO;5594","campus_code":"DOO","GFA_INT":66.55,"GFA_EXT":76.01,"ccLinkList":"DOO;5594;0","NO_FLOORS":1,"NAME":"5594 DOOKIE MOTEL BUILDING UNITS 9-12","PROP_STATU":"Owned - Freehold"}},{"type":"Feature","id":184,"geometry":{"type":"Polygon","coordinates":[[[145.705221343499,-36.3853445760896,0],[145.70520274772,-36.3854344184647,0],[145.705185599568,-36.3854320546091,0],[145.705181976878,-36.3854495569884,0],[145.705089525115,-36.3854368202338,0],[145.705111743694,-36.3853294773046,0],[145.705221343499,-36.3853445760896,0]]]},"properties":{"OBJECTID":184,"building_number":"5595","address":"MOTEL BUILDING","Extrusion":null,"loc_code":"DOO;5595","campus_code":"DOO","GFA_INT":66.55,"GFA_EXT":76.01,"ccLinkList":"DOO;5595;0","NO_FLOORS":1,"NAME":"5595 DOOKIE MOTEL BUILDING UNITS 17-20","PROP_STATU":"Owned - Freehold"}},{"type":"Feature","id":185,"geometry":{"type":"Polygon","coordinates":[[[145.704684527033,-36.381955248747,0],[145.704826777929,-36.3819756149637,0],[145.704807579097,-36.3820648756526,0],[145.704665329189,-36.3820445076195,0],[145.704684527033,-36.381955248747,0]]]},"properties":{"OBJECTID":185,"building_number":"5006","address":"HOUSE 22","Extrusion":null,"loc_code":"DOO;5006","campus_code":"DOO","GFA_INT":111.28,"GFA_EXT":117.29,"ccLinkList":"DOO;5006;0","NO_FLOORS":1,"NAME":"DOOKIE SHORT-STAY RESIDENCE 22 (managed by FVAS)","PROP_STATU":"Crown Land - UoM is CoM"}},{"type":"Feature","id":186,"geometry":{"type":"Polygon","coordinates":[[[145.704432986396,-36.3819374803643,0],[145.704563668251,-36.3819589951734,0],[145.704546088704,-36.3820300619275,0],[145.704567869235,-36.3820336471199,0],[145.704545897849,-36.3821224801437,0],[145.704458776803,-36.3821081366407,0],[145.704454382714,-36.3821259037844,0],[145.704411140819,-36.3821181743001,0],[145.704424179583,-36.3820654599753,0],[145.704402224498,-36.3820618458191,0],[145.704432986396,-36.3819374803643,0]]]},"properties":{"OBJECTID":186,"building_number":"5005","address":"HOUSE 21","Extrusion":null,"loc_code":"DOO;5005","campus_code":"DOO","GFA_INT":191.75,"GFA_EXT":200.6,"ccLinkList":"DOO;5005;0","NO_FLOORS":1,"NAME":"DOOKIE RENTAL RESIDENCE 21","PROP_STATU":"Crown Land - UoM is CoM"}},{"type":"Feature","id":187,"geometry":{"type":"Polygon","coordinates":[[[145.703967400586,-36.3824602690959,0],[145.70402335238,-36.3824679779977,0],[145.704025987369,-36.3824552472153,0],[145.704047082472,-36.3824581534724,0],[145.704043518927,-36.3824753779126,0],[145.70410909896,-36.3824844136374,0],[145.704090651788,-36.3825735345099,0],[145.703981043876,-36.382558432827,0],[145.703977400521,-36.3825760314094,0],[145.703922368536,-36.3825684496578,0],[145.703938024627,-36.3824928097236,0],[145.703960038517,-36.3824958422558,0],[145.703967400586,-36.3824602690959,0]]]},"properties":{"OBJECTID":187,"building_number":"5007","address":"HOUSE 27","Extrusion":null,"loc_code":"DOO;5007","campus_code":"DOO","GFA_INT":113.94,"GFA_EXT":134.52,"ccLinkList":"DOO;5007;0","NO_FLOORS":1,"NAME":"DOOKIE RENTAL RESIDENCE 27","PROP_STATU":"Crown Land - UoM is CoM"}},{"type":"Feature","id":188,"geometry":{"type":"Polygon","coordinates":[[[145.70382217066,-36.3828300355531,0],[145.703922204025,-36.3828438192071,0],[145.703920347256,-36.3828527839861,0],[145.703941087631,-36.3828556413399,0],[145.703935520701,-36.3828825339114,0],[145.703914781433,-36.3828796765686,0],[145.703909009523,-36.3829075666418,0],[145.703919378603,-36.3829089953081,0],[145.703913501444,-36.3829373827509,0],[145.703901912144,-36.3829357857898,0],[145.703893253163,-36.3829776199845,0],[145.703794440964,-36.3829640046106,0],[145.70382217066,-36.3828300355531,0]]]},"properties":{"OBJECTID":188,"building_number":"531","address":"CAMPUS MANAGER'S RESIDENCE","Extrusion":null,"loc_code":"DOO;531","campus_code":"DOO","GFA_INT":135.12,"GFA_EXT":143.67,"ccLinkList":"DOO;531;0","NO_FLOORS":1,"NAME":"DOOKIE RENTAL RESIDENCE 16","PROP_STATU":"Crown Land - UoM is CoM"}},{"type":"Feature","id":189,"geometry":{"type":"Polygon","coordinates":[[[145.703815582114,-36.3832407943999,0],[145.703785369441,-36.3833919554302,0],[145.703675535154,-36.3833765904778,0],[145.703699239898,-36.3832620684051,0],[145.703723672187,-36.3832654346314,0],[145.703731180903,-36.3832291653477,0],[145.703815582114,-36.3832407943999,0]]]},"properties":{"OBJECTID":189,"building_number":"521","address":"HOUSE - STATION ST","Extrusion":null,"loc_code":"DOO;521","campus_code":"DOO","GFA_INT":128.06,"GFA_EXT":135.12,"ccLinkList":"DOO;521;0","NO_FLOORS":1,"NAME":"DOOKIE RENTAL RESIDENCE 12","PROP_STATU":"Crown Land - UoM is CoM"}},{"type":"Feature","id":190,"geometry":{"type":"Polygon","coordinates":[[[145.704625635319,-36.3848404378993,0],[145.704768867748,-36.3848555818511,0],[145.704767440993,-36.3848645693337,0],[145.704789475035,-36.3848668996936,0],[145.704776629838,-36.3849477842857,0],[145.704721539077,-36.3849419601134,0],[145.704718684438,-36.3849599350648,0],[145.704696650358,-36.3849576055926,0],[145.704699505016,-36.3849396297406,0],[145.704633397239,-36.38493264034,0],[145.704634110602,-36.3849281479516,0],[145.704612074334,-36.3849258166373,0],[145.704625635319,-36.3848404378993,0]]]},"properties":{"OBJECTID":190,"building_number":"5010","address":"HOUSE 50","Extrusion":null,"loc_code":"DOO;5010","campus_code":"DOO","GFA_INT":146.78,"GFA_EXT":156.96,"ccLinkList":"DOO;5010;0","NO_FLOORS":1,"NAME":"DOOKIE SHORT-STAY RESIDENCE 50 (managed by FVAS)","PROP_STATU":"Crown Land - UoM is CoM"}},{"type":"Feature","id":191,"geometry":{"type":"Polygon","coordinates":[[[145.705412465656,-36.3834292299365,0],[145.705377719276,-36.383618131777,0],[145.705266291923,-36.3836056131746,0],[145.705282767511,-36.3835260055762,0],[145.705263203748,-36.3835233108525,0],[145.705247871087,-36.3835973931222,0],[145.705237786942,-36.3835953808037,0],[145.705234480784,-36.3836110800808,0],[145.705200343309,-36.3836050244395,0],[145.705203642866,-36.38359234591,0],[145.705188828993,-36.3835915019976,0],[145.705203947016,-36.3835165168429,0],[145.705223446258,-36.3835192027635,0],[145.705229908988,-36.3834875465707,0],[145.705290015831,-36.383495784018,0],[145.705307057529,-36.3834152468278,0],[145.705412465656,-36.3834292299365,0]]]},"properties":{"OBJECTID":191,"building_number":"515","address":"DORMITORY E","Extrusion":null,"loc_code":"DOO;515","campus_code":"DOO","GFA_INT":73.26,"GFA_EXT":78.15,"ccLinkList":"DOO;515;0","NO_FLOORS":1,"NAME":"DOOKIE DORMITORY E","PROP_STATU":"Crown Land - UoM is CoM"}},{"type":"Feature","id":192,"geometry":{"type":"Polygon","coordinates":[[[145.705232055127,-36.3834875463986,0],[145.705225592397,-36.3835192025915,0],[145.705181944509,-36.3835115672389,0],[145.705165368656,-36.3835951311789,0],[145.705055837837,-36.3835799871341,0],[145.705091466954,-36.3833883220491,0],[145.705201053048,-36.3834001168045,0],[145.705185904611,-36.3834809043784,0],[145.705232055127,-36.3834875463986,0]]]},"properties":{"OBJECTID":192,"building_number":"516","address":"DORMITORY F","Extrusion":null,"loc_code":"DOO;516","campus_code":"DOO","GFA_INT":73.86,"GFA_EXT":78.77,"ccLinkList":"DOO;516;0","NO_FLOORS":1,"NAME":"DOOKIE DORMITORY F","PROP_STATU":"Crown Land - UoM is CoM"}},{"type":"Feature","id":193,"geometry":{"type":"Polygon","coordinates":[[[145.705005370008,-36.3833917976304,0],[145.704981682832,-36.3835294392081,0],[145.705002346118,-36.3835324542017,0],[145.704989417746,-36.3836043331755,0],[145.704853663423,-36.3835883456933,0],[145.704864503441,-36.3835175610077,0],[145.704886557054,-36.3835200330894,0],[145.704910951753,-36.3833812840885,0],[145.705005370008,-36.3833917976304,0]]]},"properties":{"OBJECTID":193,"building_number":"517","address":"GYMNASIUM","Extrusion":null,"loc_code":"DOO;517","campus_code":"DOO","GFA_INT":74.65,"GFA_EXT":78.48,"ccLinkList":"DOO;517;0","NO_FLOORS":1,"NAME":"DOOKIE HERITAGE GYMNASIUM","PROP_STATU":"Crown Land - UoM is CoM"}},{"type":"Feature","id":194,"geometry":{"type":"Polygon","coordinates":[[[145.70662789941,-36.3801288034322,0],[145.706590132307,-36.3803238814669,0],[145.706488664569,-36.380310371201,0],[145.706484596782,-36.3803242899894,0],[145.706432930587,-36.380315973298,0],[145.706443190043,-36.380275744607,0],[145.706493016095,-36.3802793888872,0],[145.706524514757,-36.3801152724408,0],[145.70662789941,-36.3801288034322,0]]]},"properties":{"OBJECTID":194,"building_number":"537","address":"PIGGERY FACILITY","Extrusion":null,"loc_code":"DOO;537","campus_code":"DOO","GFA_INT":2572.71,"GFA_EXT":2625.7,"ccLinkList":"DOO;537;0","NO_FLOORS":1,"NAME":"DOOKIE OUTDOOR PIGGERY FACILITY","PROP_STATU":"Crown Land - UoM is CoM"}},{"type":"Feature","id":195,"geometry":{"type":"Polygon","coordinates":[[[145.706677545916,-36.3801186460129,0],[145.707045122165,-36.3801676188883,0],[145.707014009822,-36.3803084664541,0],[145.706648378016,-36.3802579631068,0],[145.706677545916,-36.3801186460129,0]]]},"properties":{"OBJECTID":195,"building_number":"537","address":"PIGGERY FACILITY","Extrusion":null,"loc_code":"DOO;537","campus_code":"DOO","GFA_INT":2572.71,"GFA_EXT":2625.7,"ccLinkList":"DOO;537;0","NO_FLOORS":1,"NAME":"DOOKIE OUTDOOR PIGGERY FACILITY","PROP_STATU":"Crown Land - UoM is CoM"}},{"type":"Feature","id":196,"geometry":{"type":"Polygon","coordinates":[[[145.706518298273,-36.3807835284655,0],[145.707052389301,-36.3808575768504,0],[145.707029156414,-36.3809860982847,0],[145.706489283946,-36.3809135395047,0],[145.706518298273,-36.3807835284655,0]]]},"properties":{"OBJECTID":196,"building_number":"537","address":"PIGGERY FACILITY","Extrusion":null,"loc_code":"DOO;537","campus_code":"DOO","GFA_INT":2572.71,"GFA_EXT":2625.7,"ccLinkList":"DOO;537;0","NO_FLOORS":1,"NAME":"DOOKIE OUTDOOR PIGGERY FACILITY","PROP_STATU":"Crown Land - UoM is CoM"}},{"type":"Feature","id":197,"geometry":{"type":"Polygon","coordinates":[[[145.705750645178,-36.3823662359706,0],[145.7057420379,-36.3824042747917,0],[145.705764396658,-36.3824073549007,0],[145.705741489059,-36.3825180404055,0],[145.705720814328,-36.3825151921891,0],[145.70571321184,-36.3825519329642,0],[145.705603283263,-36.3825367878256,0],[145.705604823597,-36.3825293466754,0],[145.705477236968,-36.3825117689992,0],[145.705490976676,-36.3824447765908,0],[145.705565022764,-36.3824549769252,0],[145.705561943207,-36.3824698592369,0],[145.705615481423,-36.3824772365394,0],[145.7056201024,-36.382454913989,0],[145.705474860057,-36.382434902114,0],[145.70549343539,-36.3823451486679,0],[145.70563839839,-36.3823651214331,0],[145.705641286349,-36.3823511700619,0],[145.705750645178,-36.3823662359706,0]]]},"properties":{"OBJECTID":197,"building_number":"520","address":"DORMITORY J","Extrusion":null,"loc_code":"DOO;520","campus_code":"DOO","GFA_INT":404.06,"GFA_EXT":452.03,"ccLinkList":"DOO;520;0","NO_FLOORS":1,"NAME":"DOOKIE FORMER DORMITORY J","PROP_STATU":"Crown Land - Ground lease to UoM"}},{"type":"Feature","id":198,"geometry":{"type":"Polygon","coordinates":[[[145.704871369034,-36.384158808814,0],[145.705055991247,-36.3841790104382,0],[145.705048091895,-36.3842422267454,0],[145.704860522572,-36.3842227837363,0],[145.704871369034,-36.384158808814,0]]]},"properties":{"OBJECTID":198,"building_number":"526","address":"CHANGE ROOMS (SWIMMING POOL)","Extrusion":null,"loc_code":"DOO;526","campus_code":"DOO","GFA_INT":54,"GFA_EXT":80.8,"ccLinkList":"DOO;526;0","NO_FLOORS":1,"NAME":"DOOKIE SWIMMING POOL CHANGE ROOMS","PROP_STATU":"Crown Land - UoM is CoM"}},{"type":"Feature","id":199,"geometry":{"type":"Polygon","coordinates":[[[145.709064490162,-36.3859933675212,0],[145.709620833956,-36.3860655916889,0],[145.709584429598,-36.3862573254819,0],[145.709244359723,-36.3862193173316,0],[145.709232594995,-36.3862944555274,0],[145.70901456062,-36.3862669578477,0],[145.709064490162,-36.3859933675212,0]]]},"properties":{"OBJECTID":199,"building_number":"553","address":"SHEARING SHED","Extrusion":null,"loc_code":"DOO;553","campus_code":"DOO","GFA_INT":1236.34,"GFA_EXT":1245.97,"ccLinkList":"DOO;553;0","NO_FLOORS":1,"NAME":"DOOKIE SHEARING SHED","PROP_STATU":"Owned - Freehold"}},{"type":"Feature","id":200,"geometry":{"type":"Polygon","coordinates":[[[145.70919977951,-36.3853712754894,0],[145.709402175678,-36.3854027082076,0],[145.709359468223,-36.3856014106956,0],[145.709156155375,-36.3855760312663,0],[145.70919977951,-36.3853712754894,0]]]},"properties":{"OBJECTID":200,"building_number":"563","address":"BROADACRE MACHINERY SHED","Extrusion":null,"loc_code":"DOO;563","campus_code":"DOO","GFA_INT":442.96,"GFA_EXT":460,"ccLinkList":"DOO;563;0","NO_FLOORS":1,"NAME":"DOOKIE BROADACRE MACHINERY SHED","PROP_STATU":"Crown Land - Ground lease to UoM"}},{"type":"Feature","id":201,"geometry":{"type":"Polygon","coordinates":[[[145.707178911211,-36.3840503759687,0],[145.707228248274,-36.3840559591353,0],[145.707205620364,-36.3841478901915,0],[145.707158898393,-36.3841415889075,0],[145.707178911211,-36.3840503759687,0]]]},"properties":{"OBJECTID":201,"building_number":"582","address":"GLASSHOUSE 2","Extrusion":null,"loc_code":"DOO;582","campus_code":"DOO","GFA_INT":29.2,"GFA_EXT":31.08,"ccLinkList":"DOO;582;0","NO_FLOORS":1,"NAME":"DOOKIE GLASSHOUSE 2","PROP_STATU":"Owned - Freehold"}},{"type":"Feature","id":202,"geometry":{"type":"Polygon","coordinates":[[[145.707245236885,-36.3840587870277,0],[145.707293301162,-36.3840655580474,0],[145.707273521223,-36.3841549011784,0],[145.707226344773,-36.3841486427794,0],[145.707245236885,-36.3840587870277,0]]]},"properties":{"OBJECTID":202,"building_number":"583","address":"GLASSHOUSE 3","Extrusion":null,"loc_code":"DOO;583","campus_code":"DOO","GFA_INT":29.2,"GFA_EXT":31.08,"ccLinkList":"DOO;583;0","NO_FLOORS":1,"NAME":"DOOKIE GLASSHOUSE 3","PROP_STATU":"Owned - Freehold"}},{"type":"Feature","id":203,"geometry":{"type":"Polygon","coordinates":[[[145.707312866488,-36.3840658139864,0],[145.707358680679,-36.3840706477113,0],[145.707341910804,-36.3841657946296,0],[145.707296087626,-36.3841602883056,0],[145.707312866488,-36.3840658139864,0]]]},"properties":{"OBJECTID":203,"building_number":"584","address":"GLASSHOUSE 4","Extrusion":null,"loc_code":"DOO;584","campus_code":"DOO","GFA_INT":29.2,"GFA_EXT":31.08,"ccLinkList":"DOO;584;0","NO_FLOORS":1,"NAME":"DOOKIE GLASSHOUSE 4","PROP_STATU":"Owned - Freehold"}},{"type":"Feature","id":204,"geometry":{"type":"Polygon","coordinates":[[[145.707507171408,-36.3841995402121,0],[145.707591555055,-36.3842006093274,0],[145.707596433763,-36.3842999660169,0],[145.707508566639,-36.3843007432741,0],[145.707507171408,-36.3841995402121,0]]]},"properties":{"OBJECTID":204,"building_number":"585","address":"POLY TUNNEL 1","Extrusion":null,"loc_code":"DOO;585","campus_code":"DOO","GFA_INT":59.84,"GFA_EXT":63,"ccLinkList":"DOO;585;0","NO_FLOORS":1,"NAME":"DOOKIE POLY TUNNEL 1","PROP_STATU":"Owned - Freehold"}},{"type":"Feature","id":205,"geometry":{"type":"Polygon","coordinates":[[[145.707380370331,-36.3842943356036,0],[145.707461756186,-36.3843046295397,0],[145.707445069736,-36.384404304544,0],[145.707359984373,-36.3843952353148,0],[145.707380370331,-36.3842943356036,0]]]},"properties":{"OBJECTID":205,"building_number":"586","address":"POLY TUNNEL 2","Extrusion":null,"loc_code":"DOO;586","campus_code":"DOO","GFA_INT":59.84,"GFA_EXT":63,"ccLinkList":"DOO;586;0","NO_FLOORS":1,"NAME":"DOOKIE POLY TUNNEL 2","PROP_STATU":"Owned - Freehold"}},{"type":"Feature","id":206,"geometry":{"type":"Polygon","coordinates":[[[145.707963339348,-36.3828592981847,0],[145.708094263322,-36.3828717916783,0],[145.708025282037,-36.3832556063705,0],[145.708169879854,-36.3832698297783,0],[145.708158918421,-36.383340926291,0],[145.707834604749,-36.3833057683234,0],[145.707847602406,-36.3832299449391,0],[145.707898401981,-36.3832352425576,0],[145.707963339348,-36.3828592981847,0]]]},"properties":{"OBJECTID":206,"building_number":"548","address":"IS WORKSHOP","Extrusion":null,"loc_code":"DOO;548","campus_code":"DOO","GFA_INT":779.24,"GFA_EXT":797.01,"ccLinkList":"DOO;548;0","NO_FLOORS":1,"NAME":"DOOKIE CAMPUS SERVICES WORKSHOP","PROP_STATU":"Owned - Freehold"}},{"type":"Feature","id":207,"geometry":{"type":"Polygon","coordinates":[[[145.707295739247,-36.3804881190691,0],[145.708432401553,-36.3806552522504,0],[145.708308552893,-36.3812602081153,0],[145.707336826577,-36.3811064598979,0],[145.707361260904,-36.3809679640374,0],[145.707195666378,-36.3809393151921,0],[145.707295739247,-36.3804881190691,0]]]},"properties":{"OBJECTID":207,"building_number":"561","address":"BIODIGESTOR & ALGAL PONDS PLANT ROOM","Extrusion":null,"loc_code":"DOO;561","campus_code":"DOO","GFA_INT":57.68,"GFA_EXT":62.27,"ccLinkList":"DOO;561;0","NO_FLOORS":1,"NAME":"DOOKIE BIODIGESTOR & ALGAL PONDS PLANT ROOM","PROP_STATU":"Owned - Freehold"}},{"type":"Feature","id":208,"geometry":{"type":"Polygon","coordinates":[[[145.705604343218,-36.382648385712,0],[145.705717642693,-36.382661482285,0],[145.70570037549,-36.3827586212419,0],[145.705589058349,-36.382743963158,0],[145.705591277961,-36.3827281628468,0],[145.705565903544,-36.3827239312995,0],[145.705569114983,-36.3827073484465,0],[145.705594526503,-36.3827092068303,0],[145.705604343218,-36.382648385712,0]]]},"properties":{"OBJECTID":208,"building_number":"509","address":"STUDENTS' LAUNDRY","Extrusion":null,"loc_code":"DOO;509","campus_code":"DOO","GFA_INT":106.68,"GFA_EXT":115.7,"ccLinkList":"DOO;509;0","NO_FLOORS":1,"NAME":"DOOKIE FORMER BOILER-ROOM","PROP_STATU":"Crown Land - UoM is CoM"}},{"type":"Feature","id":209,"geometry":{"type":"Polygon","coordinates":[[[145.706191896147,-36.38156067539,0],[145.706290334944,-36.381575215942,0],[145.706265604906,-36.3816804919531,0],[145.706167231364,-36.38166664802,0],[145.706191896147,-36.38156067539,0]]]},"properties":{"OBJECTID":209,"building_number":"5041","address":"CURRAWA RFB DEPOT","Extrusion":null,"loc_code":"DOO;5041","campus_code":"DOO","GFA_INT":80,"GFA_EXT":83.64,"ccLinkList":"DOO;5041;0","NO_FLOORS":1,"NAME":"DOOKIE - CURRAWA RURAL FIRE BRIGADE DEPOT","PROP_STATU":"Crown Land - UoM is CoM"}},{"type":"Feature","id":210,"geometry":{"type":"Polygon","coordinates":[[[145.710713952128,-36.4250545766483,0],[145.710885221584,-36.425096131102,0],[145.71084926022,-36.4251910327508,0],[145.710675567567,-36.4251474670538,0],[145.710713952128,-36.4250545766483,0]]]},"properties":{"OBJECTID":210,"building_number":"566","address":"DAIRY NO 154","Extrusion":null,"loc_code":"DOO;566","campus_code":"DOO","GFA_INT":103.67,"GFA_EXT":217.13,"ccLinkList":"DOO;566;0","NO_FLOORS":1,"NAME":"DOOKIE DAIRY COORDINATOR'S RESIDENCE","PROP_STATU":"Owned - Freehold"}},{"type":"Feature","id":211,"geometry":{"type":"Polygon","coordinates":[[[145.710479672998,-36.426014979203,0],[145.710419347279,-36.4261792130992,0],[145.710318902738,-36.4261567895098,0],[145.710376892722,-36.4259886505403,0],[145.710479672998,-36.426014979203,0]]]},"properties":{"OBJECTID":211,"building_number":"568","address":"DAIRY HAYSHED","Extrusion":null,"loc_code":"DOO;568","campus_code":"DOO","GFA_INT":307.02,"GFA_EXT":312,"ccLinkList":"DOO;568;0","NO_FLOORS":1,"NAME":"DOOKIE DAIRY HAYSHED","PROP_STATU":"Owned - Freehold"}},{"type":"Feature","id":212,"geometry":{"type":"Polygon","coordinates":[[[145.710185448249,-36.4258081180081,0],[145.710160229228,-36.4258815580926,0],[145.71012432637,-36.4258753512371,0],[145.710043484712,-36.4261188965659,0],[145.709976606254,-36.426098776231,0],[145.710082635145,-36.4257837286863,0],[145.710185448249,-36.4258081180081,0]]]},"properties":{"OBJECTID":212,"building_number":"570","address":"DAIRY MACHINE SHED","Extrusion":null,"loc_code":"DOO;570","campus_code":"DOO","GFA_INT":378.42,"GFA_EXT":384,"ccLinkList":"DOO;570;0","NO_FLOORS":1,"NAME":"DOOKIE DAIRY MACHINE SHED","PROP_STATU":"Owned - Freehold"}},{"type":"Feature","id":213,"geometry":{"type":"Polygon","coordinates":[[[145.710324592212,-36.4257048803845,0],[145.710293798404,-36.4257879500919,0],[145.710155115686,-36.42575541443,0],[145.710185262098,-36.4256742659923,0],[145.710324592212,-36.4257048803845,0]]]},"properties":{"OBJECTID":213,"building_number":"565","address":"ROBOTIC DAIRY","Extrusion":null,"loc_code":"DOO;565","campus_code":"DOO","GFA_INT":288.35,"GFA_EXT":1107.84,"ccLinkList":"DOO;565;0","NO_FLOORS":1,"NAME":"DOOKIE ROBOTIC DAIRY","PROP_STATU":"Owned - Freehold"}},{"type":"Feature","id":214,"geometry":{"type":"Polygon","coordinates":[[[145.705392184515,-36.384890815594,0],[145.705453224749,-36.3848979623932,0],[145.705445308506,-36.384952191809,0],[145.70551937848,-36.3849594798067,0],[145.705508038272,-36.3850388023255,0],[145.705463022741,-36.3850326405689,0],[145.705458624591,-36.3850561022681,0],[145.705403611476,-36.3850482094817,0],[145.705407047862,-36.3850223042987,0],[145.705358011578,-36.3850169093386,0],[145.705369256748,-36.3849432605431,0],[145.705383278438,-36.3849442238566,0],[145.705392184515,-36.384890815594,0]]]},"properties":{"OBJECTID":214,"building_number":"5011","address":"Residence 52, Currawa Rise","Extrusion":null,"loc_code":"DOO;5011","campus_code":"DOO","GFA_INT":124.88,"GFA_EXT":141.91,"ccLinkList":"DOO;5011;0","NO_FLOORS":1,"NAME":"5011 DOOKIE RENTAL RESIDENCE 52","PROP_STATU":"Crown Land - UoM is CoM"}},{"type":"Feature","id":215,"geometry":{"type":"Polygon","coordinates":[[[145.708702367873,-36.3836425757669,0],[145.708823111432,-36.3836562628277,0],[145.708808186571,-36.3837254378931,0],[145.708687504332,-36.3837080365296,0],[145.708702367873,-36.3836425757669,0]]]},"properties":{"OBJECTID":215,"building_number":"5034","address":"YARD 1","Extrusion":null,"loc_code":"DOO;5034","campus_code":"DOO","GFA_INT":79.93,"GFA_EXT":81.76,"ccLinkList":"DOO;5034;0","NO_FLOORS":1,"NAME":"DOOKIE YARD 1","PROP_STATU":"Crown Land - UoM is CoM"}},{"type":"Feature","id":216,"geometry":{"type":"Polygon","coordinates":[[[145.708884248464,-36.3836631141343,0],[145.709008054117,-36.3836768341107,0],[145.708999417207,-36.3837361718381,0],[145.708875631924,-36.3837212143565,0],[145.708869548809,-36.3837186722628,0],[145.708884248464,-36.3836631141343,0]]]},"properties":{"OBJECTID":216,"building_number":"5035","address":"YARD 2","Extrusion":null,"loc_code":"DOO;5035","campus_code":"DOO","GFA_INT":67.58,"GFA_EXT":69.3,"ccLinkList":"DOO;5035;0","NO_FLOORS":1,"NAME":"DOOKIE YARD 2","PROP_STATU":"Crown Land - UoM is CoM"}},{"type":"Feature","id":217,"geometry":{"type":"Polygon","coordinates":[[[145.708960199398,-36.3837314325851,0],[145.709048244802,-36.3837466049537,0],[145.709018496638,-36.3838787649544,0],[145.708936008182,-36.383866730245,0],[145.708934476609,-36.3838667136888,0],[145.708960199398,-36.3837314325851,0]]]},"properties":{"OBJECTID":217,"building_number":"5036","address":"YARD 3","Extrusion":null,"loc_code":"DOO;5036","campus_code":"DOO","GFA_INT":84.96,"GFA_EXT":88.8,"ccLinkList":"DOO;5036;0","NO_FLOORS":1,"NAME":"DOOKIE YARD 3","PROP_STATU":"Crown Land - UoM is CoM"}},{"type":"Feature","id":218,"geometry":{"type":"MultiPolygon","coordinates":[[[[145.708646815066,-36.3839012175018,0],[145.70866306803,-36.3837881490164,0],[145.708744047491,-36.3837989289818,0],[145.70872454751,-36.3839132469655,0],[145.708646815066,-36.3839012175018,0]]],[[[145.708646815066,-36.3839012175018,0],[145.708646629982,-36.3839024991911,0],[145.708642832867,-36.3839006011113,0],[145.708646815066,-36.3839012175018,0]]]]},"properties":{"OBJECTID":218,"building_number":"5037","address":"YARD 4","Extrusion":null,"loc_code":"DOO;5037","campus_code":"DOO","GFA_INT":86.8,"GFA_EXT":90.72,"ccLinkList":"DOO;5037;0","NO_FLOORS":1,"NAME":"DOOKIE YARD 4","PROP_STATU":"Crown Land - UoM is CoM"}},{"type":"Feature","id":219,"geometry":{"type":"Polygon","coordinates":[[[145.708653855369,-36.3839023068736,0],[145.708710481361,-36.383911070189,0],[145.708689442339,-36.3839989188471,0],[145.708698556803,-36.3840033507488,0],[145.708688899836,-36.3840317237126,0],[145.708628610218,-36.3840199288013,0],[145.708653855369,-36.3839023068736,0]]]},"properties":{"OBJECTID":219,"building_number":"5038","address":"YARD 5","Extrusion":null,"loc_code":"DOO;5038","campus_code":"DOO","GFA_INT":74.63,"GFA_EXT":78.63,"ccLinkList":"DOO;5038;0","NO_FLOORS":1,"NAME":"DOOKIE YARD 5","PROP_STATU":"Crown Land - UoM is CoM"}},{"type":"Feature","id":220,"geometry":{"type":"Polygon","coordinates":[[[145.707885067075,-36.3842184402798,0],[145.708102230488,-36.3842531963855,0],[145.70808541754,-36.3843294355599,0],[145.707868777145,-36.384299038269,0],[145.707885067075,-36.3842184402798,0]]]},"properties":{"OBJECTID":220,"building_number":"5029","address":"SHED 1","Extrusion":null,"loc_code":"DOO;5029","campus_code":"DOO","GFA_INT":164.9,"GFA_EXT":170.52,"ccLinkList":"DOO;5029;0","NO_FLOORS":1,"NAME":"DOOKIE SHED 1","PROP_STATU":"Crown Land - UoM is CoM"}},{"type":"Feature","id":221,"geometry":{"type":"Polygon","coordinates":[[[145.708135206481,-36.3842549566651,0],[145.708323736669,-36.3842850494621,0],[145.708307536286,-36.3843603280192,0],[145.708119580518,-36.3843316918706,0],[145.708135206481,-36.3842549566651,0]]]},"properties":{"OBJECTID":221,"building_number":"5030","address":"SHED 2","Extrusion":null,"loc_code":"DOO;5030","campus_code":"DOO","GFA_INT":145.34,"GFA_EXT":150.48,"ccLinkList":"DOO;5030;0","NO_FLOORS":1,"NAME":"DOOKIE SHED 2","PROP_STATU":"Crown Land - UoM is CoM"}},{"type":"Feature","id":222,"geometry":{"type":"Polygon","coordinates":[[[145.707934047759,-36.3843438054518,0],[145.708296879355,-36.384396097495,0],[145.708279418862,-36.3844752315182,0],[145.707916650926,-36.3844190710079,0],[145.707934047759,-36.3843438054518,0]]]},"properties":{"OBJECTID":222,"building_number":"5031","address":"SHED 3","Extrusion":null,"loc_code":"DOO;5031","campus_code":"DOO","GFA_INT":276.36,"GFA_EXT":284.66,"ccLinkList":"DOO;5031;0","NO_FLOORS":1,"NAME":"DOOKIE SHED 3","PROP_STATU":"Crown Land - UoM is CoM"}},{"type":"Feature","id":223,"geometry":{"type":"Polygon","coordinates":[[[145.706678453543,-36.3836570506411,0],[145.706760859542,-36.3836656811688,0],[145.7067528663,-36.3837149301494,0],[145.706669312268,-36.3837033844575,0],[145.706669344304,-36.3837014502544,0],[145.706678453543,-36.3836570506411,0]]]},"properties":{"OBJECTID":223,"building_number":"542A","address":"TOILET BLOCK","Extrusion":null,"loc_code":"DOO;542A","campus_code":"DOO","GFA_INT":24.94,"GFA_EXT":27,"ccLinkList":"DOO;542A;0","NO_FLOORS":1,"NAME":"DOOKIE TOILET BLOCK","PROP_STATU":"Crown Land - UoM is CoM"}},{"type":"Feature","id":224,"geometry":{"type":"Polygon","coordinates":[[[145.706317655295,-36.3815859238235,0],[145.706460539445,-36.3816038528745,0],[145.706448610957,-36.3816574025041,0],[145.7063084093,-36.3816381791389,0],[145.706317655295,-36.3815859238235,0]]]},"properties":{"OBJECTID":224,"building_number":"538","address":" 940 Dookie-Nalinga Rd","Extrusion":null,"loc_code":"DOO;538","campus_code":"DOO","GFA_INT":139.24,"GFA_EXT":144,"ccLinkList":"DOO;538;0","NO_FLOORS":1,"NAME":"538 DOOKIE VEHICLE GARAGE","PROP_STATU":"Owned - Freehold"}},{"type":"Feature","id":225,"geometry":{"type":"Polygon","coordinates":[[[145.703227547474,-36.3864761011367,0],[145.703221840205,-36.3864876473585,0],[145.703213728616,-36.3864982200317,0],[145.703203459959,-36.3865074991153,0],[145.703191345541,-36.3865152013225,0],[145.703177753829,-36.3865210926665,0],[145.703163098077,-36.3865249946363,0],[145.703147823995,-36.3865267885703,0],[145.703132394066,-36.3865264199935,0],[145.703117277481,-36.386523900311,0],[145.703102935669,-36.3865193057495,0],[145.703089802238,-36.3865127762381,0],[145.703078276383,-36.3865045099275,0],[145.703068708497,-36.3864947567236,0],[145.703061391299,-36.3864838154868,0],[145.703056543383,-36.3864720176271,0],[145.703054314892,-36.3864597208545,0],[145.7030547732,-36.386447299108,0],[145.7030579031,-36.3864351308388,0],[145.703063609274,-36.3864235846131,0],[145.703071722005,-36.386413011061,0],[145.703081990664,-36.3864037319886,0],[145.703094103945,-36.3863960306814,0],[145.703107695656,-36.3863901384452,0],[145.703122351385,-36.3863862364818,0],[145.70313762544,-36.3863844425504,0],[145.703153056456,-36.3863848111382,0],[145.7031681719,-36.3863873308035,0],[145.703182514807,-36.3863919253689,0],[145.703195648212,-36.3863984557713,0],[145.703207172949,-36.3864067220586,0],[145.703216740857,-36.3864164743504,0],[145.703224059186,-36.3864274155901,0],[145.703228905996,-36.3864392143328,0],[145.703231134513,-36.3864515111028,0],[145.703230676248,-36.3864639319492,0],[145.703227547474,-36.3864761011367,0]]]},"properties":{"OBJECTID":225,"building_number":"562","address":"940 Dookie-Nalinga Rd","Extrusion":null,"loc_code":"D00;562","campus_code":"DOO","GFA_INT":434.44,"GFA_EXT":450.73,"ccLinkList":"DOO;562;0","NO_FLOORS":null,"NAME":"562 DOOKIE WATER TREATMENT PLANT","PROP_STATU":"Crown Land - Ground lease to UoM"}},{"type":"Feature","id":226,"geometry":{"type":"Polygon","coordinates":[[[145.705193334279,-36.3852523723342,0],[145.705294333144,-36.3852523728791,0],[145.705297816119,-36.3853084476569,0],[145.705221195941,-36.3853112517456,0],[145.705217712983,-36.385339288387,0],[145.70518985201,-36.3853336821028,0],[145.705193334279,-36.3852523723342,0]]]},"properties":{"OBJECTID":226,"building_number":"5597","address":"940 Dookie-Nalinga Rd","Extrusion":null,"loc_code":"DOO;5597","campus_code":"DOO","GFA_INT":75.58,"GFA_EXT":75.64,"ccLinkList":"DOO;5597;0","NO_FLOORS":1,"NAME":"5597 DOOKIE MOTEL BUILDING CARPORT","PROP_STATU":"Owned - Freehold"}},{"type":"Feature","id":227,"geometry":{"type":"Polygon","coordinates":[[[145.705485881774,-36.3852776070168,0],[145.705603239338,-36.3852897975665,0],[145.705590363914,-36.385370130222,0],[145.705473006231,-36.3853579396575,0],[145.705485881774,-36.3852776070168,0]]]},"properties":{"OBJECTID":227,"building_number":"5592","address":" 940 Dookie-Nalinga Rd","Extrusion":null,"loc_code":"DOO;5592","campus_code":"DOO","GFA_INT":35.98,"GFA_EXT":42.37,"ccLinkList":"DOO;5592;0","NO_FLOORS":1,"NAME":"5592 DOOKIE MOTEL BUILDING KITCHEN LOUNGE","PROP_STATU":"Owned - Freehold"}},{"type":"Feature","id":228,"geometry":{"type":"Polygon","coordinates":[[[145.705611259369,-36.3854598498709,0],[145.7057328155,-36.3854707227803,0],[145.705726188796,-36.3855187289323,0],[145.705604634836,-36.3855078551375,0],[145.705611259369,-36.3854598498709,0]]]},"properties":{"OBJECTID":228,"building_number":"5599","address":"Dookie Motel Building","Extrusion":null,"loc_code":"DOO;5599","campus_code":"DOO","GFA_INT":78.34,"GFA_EXT":78.4,"ccLinkList":"DOO;5599;0","NO_FLOORS":1,"NAME":"5599 DOOKIE MOTEL BUILDING CARPORT","PROP_STATU":"Owned - Freehold"}},{"type":"Feature","id":229,"geometry":{"type":"Polygon","coordinates":[[[145.705001769328,-36.3843081824768,0],[145.705179404028,-36.3843280350035,0],[145.705276919793,-36.3837027894133,0],[145.705458796374,-36.3837301768919,0],[145.70531199441,-36.3846560227165,0],[145.70495358838,-36.3846193478586,0],[145.705001769328,-36.3843081824768,0]]]},"properties":{"OBJECTID":229,"building_number":"525","address":" 940 Dookie-Nalinga Rd","Extrusion":null,"loc_code":"DOO;525","campus_code":"DOO","GFA_INT":0,"GFA_EXT":0,"ccLinkList":"DOO;525;0","NO_FLOORS":null,"NAME":"525 DOOKIE TENNIS COURTS","PROP_STATU":"Owned - Freehold"}},{"type":"Feature","id":230,"geometry":{"type":"Polygon","coordinates":[[[145.704601272564,-36.3844953569366,0],[145.704740152242,-36.3845093331825,0],[145.704730132573,-36.384573863344,0],[145.704591252767,-36.3845598879856,0],[145.704601272564,-36.3844953569366,0]]]},"properties":{"OBJECTID":230,"building_number":"524","address":" 940 Dookie-Nalinga Rd","Extrusion":null,"loc_code":"DOO;524","campus_code":"DOO","GFA_INT":123.89,"GFA_EXT":131.09,"ccLinkList":"DOO;524;0","NO_FLOORS":null,"NAME":"524 DOOKIE SWIMMING POOL (SHADE)","PROP_STATU":"Owned - Freehold"}},{"type":"Feature","id":231,"geometry":{"type":"Polygon","coordinates":[[[145.70857171631,-36.3828441580351,0],[145.708701086957,-36.3828636871549,0],[145.708673749234,-36.3829810647298,0],[145.708544379516,-36.3829615355889,0],[145.70857171631,-36.3828441580351,0]]]},"properties":{"OBJECTID":231,"building_number":"588","address":"940 Dookie-Nalinga Rd","Extrusion":null,"loc_code":"DOO;588","campus_code":"DOO","GFA_INT":174.64,"GFA_EXT":180,"ccLinkList":"DOO;588;0","NO_FLOORS":1,"NAME":"588 DOOKIE OLD TRUCK SHED","PROP_STATU":"Owned - Freehold"}},{"type":"Feature","id":232,"geometry":{"type":"Polygon","coordinates":[[[145.708216329633,-36.3839906763378,0],[145.708283232714,-36.3839878427458,0],[145.708285983715,-36.3840299295852,0],[145.708219080583,-36.3840327640794,0],[145.708216329633,-36.3839906763378,0]]]},"properties":{"OBJECTID":232,"building_number":"592","address":"940 Dookie-Nalinga Rd","Extrusion":null,"loc_code":"DOO;592","campus_code":"DOO","GFA_INT":35.52,"GFA_EXT":37.5,"ccLinkList":"DOO;592;0","NO_FLOORS":1,"NAME":"592 DOOKIE SAFETY EQUIPMENT SHED","PROP_STATU":"Owned - Freehold"}},{"type":"Feature","id":233,"geometry":{"type":"Polygon","coordinates":[[[145.708299914885,-36.383985069058,0],[145.708386982811,-36.3839850686521,0],[145.708386982857,-36.3841112399124,0],[145.708299914789,-36.3841112403155,0],[145.708299914885,-36.383985069058,0]]]},"properties":{"OBJECTID":233,"building_number":"589","address":"940 Dookie-Nalinga Rd","Extrusion":null,"loc_code":"DOO;589","campus_code":"DOO","GFA_INT":68.44,"GFA_EXT":72,"ccLinkList":"DOO;589;0","NO_FLOORS":1,"NAME":"589 DOOKIE STORAGE SHED 3","PROP_STATU":"Owned - Freehold"}},{"type":"Feature","id":234,"geometry":{"type":"Polygon","coordinates":[[[145.707735715675,-36.3841084364023,0],[145.707863074267,-36.384113978231,0],[145.707857610405,-36.3841953532204,0],[145.707730251695,-36.3841898104819,0],[145.707735715675,-36.3841084364023,0]]]},"properties":{"OBJECTID":234,"building_number":"594","address":"940 Dookie-Nalinga Rd","Extrusion":null,"loc_code":"DOO;594","campus_code":"DOO","GFA_INT":107.62,"GFA_EXT":112.4,"ccLinkList":"DOO;594;0","NO_FLOORS":1,"NAME":"594 DOOKIE SHED 4","PROP_STATU":"Owned - Freehold"}},{"type":"Feature","id":235,"geometry":{"type":"Polygon","coordinates":[[[145.709686251984,-36.384822697355,0],[145.709816985053,-36.3848418334492,0],[145.709778762724,-36.3850110750144,0],[145.709648030483,-36.3849919397868,0],[145.709686251984,-36.384822697355,0]]]},"properties":{"OBJECTID":235,"building_number":"590","address":"FARM STORAGE SHED 1","Extrusion":null,"loc_code":"DOO'590","campus_code":"DOO","GFA_INT":199.86,"GFA_EXT":200,"ccLinkList":"DOO;590;0","NO_FLOORS":1,"NAME":"590 DOOKIE FARM STORAGE SHED 1","PROP_STATU":"Owned - Freehold"}},{"type":"Feature","id":236,"geometry":{"type":"Polygon","coordinates":[[[145.712287404205,-36.3852345000264,0],[145.712376689579,-36.385166849215,0],[145.712537724561,-36.385304592478,0],[145.712448440276,-36.3853722434199,0],[145.712287404205,-36.3852345000264,0]]]},"properties":{"OBJECTID":236,"building_number":"556","address":"SPORTS PAVILLION,940 DOOKIE-NALINGA ROAD","Extrusion":null,"loc_code":"DOO;556","campus_code":"DOO","GFA_INT":241.04,"GFA_EXT":248,"ccLinkList":"DOO;556;0","NO_FLOORS":1,"NAME":"556 DOOKIE SPORTS PAVILLION","PROP_STATU":"Owned - Freehold"}},{"type":"Feature","id":237,"geometry":{"type":"Polygon","coordinates":[[[145.708287013174,-36.3825265543074,0],[145.708387384324,-36.3825359179788,0],[145.708367190401,-36.3826880693497,0],[145.708266150168,-36.3826776256764,0],[145.708287013174,-36.3825265543074,0]]]},"properties":{"OBJECTID":237,"building_number":"587","address":"940 Dookie-Nalinga Road","Extrusion":null,"loc_code":"DOO; 587","campus_code":"DOO","GFA_INT":115.34,"GFA_EXT":120,"ccLinkList":"DOO;587;0","NO_FLOORS":1,"NAME":"Old Machinery Shed","PROP_STATU":"Owned - Freehold"}},{"type":"Feature","id":238,"geometry":{"type":"Polygon","coordinates":[[[145.704692743946,-36.3842570914293,0],[145.704842411058,-36.3842700477968,0],[145.704810761237,-36.3844989360515,0],[145.704657338414,-36.3844842522614,0],[145.704692743946,-36.3842570914293,0]]]},"properties":{"OBJECTID":238,"building_number":"524","address":"940 Dookie-Nalinga Rd","Extrusion":null,"loc_code":"DOO;524","campus_code":"DOO","GFA_INT":37.17,"GFA_EXT":40.55,"ccLinkList":"DOO;524;0","NO_FLOORS":null,"NAME":"524 DOOKIE SWIMMING POOL","PROP_STATU":"Owned - Freehold"}},{"type":"Feature","id":239,"geometry":{"type":"Polygon","coordinates":[[[145.706420840472,-36.3838763319132,0],[145.706494332151,-36.3838961975256,0],[145.706396699919,-36.3841661140919,0],[145.706810832607,-36.3842175068013,0],[145.706809760465,-36.3839592508115,0],[145.706587673689,-36.3839311793226,0],[145.706600548287,-36.3838586252862,0],[145.706891298928,-36.383884969271,0],[145.706902162307,-36.3842118924083,0],[145.706882314104,-36.3843418837136,0],[145.706297055484,-36.38427192181,0],[145.706319050243,-36.3841104033912,0],[145.706420840472,-36.3838763319132,0]]]},"properties":{"OBJECTID":239,"building_number":"547","address":"940 Dookie-Nalinga Road","Extrusion":null,"loc_code":"DOO;547","campus_code":"DOO","GFA_INT":2191.32,"GFA_EXT":2330.91,"ccLinkList":"DOO;547;0","NO_FLOORS":2,"NAME":"DOOKIE ACCOMMODATION","PROP_STATU":"Owned - Freehold"}},{"type":"Feature","id":240,"geometry":{"type":"Polygon","coordinates":[[[145.705354689169,-36.3807958368392,0],[145.705869716865,-36.3808584254306,0],[145.705792707209,-36.3812691760924,0],[145.7052776791,-36.3812065880455,0],[145.705354689169,-36.3807958368392,0]]]},"properties":{"OBJECTID":240,"building_number":"533","address":"North Drive","Extrusion":null,"loc_code":"DOO;533","campus_code":"DOO","GFA_INT":0,"GFA_EXT":0,"ccLinkList":"DOO;533;0","NO_FLOORS":0,"NAME":"DOOKIE SOLAR ARRAY","PROP_STATU":"Owned - Freehold"}},{"type":"Feature","id":241,"geometry":{"type":"Polygon","coordinates":[[[144.693491988715,-37.8902613076186,0],[144.693228696064,-37.8902604143437,0],[144.693227134496,-37.8901949358623,0],[144.693493088565,-37.8901967103481,0],[144.693491988715,-37.8902613076186,0]]]},"properties":{"OBJECTID":241,"building_number":"434","address":"250 Princes Highway","Extrusion":null,"loc_code":"WER;434","campus_code":"WER","GFA_INT":102.31,"GFA_EXT":115.68,"ccLinkList":"WER;434;0,","NO_FLOORS":1,"NAME":"WERRIBEE PC2 AQUATIC FACILITY","PROP_STATU":"Owned - Freehold"}},{"type":"Feature","id":242,"geometry":{"type":"Polygon","coordinates":[[[144.691954689155,-37.8903837153624,0],[144.691879787103,-37.8902834627842,0],[144.692063307756,-37.8901957086032,0],[144.692139709933,-37.8902972664874,0],[144.691954689155,-37.8903837153624,0]]]},"properties":{"OBJECTID":242,"building_number":"442","address":"250 Princes Highway","Extrusion":null,"loc_code":"WER;442","campus_code":"WER","GFA_INT":231.2,"GFA_EXT":255.07,"ccLinkList":"WER;442;0,","NO_FLOORS":1,"NAME":"WERRIBEE CATTLE TRAINING FACILITY","PROP_STATU":"Owned - Freehold"}},{"type":"Feature","id":243,"geometry":{"type":"Polygon","coordinates":[[[144.693601820161,-37.8901753693535,0],[144.693600231027,-37.890068067278,0],[144.693762565563,-37.8900689578688,0],[144.693764156098,-37.8901762590714,0],[144.693601820161,-37.8901753693535,0]]]},"properties":{"OBJECTID":243,"building_number":"423","address":"250 Princes Highway","Extrusion":null,"loc_code":"WER;423","campus_code":"WER","GFA_INT":225.06,"GFA_EXT":233.41,"ccLinkList":"WER;423;0,","NO_FLOORS":1,"NAME":"WERRIBEE AVIAN ISOLATION UNIT","PROP_STATU":"Owned - Freehold"}},{"type":"Feature","id":244,"geometry":{"type":"Polygon","coordinates":[[[144.694338435109,-37.8901827448885,0],[144.694310464077,-37.8901426715533,0],[144.694340212022,-37.8901307162564,0],[144.694368184202,-37.8901707896072,0],[144.694338435109,-37.8901827448885,0]]]},"properties":{"OBJECTID":244,"building_number":"425","address":"250 Princes Highway","Extrusion":null,"loc_code":"WER;425","campus_code":"WER","GFA_INT":10.95,"GFA_EXT":12.32,"ccLinkList":"WER;425;0","NO_FLOORS":1,"NAME":"WERRIBEE GARDENERS SHED","PROP_STATU":"Owned - Freehold"}},{"type":"Feature","id":245,"geometry":{"type":"Polygon","coordinates":[[[144.694295336942,-37.8884888961713,0],[144.694517010475,-37.8884905394126,0],[144.6945185351,-37.8885761555515,0],[144.694296862446,-37.8885745123271,0],[144.694295336942,-37.8884888961713,0]]]},"properties":{"OBJECTID":245,"building_number":"426","address":"250 Princes Highway","Extrusion":null,"loc_code":"WER;426","campus_code":"WER","GFA_INT":175.88,"GFA_EXT":181.59,"ccLinkList":"WER;426;0,","NO_FLOORS":1,"NAME":"WERRIBEE CAMPUS STORAGE","PROP_STATU":"Owned - Freehold"}},{"type":"Feature","id":246,"geometry":{"type":"Polygon","coordinates":[[[144.692896030353,-37.8909372205352,0],[144.692826009393,-37.8909699902029,0],[144.692780190455,-37.8909116287114,0],[144.692790192778,-37.8909069479671,0],[144.69278214402,-37.89089669572,0],[144.692772140561,-37.8909013764412,0],[144.692709602973,-37.8908217223757,0],[144.692779623781,-37.8907889545747,0],[144.692842161449,-37.8908686077044,0],[144.692836159839,-37.8908714159694,0],[144.692844208574,-37.8908816691135,0],[144.692850210213,-37.8908788599477,0],[144.692896030353,-37.8909372205352,0]]]},"properties":{"OBJECTID":246,"building_number":"420","address":"250 Princes Highway","Extrusion":null,"loc_code":"WER;420","campus_code":"WER","GFA_INT":120.19,"GFA_EXT":133.7,"ccLinkList":"WER;420;0,","NO_FLOORS":2,"NAME":"WERRIBEE DOG COLONY","PROP_STATU":"Owned - Freehold"}},{"type":"Feature","id":247,"geometry":{"type":"Polygon","coordinates":[[[144.693830651241,-37.8901358664784,0],[144.693791670692,-37.8901375336445,0],[144.693792117935,-37.8900643637797,0],[144.693831098418,-37.8900626975127,0],[144.693830651241,-37.8901358664784,0]]]},"properties":{"OBJECTID":247,"building_number":"421","address":"250 Princes Highway","Extrusion":null,"loc_code":"WER;421","campus_code":"WER","GFA_INT":70.29,"GFA_EXT":77.13,"ccLinkList":"WER;421;0,","NO_FLOORS":1,"NAME":"WERRIBEE CAMPUS SERVICES WORKSHOP/STORE","PROP_STATU":"Owned - Freehold"}},{"type":"Feature","id":248,"geometry":{"type":"Polygon","coordinates":[[[144.693243422776,-37.8900619192341,0],[144.693565591809,-37.8900636873117,0],[144.693567468817,-37.890190362027,0],[144.693245299203,-37.8901885948372,0],[144.693243422776,-37.8900619192341,0]]]},"properties":{"OBJECTID":248,"building_number":"414","address":"250 Princes Highway","Extrusion":null,"loc_code":"WER;414","campus_code":"WER","GFA_INT":369.49,"GFA_EXT":390.49,"ccLinkList":"WER;414;0,","NO_FLOORS":1,"NAME":"WERRIBEE RURAL CREDIT ANIMAL HOUSE","PROP_STATU":"Owned - Freehold"}},{"type":"Feature","id":249,"geometry":{"type":"Polygon","coordinates":[[[144.693163228785,-37.8899615123324,0],[144.693158713145,-37.8899614877749,0],[144.693158685395,-37.8899596813747,0],[144.693082965541,-37.8899592663569,0],[144.693082993345,-37.8899610709559,0],[144.693078476541,-37.8899610472736,0],[144.693078817807,-37.889928189907,0],[144.693163567769,-37.8899286540193,0],[144.693163228785,-37.8899615123324,0]]]},"properties":{"OBJECTID":249,"building_number":"415","address":"250 Princes Highway","Extrusion":null,"loc_code":"WER;415","campus_code":"WER","GFA_INT":48.66,"GFA_EXT":59.51,"ccLinkList":"WER;415;0,","NO_FLOORS":1,"NAME":"WERRIBEE BIOHAZARD DEPOT","PROP_STATU":"Owned - Freehold"}},{"type":"Feature","id":250,"geometry":{"type":"Polygon","coordinates":[[[144.694116026453,-37.8901555966887,0],[144.694175787255,-37.8901288465238,0],[144.694252551428,-37.8902308841581,0],[144.694292391259,-37.890213049457,0],[144.694321916367,-37.8902522944786,0],[144.694222315637,-37.890296879405,0],[144.694116026453,-37.8901555966887,0]]]},"properties":{"OBJECTID":250,"building_number":"427","address":"250 Princes Highway","Extrusion":null,"loc_code":"WER;427","campus_code":"WER","GFA_INT":132,"GFA_EXT":137.89,"ccLinkList":"WER;427;0,","NO_FLOORS":1,"NAME":"WERRIBEE IMPLEMENT SHED","PROP_STATU":"Owned - Freehold"}},{"type":"Feature","id":251,"geometry":{"type":"Polygon","coordinates":[[[144.693037879317,-37.8884835780655,0],[144.693036758541,-37.8884079173767,0],[144.693039405125,-37.8884079314226,0],[144.693039480749,-37.8884129756065,0],[144.693079180449,-37.888413192615,0],[144.693079105959,-37.8884081484534,0],[144.693294370452,-37.8884093304119,0],[144.693294444957,-37.8884143745739,0],[144.693333263576,-37.8884145877395,0],[144.693333189068,-37.8884095435775,0],[144.693404943178,-37.888409936537,0],[144.69340501769,-37.8884149806992,0],[144.693443836284,-37.8884151947289,0],[144.693443761769,-37.8884101505667,0],[144.693624913111,-37.8884111434544,0],[144.693624987667,-37.8884161867163,0],[144.693663806266,-37.8884164006735,0],[144.693663731735,-37.888411356511,0],[144.693769599085,-37.88841193674,0],[144.693769680936,-37.8884174388181,0],[144.693800264277,-37.8884176066514,0],[144.693800121347,-37.8884079771195,0],[144.693803651235,-37.8884079967475,0],[144.693803806464,-37.8884185438667,0],[144.693815444013,-37.8884133345802,0],[144.69381724432,-37.8884157272139,0],[144.693806619262,-37.8884204823543,0],[144.693822217055,-37.888441216616,0],[144.693828288344,-37.8884384997752,0],[144.693847485685,-37.8884640174776,0],[144.693841920613,-37.8884665081467,0],[144.693861717283,-37.8884928242773,0],[144.693867283493,-37.8884903336296,0],[144.693903877872,-37.888538978189,0],[144.693902866544,-37.8885394314579,0],[144.693902416722,-37.8885388342059,0],[144.693897862974,-37.8885408716086,0],[144.693918560408,-37.8885683840581,0],[144.693923114157,-37.8885663466546,0],[144.693922663255,-37.8885657475793,0],[144.693923675691,-37.8885652952331,0],[144.693960270143,-37.8886139397767,0],[144.693959258786,-37.8886143939466,0],[144.693958809019,-37.8886137948937,0],[144.69395425524,-37.888615833199,0],[144.69397450292,-37.8886427474873,0],[144.693987601845,-37.8886613601605,0],[144.694066905572,-37.8886241308879,0],[144.694093656834,-37.8886600928667,0],[144.694097336836,-37.8886582537014,0],[144.694101577724,-37.8886565498839,0],[144.694187960578,-37.8887727363196,0],[144.694060322764,-37.8888342508136,0],[144.693955587225,-37.8886949214067,0],[144.693953994576,-37.8886922868377,0],[144.693950750644,-37.888693888538,0],[144.693914828852,-37.8887099688428,0],[144.693913027399,-37.8887075761881,0],[144.693916569883,-37.8887059902529,0],[144.693897372487,-37.8886804716593,0],[144.693893830032,-37.8886820566933,0],[144.693892030853,-37.8886796640828,0],[144.693893042155,-37.8886792117147,0],[144.693893491922,-37.8886798107679,0],[144.693898045707,-37.8886777724652,0],[144.693877349388,-37.888650260034,0],[144.69387279674,-37.8886522983583,0],[144.693873245427,-37.8886528955881,0],[144.69387223296,-37.8886533488344,0],[144.693835639714,-37.8886047033866,0],[144.69383664988,-37.8886042509967,0],[144.693837099702,-37.8886048482489,0],[144.693841653483,-37.8886028099482,0],[144.693820956069,-37.8885752974859,0],[144.693816403397,-37.8885773367087,0],[144.693816853219,-37.888577933961,0],[144.693815840725,-37.8885783881074,0],[144.693779246443,-37.8885297417211,0],[144.693784811523,-37.8885272510552,0],[144.6937650149,-37.8885009340118,0],[144.693759448658,-37.8885034255551,0],[144.693750908995,-37.8884920742885,0],[144.693749884233,-37.8884916099464,0],[144.693554340253,-37.8884905378605,0],[144.693554326794,-37.8884896211515,0],[144.693555209018,-37.8884896249291,0],[144.693555147898,-37.8884854992769,0],[144.693515741523,-37.888485281871,0],[144.693515802584,-37.8884894093242,0],[144.693516684752,-37.8884894149032,0],[144.69351669821,-37.8884903316122,0],[144.693444944019,-37.8884899387183,0],[144.693444868368,-37.8884848945339,0],[144.693406050873,-37.8884846805256,0],[144.693406125386,-37.8884897246877,0],[144.693334370063,-37.8884893317041,0],[144.693334295555,-37.8884842875421,0],[144.693295478036,-37.8884840743979,0],[144.693295552541,-37.8884891185598,0],[144.693249676374,-37.888488866136,0],[144.693250133725,-37.88851981977,0],[144.693256603522,-37.8885198547009,0],[144.693257431492,-37.8885757984185,0],[144.693250079521,-37.8885757579065,0],[144.693250527694,-37.8886060219988,0],[144.693257879641,-37.8886060634114,0],[144.693259102048,-37.8886886016829,0],[144.693259689764,-37.8886886059965,0],[144.693260042729,-37.8887124495013,0],[144.693264748091,-37.8887124768725,0],[144.693264768828,-37.8887138523974,0],[144.693301822099,-37.8887140552948,0],[144.693301835555,-37.8887149720037,0],[144.693400645761,-37.8887155142371,0],[144.693400632304,-37.8887145975281,0],[144.69340945426,-37.8887146452222,0],[144.693449449692,-37.888714864301,0],[144.693450453747,-37.8887827297621,0],[144.693263281033,-37.8887806020701,0],[144.69321693685,-37.8887800746233,0],[144.693217946862,-37.8888483979718,0],[144.693177951362,-37.8888481788121,0],[144.693177382247,-37.8888096607392,0],[144.692986230297,-37.8888086107306,0],[144.69298583095,-37.8887815574075,0],[144.69279409132,-37.8887805045751,0],[144.692793759263,-37.8887580356981,0],[144.692792582638,-37.888758028845,0],[144.692792555767,-37.8887561945269,0],[144.692817846069,-37.8887563336156,0],[144.692817195389,-37.8887123125697,0],[144.692804843535,-37.888712245173,0],[144.692804897333,-37.8887159120082,0],[144.692802545193,-37.8887158992251,0],[144.692802518294,-37.8887140658075,0],[144.692795460737,-37.8887140274358,0],[144.692795487608,-37.888715861754,0],[144.692793134331,-37.8887158489484,0],[144.692793576201,-37.8887456533416,0],[144.692708881077,-37.888745188253,0],[144.692708284171,-37.8887048367454,0],[144.692792979248,-37.888705301833,0],[144.69279282303,-37.8886947546952,0],[144.692795175169,-37.8886947674785,0],[144.692795202012,-37.8886966026972,0],[144.692802260704,-37.8886966410912,0],[144.692802232696,-37.8886948067507,0],[144.692804585972,-37.888694819556,0],[144.692804809413,-37.8887099511384,0],[144.692984785887,-37.8887109400062,0],[144.692984512193,-37.8887123133622,0],[144.692988923127,-37.8887123385759,0],[144.692988563026,-37.8886880344561,0],[144.69298973965,-37.8886880413072,0],[144.692989949677,-37.8887022561816,0],[144.693175807082,-37.8887032762655,0],[144.693175705677,-37.8886963986861,0],[144.69317747121,-37.8886964080705,0],[144.693177347961,-37.8886881540435,0],[144.693156761929,-37.8886880414853,0],[144.693154264801,-37.8885192936305,0],[144.693160734599,-37.8885193285666,0],[144.693160276093,-37.8884883767123,0],[144.693080287815,-37.888487936596,0],[144.693080274362,-37.888487019887,0],[144.69308115653,-37.8884870254693,0],[144.693081108946,-37.8884838147256,0],[144.693037879317,-37.8884835780655,0]]]},"properties":{"OBJECTID":251,"building_number":"419","address":"250 Princes Highway","Extrusion":null,"loc_code":"WER;419","campus_code":"WER","GFA_INT":2756.07,"GFA_EXT":2964.25,"ccLinkList":"WER;419;0,WER;419;1,","NO_FLOORS":2,"NAME":"WERRIBEE KENDALL HALL OF RESIDENCE","PROP_STATU":"Owned - Freehold"}},{"type":"Feature","id":252,"geometry":{"type":"Polygon","coordinates":[[[144.692410966645,-37.8897019236884,0],[144.692372736256,-37.8897017136365,0],[144.692371671091,-37.8896297207343,0],[144.692371664923,-37.8896292628414,0],[144.692334610103,-37.8896290587133,0],[144.692334575968,-37.8896267655799,0],[144.692064013404,-37.8896275717372,0],[144.692062999495,-37.889556277312,0],[144.692456451742,-37.8895563657329,0],[144.692455648713,-37.8895020832891,0],[144.692122748071,-37.889500253983,0],[144.692122402813,-37.8894768675041,0],[144.691914781796,-37.8894757269709,0],[144.691914534666,-37.8893581180119,0],[144.692144748489,-37.8893571857673,0],[144.692147441674,-37.8893259271793,0],[144.692438294435,-37.8893258657004,0],[144.69243684268,-37.8893011698101,0],[144.692540199526,-37.8892383897271,0],[144.692536934835,-37.8891683361593,0],[144.692851962326,-37.8891356259789,0],[144.692870632142,-37.8891662347656,0],[144.693012284295,-37.889169010562,0],[144.693016055989,-37.889342701737,0],[144.693211880691,-37.889343776647,0],[144.693219409018,-37.8894885675707,0],[144.69300412318,-37.8894873859172,0],[144.69300459004,-37.889518941685,0],[144.693056273947,-37.8895192251855,0],[144.693058177769,-37.8896478549751,0],[144.692967688176,-37.8896473575449,0],[144.692974923241,-37.889851240354,0],[144.692968555657,-37.8898512056082,0],[144.692968989446,-37.8898805421542,0],[144.692963200521,-37.8898805106445,0],[144.692963640676,-37.8899102987793,0],[144.692957851777,-37.8899102663687,0],[144.692958293066,-37.8899400545255,0],[144.692908502895,-37.8899397810786,0],[144.692909919241,-37.8900355048039,0],[144.692768779244,-37.8900360838854,0],[144.692768615729,-37.8900250788347,0],[144.692747846317,-37.8900249644063,0],[144.692747979505,-37.8900339908913,0],[144.692719113058,-37.8900329300876,0],[144.692626489094,-37.8900324211705,0],[144.692585979334,-37.8900331018526,0],[144.692585845058,-37.8900240744452,0],[144.69255687655,-37.8900239154293,0],[144.692557074174,-37.8900372136127,0],[144.692415913934,-37.8900364383823,0],[144.692410966645,-37.8897019236884,0]]]},"properties":{"OBJECTID":252,"building_number":"411","address":"250 Princes Highway","Extrusion":null,"loc_code":"WER;411","campus_code":"WER","GFA_INT":6296.69,"GFA_EXT":7060.06,"ccLinkList":"WER;411;0","NO_FLOORS":2,"NAME":"WERRIBEE VETERINARY HOSPITAL","PROP_STATU":"Owned - Freehold"}},{"type":"Feature","id":253,"geometry":{"type":"MultiPolygon","coordinates":[[[[144.693485187642,-37.8907053373916,0],[144.693484579648,-37.8907045432951,0],[144.693425270042,-37.8906283897763,0],[144.693443197437,-37.8906203652724,0],[144.693434341035,-37.8906085914542,0],[144.693444301078,-37.8906041333033,0],[144.693471758019,-37.8906406310052,0],[144.693644865726,-37.8905631457937,0],[144.693684664193,-37.8906160479681,0],[144.693485585511,-37.8907051586584,0],[144.693485187642,-37.8907053373916,0]]],[[[144.693425270042,-37.8906283897763,0],[144.693483069552,-37.8907052192723,0],[144.693484572149,-37.8907045467526,0],[144.693485187642,-37.8907053373916,0],[144.693234223122,-37.8908176716376,0],[144.693233622629,-37.8908168740826,0],[144.693235141366,-37.8908161946735,0],[144.69314335095,-37.8906941829893,0],[144.693141833352,-37.8906948624195,0],[144.693141232861,-37.8906940648639,0],[144.693392197082,-37.8905817308051,0],[144.693392796438,-37.8905825283371,0],[144.693391278845,-37.8905832077706,0],[144.693425270042,-37.8906283897763,0]]]]},"properties":{"OBJECTID":253,"building_number":"413","address":"250 Princes Highway","Extrusion":null,"loc_code":"WER;413","campus_code":"WER","GFA_INT":516.57,"GFA_EXT":538.38,"ccLinkList":"WER;413;0,","NO_FLOORS":1,"NAME":"WERRIBEE SHARED ANIMAL HOUSE","PROP_STATU":"Owned - Freehold"}},{"type":"Feature","id":254,"geometry":{"type":"Polygon","coordinates":[[[144.693947426431,-37.8903517510266,0],[144.693858852835,-37.8902340156994,0],[144.693958452518,-37.8901894319631,0],[144.694047027363,-37.8903071672417,0],[144.693947426431,-37.8903517510266,0]]]},"properties":{"OBJECTID":254,"building_number":"450","address":"250 Princes Highway","Extrusion":null,"loc_code":"WER;450","campus_code":"WER","GFA_INT":157.29,"GFA_EXT":170.45,"ccLinkList":"WER;450;0,","NO_FLOORS":1,"NAME":"WERRIBEE TENANT BUILDING 450","PROP_STATU":"Tenant Owned Building - Ground Lease"}},{"type":"Feature","id":255,"geometry":{"type":"Polygon","coordinates":[[[144.692947354795,-37.8905752418225,0],[144.692944279366,-37.8903908391317,0],[144.693068165618,-37.8903914435442,0],[144.693071241357,-37.8905758462417,0],[144.692947354795,-37.8905752418225,0]]]},"properties":{"OBJECTID":255,"building_number":"429","address":"250 Princes Highway","Extrusion":null,"loc_code":"WER;429","campus_code":"WER","GFA_INT":214.01,"GFA_EXT":220.01,"ccLinkList":"WER;429;0,","NO_FLOORS":1,"NAME":"WERRIBEE HAY SHED","PROP_STATU":"Owned - Freehold"}},{"type":"Feature","id":256,"geometry":{"type":"Polygon","coordinates":[[[144.692926560112,-37.8902731425797,0],[144.693072533878,-37.8902697339405,0],[144.693071131466,-37.8903502751948,0],[144.692928231499,-37.8903543244291,0],[144.692926560112,-37.8902731425797,0]]]},"properties":{"OBJECTID":256,"building_number":"428","address":"250 Princes Highway","Extrusion":null,"loc_code":"WER;428","campus_code":"WER","GFA_INT":115.92,"GFA_EXT":120.4,"ccLinkList":"WER;428;0","NO_FLOORS":0,"NAME":"WERRIBEE TRACTOR STORAGE SHED","PROP_STATU":"Owned - Freehold"}},{"type":"Feature","id":257,"geometry":{"type":"Polygon","coordinates":[[[144.693164192965,-37.889544318985,0],[144.693838674856,-37.889546419756,0],[144.693838517978,-37.8895357797901,0],[144.693991404085,-37.8895366173161,0],[144.693991561033,-37.8895471464449,0],[144.694227528948,-37.8895484387486,0],[144.694228157101,-37.8895908030811,0],[144.694249361801,-37.8895909203701,0],[144.69424961741,-37.8896080548841,0],[144.694257387893,-37.8896080963276,0],[144.694258466966,-37.8896809050282,0],[144.694269934508,-37.8896809675597,0],[144.69427046263,-37.8897166264548,0],[144.694238928323,-37.8897164536172,0],[144.694239342273,-37.8897443650966,0],[144.69422583746,-37.889744291472,0],[144.694041091449,-37.889743279479,0],[144.694041179522,-37.889749238549,0],[144.694010591787,-37.8897483921374,0],[144.694010513236,-37.8897431118019,0],[144.693801697555,-37.8897419683,0],[144.693801624039,-37.8897370007539,0],[144.693772702244,-37.8897368420537,0],[144.693772775786,-37.8897418086992,0],[144.693773357829,-37.8897418128992,0],[144.693773388554,-37.8897438887945,0],[144.693587792251,-37.8897428702351,0],[144.693587632306,-37.8897320382696,0],[144.693558686624,-37.8897318799497,0],[144.693558814241,-37.8897427275016,0],[144.693441758214,-37.8897420872105,0],[144.693167096682,-37.8897405798517,0],[144.693165869059,-37.8896576305772,0],[144.693164192965,-37.889544318985,0]]]},"properties":{"OBJECTID":257,"building_number":"416","address":"250 Princes Highway","Extrusion":null,"loc_code":"WER;416","campus_code":"WER","GFA_INT":2351.08,"GFA_EXT":2580.63,"ccLinkList":"WER;416;0.1,WER;416;1,WER;416;2","NO_FLOORS":4,"NAME":"WERRIBEE PATHOLOGY BUILDING","PROP_STATU":"Owned - Freehold"}},{"type":"Feature","id":258,"geometry":{"type":"Polygon","coordinates":[[[144.693721204586,-37.8893627998029,0],[144.69422917755,-37.8893655839223,0],[144.694230726155,-37.8894701340795,0],[144.694168379678,-37.8894697917164,0],[144.694031926981,-37.8894690449185,0],[144.694031764411,-37.8894580398847,0],[144.694018824703,-37.8894579683015,0],[144.694018988379,-37.8894689742581,0],[144.693626492357,-37.8894668219121,0],[144.693400240392,-37.8894655810115,0],[144.693398692962,-37.8893610308814,0],[144.693721204586,-37.8893627998029,0]]]},"properties":{"OBJECTID":258,"building_number":"417","address":"250 Princes Highway","Extrusion":null,"loc_code":"WER;417","campus_code":"WER","GFA_INT":951.66,"GFA_EXT":1008.62,"ccLinkList":"WER;417;1","NO_FLOORS":2,"NAME":"WERRIBEE PARASITOLOGY BUILDING","PROP_STATU":"Owned - Freehold"}},{"type":"Feature","id":259,"geometry":{"type":"Polygon","coordinates":[[[144.692944357446,-37.8908462020034,0],[144.693129615561,-37.8907641356999,0],[144.693182216674,-37.8908377797613,0],[144.693002819155,-37.8909206396096,0],[144.692944357446,-37.8908462020034,0]]]},"properties":{"OBJECTID":259,"building_number":"437","address":"250 Princes Highway","Extrusion":null,"loc_code":"WER;437","campus_code":"WER","GFA_INT":153.36,"GFA_EXT":171.71,"ccLinkList":"WER;437;0","NO_FLOORS":1,"NAME":"WERRIBEE AVIAN RESEARCH BUILDING","PROP_STATU":"Owned - Freehold"}},{"type":"Feature","id":260,"geometry":{"type":"Polygon","coordinates":[[[144.693938139576,-37.8903619301471,0],[144.694064635265,-37.8903048215824,0],[144.694046333826,-37.8902793998721,0],[144.694102053249,-37.890253062553,0],[144.694168563888,-37.8903399613177,0],[144.693984513497,-37.8904247896836,0],[144.693938139576,-37.8903619301471,0]]]},"properties":{"OBJECTID":260,"building_number":"451","address":"250 Princes Highway","Extrusion":null,"loc_code":"WER;451","campus_code":"WER","GFA_INT":169.16,"GFA_EXT":175.16,"ccLinkList":"WER;451;0","NO_FLOORS":1,"NAME":"WERRIBEE TENANT BUILDING 451","PROP_STATU":"Tenant Owned Building - Ground Lease"}},{"type":"Feature","id":261,"geometry":{"type":"Polygon","coordinates":[[[144.693982526502,-37.8901720867518,0],[144.694035796636,-37.890147425311,0],[144.694060453843,-37.8901813493591,0],[144.694041755611,-37.8901896679381,0],[144.694082712867,-37.8902506586712,0],[144.69405184069,-37.8902647140189,0],[144.693982526502,-37.8901720867518,0]]]},"properties":{"OBJECTID":261,"building_number":"452","address":"250 Princes Highway","Extrusion":null,"loc_code":"WER;452","campus_code":"WER","GFA_INT":40.8,"GFA_EXT":43.92,"ccLinkList":"WER;452;0","NO_FLOORS":1,"NAME":"WERRIBEE TENANT BUILDING 452","PROP_STATU":"Tenant Owned Building - Ground Lease"}},{"type":"Feature","id":262,"geometry":{"type":"Polygon","coordinates":[[[144.694160105655,-37.8902540254834,0],[144.694194548773,-37.8902996757038,0],[144.694171637888,-37.8903104294888,0],[144.694137000204,-37.8902642735215,0],[144.694160105655,-37.8902540254834,0]]]},"properties":{"OBJECTID":262,"building_number":"453","address":"250 Princes Highway","Extrusion":null,"loc_code":"WER;453","campus_code":"WER","GFA_INT":13.97,"GFA_EXT":14.81,"ccLinkList":"WER;453;0","NO_FLOORS":1,"NAME":"WERRIBEE TENANT BUILDING 453","PROP_STATU":"Owned - Freehold"}},{"type":"Feature","id":263,"geometry":{"type":"Polygon","coordinates":[[[144.693139137334,-37.8895936563781,0],[144.693138087213,-37.8896514069668,0],[144.693082030513,-37.889650308751,0],[144.693082674007,-37.8895933467857,0],[144.693139137334,-37.8895936563781,0]]]},"properties":{"OBJECTID":263,"building_number":"439","address":"250 Princes Highway","Extrusion":null,"loc_code":"WER;439","campus_code":"WER","GFA_INT":27.31,"GFA_EXT":28.8,"ccLinkList":"WER;439;0","NO_FLOORS":1,"NAME":"WERRIBEE DEMOUNTABLE LAUNDRY","PROP_STATU":"Owned - Freehold"}},{"type":"Feature","id":264,"geometry":{"type":"Polygon","coordinates":[[[144.694182751168,-37.8889470138434,0],[144.694200068875,-37.8893167221115,0],[144.693508602996,-37.8893207659839,0],[144.693508454039,-37.8892899833047,0],[144.693460766884,-37.8892890484463,0],[144.693457877563,-37.8890260360391,0],[144.69352317779,-37.8890279785052,0],[144.69352285166,-37.8890059684175,0],[144.693344638794,-37.88900499061,0],[144.693340151527,-37.8888513570787,0],[144.693523384715,-37.8888470319553,0],[144.69352168778,-37.8888302891097,0],[144.693569349508,-37.888832102039,0],[144.693570634981,-37.8888620284019,0],[144.693606122022,-37.8888627240554,0],[144.693605241519,-37.8889620856755,0],[144.693575174965,-37.8889649890442,0],[144.693567345073,-37.8890342132439,0],[144.693747353209,-37.8890350519875,0],[144.693749830429,-37.8892023666544,0],[144.693775307595,-37.8892019883511,0],[144.693773484624,-37.8889046981766,0],[144.69387873274,-37.8889102782415,0],[144.693880279529,-37.888896237476,0],[144.693901378319,-37.8888957706219,0],[144.693899572716,-37.8888825436469,0],[144.693996137924,-37.8888817969244,0],[144.693996299061,-37.8889477589069,0],[144.694182751168,-37.8889470138434,0]]]},"properties":{"OBJECTID":264,"building_number":"418","address":"250 Princes Highway","Extrusion":null,"loc_code":"WER;418","campus_code":"WER","GFA_INT":8035,"GFA_EXT":8574.95,"ccLinkList":"WER;418;0","NO_FLOORS":5,"NAME":"WERRIBEE LEARNING & TEACHING BUILDING","PROP_STATU":"Owned - Freehold"}},{"type":"Feature","id":265,"geometry":{"type":"Polygon","coordinates":[[[144.694226028384,-37.8894696067701,0],[144.69423644542,-37.8894696640362,0],[144.694231732873,-37.889378654371,0],[144.694263062233,-37.889378649275,0],[144.69426601613,-37.8894976350764,0],[144.694225182198,-37.8894968348315,0],[144.694226028384,-37.8894696067701,0]]]},"properties":{"OBJECTID":265,"building_number":"417A","address":"250 Princes Highway","Extrusion":null,"loc_code":"WER;417A","campus_code":"WER","GFA_INT":24.2,"GFA_EXT":52.28,"ccLinkList":"WER;417A;0","NO_FLOORS":1,"NAME":"WERRIBEE PORTABLE LABORATORY BUILDING","PROP_STATU":"Owned - Freehold"}},{"type":"Feature","id":266,"geometry":{"type":"Polygon","coordinates":[[[144.693116560913,-37.8895852486692,0],[144.693115898949,-37.8895840894579,0],[144.693115517924,-37.8895828546536,0],[144.693115431317,-37.8895815859725,0],[144.693115641215,-37.8895803258085,0],[144.693116141668,-37.889579119101,0],[144.693116913312,-37.8895780033178,0],[144.693117934401,-37.8895770194843,0],[144.69311916412,-37.8895762001418,0],[144.693120564072,-37.8895755733735,0],[144.693122088126,-37.8895751599019,0],[144.693123680095,-37.8895749748456,0],[144.693125289782,-37.8895750235283,0],[144.693126859205,-37.8895753057142,0],[144.693128336401,-37.8895758104721,0],[144.693129671904,-37.8895765197108,0],[144.693130819797,-37.889577410903,0],[144.693131740101,-37.8895784535275,0],[144.693132400957,-37.8895796118159,0],[144.693132781954,-37.8895808475206,0],[144.693132869726,-37.8895821153234,0],[144.693132658663,-37.8895833763658,0],[144.693132159347,-37.8895845830956,0],[144.693131386567,-37.8895856988566,0],[144.693130367779,-37.8895866818343,0],[144.693129138059,-37.8895875011769,0],[144.693127735807,-37.8895881288013,0],[144.693126214054,-37.889588541417,0],[144.693124620948,-37.889588726451,0],[144.69312301126,-37.8895886777683,0],[144.693121441809,-37.8895883964829,0],[144.693119964585,-37.8895878926254,0],[144.693118627945,-37.8895871833643,0],[144.693117481244,-37.8895862903932,0],[144.693116560913,-37.8895852486692,0]]]},"properties":{"OBJECTID":266,"building_number":" ","address":" ","Extrusion":null,"loc_code":" ","campus_code":"WER","GFA_INT":0,"GFA_EXT":0,"ccLinkList":" ","NO_FLOORS":0,"NAME":" ","PROP_STATU":" "}},{"type":"Feature","id":267,"geometry":{"type":"Polygon","coordinates":[[[144.693086560666,-37.8895844531865,0],[144.693085898675,-37.8895832948756,0],[144.693085517622,-37.8895820609719,0],[144.693085431044,-37.8895807913902,0],[144.693085640915,-37.8895795321268,0],[144.693086141424,-37.8895783236183,0],[144.693086914205,-37.8895772078577,0],[144.693087934129,-37.8895762249026,0],[144.693089163849,-37.8895754055605,0],[144.693090563801,-37.8895747787925,0],[144.693092086691,-37.8895743661996,0],[144.693093679824,-37.8895741802654,0],[144.693095289511,-37.8895742289485,0],[144.693096858962,-37.8895745102343,0],[144.693098338431,-37.8895750150371,0],[144.693099671632,-37.8895757251322,0],[144.693100819526,-37.8895766163246,0],[144.693101739857,-37.8895776580488,0],[144.69310240182,-37.8895788172601,0],[144.693102781709,-37.8895800520421,0],[144.693102869424,-37.8895813216461,0],[144.693102658417,-37.8895825808873,0],[144.693102159044,-37.889583789418,0],[144.69310138632,-37.8895849033777,0],[144.693100368612,-37.8895858881785,0],[144.693099136619,-37.8895867074762,0],[144.693097736667,-37.8895873342443,0],[144.693096214886,-37.8895877477602,0],[144.693094620644,-37.8895879327715,0],[144.693093013257,-37.8895878832324,0],[144.693091441505,-37.8895876028026,0],[144.693089964309,-37.8895870980442,0],[144.693088627698,-37.8895863878822,0],[144.693087480941,-37.8895854967119,0],[144.693086560666,-37.8895844531865,0]]]},"properties":{"OBJECTID":267,"building_number":" ","address":" ","Extrusion":null,"loc_code":" ","campus_code":"WER","GFA_INT":0,"GFA_EXT":0,"ccLinkList":" ","NO_FLOORS":0,"NAME":" ","PROP_STATU":" "}},{"type":"Feature","id":268,"geometry":{"type":"Polygon","coordinates":[[[144.692732586881,-37.8888659246038,0],[144.693166228963,-37.8888759902134,0],[144.693203607479,-37.8889904586858,0],[144.693120021747,-37.8890042011654,0],[144.69307997039,-37.8889272409921,0],[144.692729954956,-37.8889011295411,0],[144.692732586881,-37.8888659246038,0]]]},"properties":{"OBJECTID":268,"building_number":"EXT-W010","address":"250 Princes Highway","Extrusion":null,"loc_code":"WER;EXT-W010","campus_code":"WER","GFA_INT":0,"GFA_EXT":0,"ccLinkList":"WER;EXT-W010;0","NO_FLOORS":null,"NAME":"EXT-W010 WERRIBEE BASKETBALL COURT & TRACK","PROP_STATU":"Owned - Freehold"}},{"type":"Feature","id":269,"geometry":{"type":"Polygon","coordinates":[[[144.694307431999,-37.8890905114422,0],[144.694336943504,-37.8890918052681,0],[144.694335293297,-37.8891152490668,0],[144.694305781783,-37.8891139552401,0],[144.694307431999,-37.8890905114422,0]]]},"properties":{"OBJECTID":269,"building_number":"EXT-W200","address":"250 Princes Highway","Extrusion":null,"loc_code":"WER;EXT-W200","campus_code":"WER","GFA_INT":0,"GFA_EXT":0,"ccLinkList":"WER;EXT-W200;0","NO_FLOORS":null,"NAME":"EXT-W200 WERRIBEE HV TRANSFORMER","PROP_STATU":"Owned - Freehold"}},{"type":"Feature","id":270,"geometry":{"type":"Polygon","coordinates":[[[144.694380217061,-37.8890983718254,0],[144.694400490629,-37.8890983717147,0],[144.694399578523,-37.8891439688447,0],[144.694379302669,-37.8891439689104,0],[144.694380217061,-37.8890983718254,0]]]},"properties":{"OBJECTID":270,"building_number":"EXT-W201","address":"250 Princes Highway","Extrusion":null,"loc_code":"WER; EXT-W201","campus_code":"WER","GFA_INT":0,"GFA_EXT":0,"ccLinkList":"WER; EXT-W201;0","NO_FLOORS":null,"NAME":"EXT-W201 WERRIBEE GENERATOR 3","PROP_STATU":"Owned - Freehold"}},{"type":"Feature","id":271,"geometry":{"type":"Polygon","coordinates":[[[144.693278415806,-37.8897603938355,0],[144.693302529091,-37.889759529323,0],[144.693305163454,-37.8898052500297,0],[144.693281048961,-37.8898061163211,0],[144.693278415806,-37.8897603938355,0]]]},"properties":{"OBJECTID":271,"building_number":"EXT-W300","address":"250 Princes Highway","Extrusion":null,"loc_code":"WER;EXT-W300","campus_code":"WER","GFA_INT":0,"GFA_EXT":0,"ccLinkList":"WER;EXT-W300;0","NO_FLOORS":null,"NAME":"EXT-W300 WERRIBEE GENERATOR 1","PROP_STATU":"Owned - Freehold"}},{"type":"Feature","id":272,"geometry":{"type":"Polygon","coordinates":[[[144.693106045494,-37.8898889381664,0],[144.693143218205,-37.8898878106983,0],[144.69314456299,-37.889915394394,0],[144.693107390209,-37.8899165236634,0],[144.693106045494,-37.8898889381664,0]]]},"properties":{"OBJECTID":272,"building_number":"EXT-W302","address":"250 Princes Highway","Extrusion":null,"loc_code":"WER; EXT-W302","campus_code":"WER","GFA_INT":32.11,"GFA_EXT":41.65,"ccLinkList":"WER; EXT-W302;0","NO_FLOORS":null,"NAME":"EXT-W302 WERRIBEE HV TRANSFORMER COMPOUND","PROP_STATU":"Owned - Freehold"}},{"type":"Feature","id":273,"geometry":{"type":"Polygon","coordinates":[[[144.693532862872,-37.8902442206632,0],[144.693693394937,-37.8902442199499,0],[144.693693394928,-37.8902807245581,0],[144.693532862812,-37.8902807243684,0],[144.693532862872,-37.8902442206632,0]]]},"properties":{"OBJECTID":273,"building_number":"436","address":"250 Princes Highway","Extrusion":null,"loc_code":"WER; 436","campus_code":"WER","GFA_INT":17.37,"GFA_EXT":18.27,"ccLinkList":"WER; 436;0","NO_FLOORS":null,"NAME":"WERRIBEE ANIMAL CARE CO-ORDINATOR'S OFFICE","PROP_STATU":"Owned - Freehold"}},{"type":"Feature","id":274,"geometry":{"type":"Polygon","coordinates":[[[144.693572064399,-37.8902276433819,0],[144.693570641629,-37.8902292194948,0],[144.693568893673,-37.8902305765672,0],[144.693566874125,-37.8902316732968,0],[144.69356464198,-37.8902324774984,0],[144.693562269701,-37.8902329626578,0],[144.693559824754,-37.8902331165804,0],[144.693557383559,-37.8902329317533,0],[144.693555019781,-37.8902324159283,0],[144.693552806893,-37.8902315831616,0],[144.693550808851,-37.8902304608396,0],[144.693549089474,-37.8902290808516,0],[144.693547699684,-37.89022748745,0],[144.693546681259,-37.8902257265101,0],[144.693546065438,-37.8902238536129,0],[144.693545870962,-37.8902219240946,0],[144.693546105065,-37.8902199975712,0],[144.693546759103,-37.8902181324464,0],[144.693547813124,-37.8902163851001,0],[144.693549235893,-37.8902148089875,0],[144.693550984986,-37.8902134519378,0],[144.693553003397,-37.8902123551861,0],[144.693555235541,-37.8902115509847,0],[144.693557608985,-37.8902110649472,0],[144.693560052766,-37.8902109119028,0],[144.693562495097,-37.8902110967521,0],[144.693564857738,-37.8902116125547,0],[144.693567071762,-37.8902124453434,0],[144.693569068667,-37.8902135676429,0],[144.693570789181,-37.8902149476529,0],[144.693572178971,-37.8902165410542,0],[144.693573197397,-37.8902183019939,0],[144.693573812082,-37.8902201748687,0],[144.693574006559,-37.890222104387,0],[144.693573772456,-37.8902240309105,0],[144.693573119555,-37.8902258960577,0],[144.693572064399,-37.8902276433819,0]]]},"properties":{"OBJECTID":274,"building_number":"EXT-W301","address":"250 Princes Highway","Extrusion":null,"loc_code":"WER; EXT-W301","campus_code":"WER","GFA_INT":0,"GFA_EXT":0,"ccLinkList":"WER; EXT-W301;0","NO_FLOORS":null,"NAME":"EXT-W301 WERRIBEE RAIN WATER TANK 2","PROP_STATU":"Owned - Freehold"}},{"type":"Feature","id":275,"geometry":{"type":"Polygon","coordinates":[[[144.693137903687,-37.8907673773536,0],[144.693156468952,-37.8907593194439,0],[144.693170715096,-37.8907797605543,0],[144.693152150964,-37.8907878184883,0],[144.693137903687,-37.8907673773536,0]]]},"properties":{"OBJECTID":275,"building_number":"EXT-W401","address":"250 Princes Highway","Extrusion":null,"loc_code":"WER; EXT-W401","campus_code":"WER","GFA_INT":0,"GFA_EXT":0,"ccLinkList":"WER; EXT-W401;0","NO_FLOORS":null,"NAME":"EXT-W401 WERRIBEE GENERATOR 2","PROP_STATU":"Owned - Freehold"}},{"type":"Feature","id":276,"geometry":{"type":"Polygon","coordinates":[[[144.693193244501,-37.8908346320792,0],[144.69319068201,-37.8908329778333,0],[144.693188521972,-37.8908309980617,0],[144.693186831907,-37.8908287517602,0],[144.693185660815,-37.8908263083752,0],[144.693185045085,-37.8908237407102,0],[144.693185003832,-37.8908211284391,0],[144.693185538021,-37.8908185499787,0],[144.69318663154,-37.8908160843122,0],[144.693188251373,-37.8908138055856,0],[144.693190347601,-37.8908117831079,0],[144.693192856861,-37.8908100796169,0],[144.693195702552,-37.8908087449745,0],[144.69319879923,-37.8908078207597,0],[144.69320205165,-37.8908073348422,0],[144.693205362684,-37.8908073024389,0],[144.693208628838,-37.890807724224,0],[144.693211755022,-37.8908085866185,0],[144.693214641937,-37.8908098651474,0],[144.693217203292,-37.8908115193705,0],[144.693219363302,-37.8908135000421,0],[144.693221054532,-37.8908157454649,0],[144.693222225596,-37.8908181897501,0],[144.69322284022,-37.8908207564921,0],[144.69322288261,-37.8908233687855,0],[144.693222347287,-37.8908259472239,0],[144.693221254877,-37.8908284138136,0],[144.693219635044,-37.8908306925407,0],[144.693217538845,-37.8908327141183,0],[144.693215028419,-37.8908344184882,0],[144.693212182757,-37.8908357522304,0],[144.693209087185,-37.8908366773683,0],[144.693205833656,-37.8908371623632,0],[144.693202523729,-37.8908371956894,0],[144.693199256437,-37.8908367738818,0],[144.693196131417,-37.8908359106086,0],[144.693193244501,-37.8908346320792,0]]]},"properties":{"OBJECTID":276,"building_number":"EXT-W402","address":"250 Princes Highway","Extrusion":null,"loc_code":"WER; EXT-W402","campus_code":"WER","GFA_INT":0,"GFA_EXT":0,"ccLinkList":"WER; EXT-W402;0","NO_FLOORS":null,"NAME":"EXT-W402 WERRIBEE RAIN WATER TANK 1","PROP_STATU":"Owned - Freehold"}},{"type":"Feature","id":277,"geometry":{"type":"Polygon","coordinates":[[[144.691610958836,-37.8890130560597,0],[144.691635792599,-37.8889956352216,0],[144.691645507572,-37.8890042603623,0],[144.691620673779,-37.8890216821029,0],[144.691610958836,-37.8890130560597,0]]]},"properties":{"OBJECTID":277,"building_number":"EXT-W700","address":"250 Princes Highway","Extrusion":null,"loc_code":"WER; EXT-W700","campus_code":"WER","GFA_INT":0,"GFA_EXT":0,"ccLinkList":"WER; EXT-W700;0","NO_FLOORS":null,"NAME":"EXT-W700 WERRIBEE HYDRANT BOOSTER CONNECTION","PROP_STATU":"Owned - Freehold"}},{"type":"Feature","id":278,"geometry":{"type":"Polygon","coordinates":[[[144.691646382784,-37.888980064286,0],[144.69166845396,-37.8889659414275,0],[144.69168518403,-37.8889822258929,0],[144.691663113989,-37.8889963487768,0],[144.691646382784,-37.888980064286,0]]]},"properties":{"OBJECTID":278,"building_number":"EXT-W701","address":"250 Princes Highway","Extrusion":null,"loc_code":"WER; EXT-W701","campus_code":"WER","GFA_INT":0,"GFA_EXT":0,"ccLinkList":"WER; EXT-W701;0","NO_FLOORS":null,"NAME":"EXT-W701 WERRIBEE HYDRANT BOOSTER PUMP SET","PROP_STATU":"Owned - Freehold"}},{"type":"Feature","id":279,"geometry":{"type":"Polygon","coordinates":[[[144.691575836034,-37.8893369884583,0],[144.691633626769,-37.8894028681897,0],[144.691581278261,-37.889431470124,0],[144.69152348528,-37.8893655903233,0],[144.691575836034,-37.8893369884583,0]]]},"properties":{"OBJECTID":279,"building_number":"443","address":"250 Princes Highway","Extrusion":null,"loc_code":"WER;443","campus_code":"WER","GFA_INT":26.43,"GFA_EXT":29.1,"ccLinkList":"WER;443;0","NO_FLOORS":1,"NAME":"443 WERRIBEE PUMP HOUSE","PROP_STATU":"Owned - Freehold"}},{"type":"Feature","id":280,"geometry":{"type":"Polygon","coordinates":[[[144.691922084013,-37.8896104199983,0],[144.691918569444,-37.8896120559815,0],[144.691914748896,-37.8896131858374,0],[144.691910738295,-37.8896137748938,0],[144.691906658744,-37.8896138048008,0],[144.691902634188,-37.8896132752863,0],[144.691898786933,-37.8896122022666,0],[144.691895235341,-37.889610618702,0],[144.691892084794,-37.8896085726171,0],[144.691889433436,-37.8896061254119,0],[144.691887360807,-37.8896033516377,0],[144.691885929061,-37.8896003363187,0],[144.691885183087,-37.8895971713491,0],[144.691885144929,-37.8895939517797,0],[144.691885816067,-37.8895907758621,0],[144.691887174173,-37.8895877395788,0],[144.691889181094,-37.8895849358984,0],[144.691891775011,-37.8895824510172,0],[144.691894875181,-37.8895803581447,0],[144.691898389778,-37.8895787212616,0],[144.691902210296,-37.8895775923068,0],[144.691906220894,-37.8895770032505,0],[144.691910300473,-37.889576972443,0],[144.691914325026,-37.8895775019572,0],[144.69191817228,-37.8895785749763,0],[144.691921723871,-37.8895801585402,0],[144.691924874389,-37.8895822055248,0],[144.691927525775,-37.8895846518287,0],[144.691929598406,-37.8895874256022,0],[144.691931030153,-37.8895904409208,0],[144.69193177613,-37.8895936058901,0],[144.691931814261,-37.8895968263602,0],[144.691931143125,-37.889600002278,0],[144.691929785049,-37.8896030376613,0],[144.691927778129,-37.8896058413425,0],[144.69192518532,-37.8896083271473,0],[144.691922084013,-37.8896104199983,0]]]},"properties":{"OBJECTID":280,"building_number":"EXT-W600","address":"250 Princes Highway","Extrusion":null,"loc_code":"WER;EXT-W600","campus_code":"WER","GFA_INT":0,"GFA_EXT":0,"ccLinkList":"WER;EXT-W600;0","NO_FLOORS":null,"NAME":"EXT-W600 WERRIBEE BULK OXYGEN STORAGE TANK","PROP_STATU":"Owned - Freehold"}},{"type":"Feature","id":281,"geometry":{"type":"Polygon","coordinates":[[[144.69187264462,-37.8897118828733,0],[144.691931118662,-37.8897757798737,0],[144.691869923168,-37.8898106595373,0],[144.691811449126,-37.8897467634082,0],[144.69187264462,-37.8897118828733,0]]]},"properties":{"OBJECTID":281,"building_number":"EXT-W503","address":"250 Princes Highway","Extrusion":null,"loc_code":"WER;EXT-W503","campus_code":"WER","GFA_INT":0,"GFA_EXT":0,"ccLinkList":"WER;EXT-W503;0","NO_FLOORS":null,"NAME":"EXT-W503 WERRIBEE EQUINE LOADING RAMP","PROP_STATU":"Owned - Freehold"}},{"type":"Feature","id":282,"geometry":{"type":"Polygon","coordinates":[[[144.6918672024,-37.8899545898153,0],[144.691861195771,-37.8899658234572,0],[144.691852809668,-37.889976061533,0],[144.691842297033,-37.8899849963138,0],[144.691829979116,-37.8899923538515,0],[144.691816228999,-37.8899979116776,0],[144.691801465834,-37.8900015013941,0],[144.691786135381,-37.8900030127972,0],[144.691770706375,-37.8900024010153,0],[144.69175564561,-37.8899996833162,0],[144.691741412145,-37.8899949425988,0],[144.691728439205,-37.8899883243339,0],[144.69171711739,-37.8899800281249,0],[144.691707794703,-37.8899703068071,0],[144.691700751885,-37.8899594551502,0],[144.691696203753,-37.8899478035767,0],[144.691694288196,-37.8899357062311,0],[144.691695064276,-37.8899235292281,0],[144.6916985079,-37.8899116433587,0],[144.691704514492,-37.8899004115268,0],[144.691712899526,-37.8898901716384,0],[144.69172341327,-37.8898812377919,0],[144.69173573007,-37.8898738793422,0],[144.691749481305,-37.8898683215471,0],[144.691764244445,-37.8898647318363,0],[144.69177957487,-37.8898632204351,0],[144.691795003819,-37.8898638331155,0],[144.691810064558,-37.8898665508087,0],[144.691824296895,-37.8898712905944,0],[144.691837270961,-37.8898779088707,0],[144.691848591638,-37.889886205046,0],[144.691857915443,-37.8898959272758,0],[144.691864958307,-37.8899067780234,0],[144.691869506464,-37.8899184295912,0],[144.691871422021,-37.8899305278355,0],[144.69187064597,-37.8899427048406,0],[144.6918672024,-37.8899545898153,0]]]},"properties":{"OBJECTID":282,"building_number":"EXT-W502","address":"250 Princes Highway","Extrusion":null,"loc_code":"WER; EXT-W502","campus_code":"WER","GFA_INT":0,"GFA_EXT":0,"ccLinkList":"WER; EXT-W502;0","NO_FLOORS":null,"NAME":"EXT-W502 WERRIBEE EQUINE ROUND LUNGING YARD","PROP_STATU":"Owned - Freehold"}},{"type":"Feature","id":283,"geometry":{"type":"Polygon","coordinates":[[[144.691784817194,-37.8900368404223,0],[144.691795961648,-37.8900579498546,0],[144.691771443271,-37.8900685031214,0],[144.691785930513,-37.890090491852,0],[144.691447130542,-37.8902426517424,0],[144.691422611985,-37.8901951562283,0],[144.691784817194,-37.8900368404223,0]]]},"properties":{"OBJECTID":283,"building_number":"EXT-W501","address":"250 Princes Highway","Extrusion":null,"loc_code":"WER; EXT-W501","campus_code":"WER","GFA_INT":0,"GFA_EXT":0,"ccLinkList":"WER; EXT-W501;0","NO_FLOORS":null,"NAME":"EXT-W501 WERRIBEE EQUINE TROT UP TRACK","PROP_STATU":"Owned - Freehold"}},{"type":"Feature","id":284,"geometry":{"type":"Polygon","coordinates":[[[144.691491036497,-37.8903940831957,0],[144.691824270244,-37.8902494149843,0],[144.691994816049,-37.8904866739515,0],[144.691639185367,-37.8906707023166,0],[144.691491036497,-37.8903940831957,0]]]},"properties":{"OBJECTID":284,"building_number":"EXT-W500","address":"250 Princes Highway","Extrusion":null,"loc_code":"WER; EXT-W500","campus_code":"WER","GFA_INT":0,"GFA_EXT":0,"ccLinkList":"WER; EXT-W500;0","NO_FLOORS":null,"NAME":"EXT-W500 WERRIBEE EQUINE MENAGE","PROP_STATU":"Owned - Freehold"}},{"type":"Feature","id":285,"geometry":{"type":"Polygon","coordinates":[[[144.69122825293,-37.8891084093811,0],[144.691165976264,-37.8899193537409,0],[144.691840634205,-37.891262716424,0],[144.69022145476,-37.8919999166439,0],[144.68887213802,-37.8912545247866,0],[144.68794837468,-37.890615611853,0],[144.69122825293,-37.8891084093811,0]]]},"properties":{"OBJECTID":285,"building_number":"L410","address":"250 Princes Highway","Extrusion":null,"loc_code":"WER; L410","campus_code":"WER","GFA_INT":60629.67,"GFA_EXT":60630.66,"ccLinkList":"WER; L410;0","NO_FLOORS":null,"NAME":"L410 WERRIBEE GROUND LEASES OF CROWN LAND","PROP_STATU":"Crown Land-Ground lease to UoM"}},{"type":"Feature","id":286,"geometry":{"type":"Polygon","coordinates":[[[144.693041826745,-37.8901976779756,0],[144.693093593876,-37.8901976783418,0],[144.693093593928,-37.8902505978546,0],[144.693041826759,-37.8902505974872,0],[144.693041826745,-37.8901976779756,0]]]},"properties":{"OBJECTID":286,"building_number":"433","address":"250 Princess Highway","Extrusion":null,"loc_code":"WER;433","campus_code":"WER","GFA_INT":32.44,"GFA_EXT":34.07,"ccLinkList":"WER;433;0","NO_FLOORS":1,"NAME":"WERRIBEE FEEDSTORE SHED","PROP_STATU":"Owned - Freehold"}},{"type":"Feature","id":287,"geometry":{"type":"Polygon","coordinates":[[[144.694580135217,-37.8896622644011,0],[144.6946825954,-37.889662264327,0],[144.694682595269,-37.8897799576985,0],[144.694580134923,-37.8897799577672,0],[144.694580135217,-37.8896622644011,0]]]},"properties":{"OBJECTID":287,"building_number":"EXT-W202","address":"250 Princess Highway","Extrusion":null,"loc_code":"WER;EXT-W202","campus_code":"WER","GFA_INT":0,"GFA_EXT":0,"ccLinkList":"WER;EXT-W202;0","NO_FLOORS":null,"NAME":"EXT-W202 WERRIBEE CO2 DIRECT AIR CAPTURE RIG","PROP_STATU":"Owned - Freehold"}},{"type":"Feature","id":288,"geometry":{"type":"Polygon","coordinates":[[[144.693146270731,-37.8906144248294,0],[144.693180017183,-37.8905981291104,0],[144.693215017079,-37.8906432669726,0],[144.693181271721,-37.890659563624,0],[144.693146270731,-37.8906144248294,0]]]},"properties":{"OBJECTID":288,"building_number":"EXT-W400","address":"250 Princess HIghway","Extrusion":null,"loc_code":"WER; EXT-W400","campus_code":"WER","GFA_INT":0,"GFA_EXT":0,"ccLinkList":"WER;EXT-W400;0","NO_FLOORS":null,"NAME":"WERRIBBEE UNTITLED BUILDING","PROP_STATU":"Owned - Freehold"}},{"type":"Feature","id":289,"geometry":{"type":"Polygon","coordinates":[[[145.02085076361,-37.8289163868986,0],[145.021100186801,-37.8289185383282,0],[145.021106800586,-37.8291823686404,0],[145.021077822907,-37.8291821275989,0],[145.021076604328,-37.8291692643746,0],[145.020985126098,-37.8291701319918,0],[145.020984809178,-37.8290741535062,0],[145.020947917411,-37.829070107989,0],[145.020919681475,-37.8290940707015,0],[145.020919812322,-37.8291009948784,0],[145.020853381902,-37.82910154537,0],[145.02085076361,-37.8289163868986,0]]]},"properties":{"OBJECTID":289,"building_number":"908","address":"STUDENT HUB","Extrusion":null,"loc_code":"BUR;908","campus_code":"BUR","GFA_INT":534.37,"GFA_EXT":534.37,"ccLinkList":"BUR;908;0","NO_FLOORS":2,"NAME":"BURNLEY STUDENT HUB","PROP_STATU":"Owned - Freehold"}},{"type":"Feature","id":290,"geometry":{"type":"Polygon","coordinates":[[[145.020513598981,-37.8291758552703,0],[145.020709990937,-37.8290660371383,0],[145.020781623699,-37.8291463236755,0],[145.02070668011,-37.8291882745474,0],[145.020822868317,-37.829315640752,0],[145.020700766996,-37.8293877805863,0],[145.020513598981,-37.8291758552703,0]]]},"properties":{"OBJECTID":290,"building_number":"906","address":"PLANT SCIENCE LABS 4, 5, 6","Extrusion":null,"loc_code":"BUR;906","campus_code":"BUR","GFA_INT":352.1,"GFA_EXT":352.1,"ccLinkList":"BUR;906;0","NO_FLOORS":1,"NAME":"BURNLEY PLANT SCIENCE LABS 4, 5, 6","PROP_STATU":"Owned - Freehold"}},{"type":"Feature","id":291,"geometry":{"type":"Polygon","coordinates":[[[145.020723256415,-37.8294412797257,0],[145.020830030179,-37.8294099751927,0],[145.020822773741,-37.8293942276178,0],[145.020866575947,-37.8293811380196,0],[145.020874856564,-37.8293985690936,0],[145.021008562557,-37.8293595632355,0],[145.020995713678,-37.8293319972924,0],[145.021154915851,-37.8292853254153,0],[145.021215168832,-37.8294177664704,0],[145.020923866768,-37.8295036587789,0],[145.020936294033,-37.8295308878094,0],[145.020785536827,-37.8295755069718,0],[145.020723256415,-37.8294412797257,0]]]},"properties":{"OBJECTID":291,"building_number":"905","address":"PLANT SCIENCE LABS 1, 2, 3","Extrusion":null,"loc_code":"BUR;905","campus_code":"BUR","GFA_INT":555.35,"GFA_EXT":555.35,"ccLinkList":"BUR;905;0","NO_FLOORS":1,"NAME":"BURNLEY PLANT SCIENCE LABS 1, 2, 3","PROP_STATU":"Owned - Freehold"}},{"type":"Feature","id":292,"geometry":{"type":"Polygon","coordinates":[[[145.021174721189,-37.8288584584546,0],[145.021279477941,-37.8288279766224,0],[145.021303108109,-37.828879060738,0],[145.021336706158,-37.8288692780257,0],[145.021408521278,-37.8290245050327,0],[145.021445752304,-37.8290134685197,0],[145.021507158165,-37.8291462325066,0],[145.021569973,-37.8291279550208,0],[145.02162686722,-37.8292509410078,0],[145.021525762449,-37.8292801615776,0],[145.021574841265,-37.8293862452582,0],[145.021440516435,-37.82942533058,0],[145.021392976735,-37.8293225440018,0],[145.021286603661,-37.8293534935095,0],[145.021228534677,-37.8292279724223,0],[145.02130557864,-37.8292055499795,0],[145.021291758201,-37.8291756886498,0],[145.02127091187,-37.8291817547076,0],[145.02122424075,-37.8290808760428,0],[145.021271323354,-37.8290671727474,0],[145.021174721189,-37.8288584584546,0]]]},"properties":{"OBJECTID":292,"building_number":"901","address":"ACADEMIC HUB (MAIN BUILDING)","Extrusion":null,"loc_code":"BUR;901","campus_code":"BUR","GFA_INT":1969.63,"GFA_EXT":2147.07,"ccLinkList":"BUR;901;0","NO_FLOORS":4,"NAME":"BURNLEY ACADEMIC CENTRE (MAIN BUILDING)","PROP_STATU":"Owned - Freehold"}},{"type":"Feature","id":293,"geometry":{"type":"Polygon","coordinates":[[[145.021970235767,-37.8278955713757,0],[145.022135591751,-37.8279068276608,0],[145.022125960538,-37.8279958378342,0],[145.021960985733,-37.8279846807593,0],[145.021970235767,-37.8278955713757,0]]]},"properties":{"OBJECTID":293,"building_number":"896","address":"QUADRANGLE BUILDING 4","Extrusion":null,"loc_code":"BUR;896","campus_code":"BUR","GFA_INT":118.13,"GFA_EXT":118.13,"ccLinkList":"BUR;896;0","NO_FLOORS":1,"NAME":"BURNLEY QUADRANGLE BUILDING 4","PROP_STATU":"Owned - Freehold"}},{"type":"Feature","id":294,"geometry":{"type":"Polygon","coordinates":[[[145.022125759466,-37.82799613455,0],[145.022238324785,-37.8280036452858,0],[145.022227868923,-37.828102055363,0],[145.022115313167,-37.8280945213455,0],[145.022125759466,-37.82799613455,0]]]},"properties":{"OBJECTID":294,"building_number":"897","address":"QUADRANGLE BUILDING 5","Extrusion":null,"loc_code":"BUR;897","campus_code":"BUR","GFA_INT":86.59,"GFA_EXT":86.59,"ccLinkList":"BUR;897;0","NO_FLOORS":1,"NAME":"BURNLEY QUADRANGLE BUILDING 5","PROP_STATU":"Owned - Freehold"}},{"type":"Feature","id":295,"geometry":{"type":"Polygon","coordinates":[[[145.02211457323,-37.8281078500148,0],[145.022267906175,-37.8281188302416,0],[145.022257806136,-37.8282075315542,0],[145.022104293985,-37.8281965329816,0],[145.02211457323,-37.8281078500148,0]]]},"properties":{"OBJECTID":295,"building_number":"898","address":"QUADRANGLE BUILDING 6","Extrusion":null,"loc_code":"BUR;898","campus_code":"BUR","GFA_INT":117.28,"GFA_EXT":117.28,"ccLinkList":"BUR;898;0","NO_FLOORS":1,"NAME":"BURNLEY QUADRANGLE BUILDING 6","PROP_STATU":"Owned - Freehold"}},{"type":"Feature","id":296,"geometry":{"type":"Polygon","coordinates":[[[145.022179521448,-37.8282097509222,0],[145.022168093405,-37.8282982280507,0],[145.022042776195,-37.8282880436857,0],[145.022054210063,-37.8281995666687,0],[145.022179521448,-37.8282097509222,0]]]},"properties":{"OBJECTID":296,"building_number":"899","address":"QUADRANGLE BUILDING 7","Extrusion":null,"loc_code":"BUR;899","campus_code":"BUR","GFA_INT":85.23,"GFA_EXT":85.23,"ccLinkList":"BUR;899;0","NO_FLOORS":1,"NAME":"BURNLEY QUADRANGLE BUILDING 7","PROP_STATU":"Owned - Freehold"}},{"type":"Feature","id":297,"geometry":{"type":"Polygon","coordinates":[[[145.02165966122,-37.8280898018363,0],[145.02190811201,-37.8281064802609,0],[145.021898723652,-37.8281941706534,0],[145.022020897367,-37.8282023801374,0],[145.022011480545,-37.8282907153072,0],[145.021598876843,-37.8282630311962,0],[145.021608285031,-37.8281748247884,0],[145.021650294674,-37.8281776430699,0],[145.02165966122,-37.8280898018363,0]]]},"properties":{"OBJECTID":297,"building_number":"914","address":"LIBRARY","Extrusion":null,"loc_code":"BUR;914","campus_code":"BUR","GFA_INT":472.1,"GFA_EXT":472.1,"ccLinkList":"BUR;914;0,","NO_FLOORS":1,"NAME":"BURNLEY LIBRARY","PROP_STATU":"Owned - Freehold"}},{"type":"Feature","id":298,"geometry":{"type":"Polygon","coordinates":[[[145.021535163025,-37.8279713419611,0],[145.021635671019,-37.8279772862673,0],[145.021624906036,-37.8280995336611,0],[145.02152671079,-37.8280958135746,0],[145.021535163025,-37.8279713419611,0]]]},"properties":{"OBJECTID":298,"building_number":"893","address":"QUADRANGLE BUILDING 1","Extrusion":null,"loc_code":"BUR;893","campus_code":"BUR","GFA_INT":110.06,"GFA_EXT":110.06,"ccLinkList":"BUR;893;0","NO_FLOORS":1,"NAME":"BURNLEY QUADRANGLE BUILDING 1","PROP_STATU":"Owned - Freehold"}},{"type":"Feature","id":299,"geometry":{"type":"Polygon","coordinates":[[[145.021809927808,-37.827886995981,0],[145.021969565909,-37.8278950428431,0],[145.021960315898,-37.8279841513259,0],[145.02179873693,-37.8279760231747,0],[145.021809927808,-37.827886995981,0]]]},"properties":{"OBJECTID":299,"building_number":"895","address":"QUADRANGLE BUILDING 3","Extrusion":null,"loc_code":"BUR;895","campus_code":"BUR","GFA_INT":117.89,"GFA_EXT":117.89,"ccLinkList":"BUR;895;0","NO_FLOORS":1,"NAME":"BURNLEY QUADRANGLE BUILDING 3","PROP_STATU":"Owned - Freehold"}},{"type":"Feature","id":300,"geometry":{"type":"Polygon","coordinates":[[[145.022048900571,-37.8285147623182,0],[145.022162587708,-37.8285323284456,0],[145.022140878933,-37.8286206968432,0],[145.022027189397,-37.8286031306532,0],[145.022048900571,-37.8285147623182,0]]]},"properties":{"OBJECTID":300,"building_number":"911","address":"CENTENARY CENTRE BUILDING","Extrusion":null,"loc_code":"BUR;911","campus_code":"BUR","GFA_INT":178.8,"GFA_EXT":178.8,"ccLinkList":"BUR;911;0","NO_FLOORS":2,"NAME":"BURNLEY CENTENARY CENTRE BUILDING","PROP_STATU":"Owned - Freehold"}},{"type":"Feature","id":301,"geometry":{"type":"Polygon","coordinates":[[[145.022807998073,-37.8287349504306,0],[145.022872683366,-37.8286502784194,0],[145.023049685551,-37.8287360846502,0],[145.023065820299,-37.8287151462549,0],[145.023142333163,-37.8287519177395,0],[145.02310555981,-37.8288000542347,0],[145.023394536122,-37.828938935324,0],[145.023328222981,-37.829025736821,0],[145.023183735699,-37.8289562971979,0],[145.02317595546,-37.8289634787558,0],[145.022933681831,-37.8288470440152,0],[145.022962566107,-37.828809235121,0],[145.022807998073,-37.8287349504306,0]]]},"properties":{"OBJECTID":301,"building_number":"916","address":"FOREST SCIENCE OFFICE","Extrusion":null,"loc_code":"BUR;916","campus_code":"BUR","GFA_INT":626.95,"GFA_EXT":626.95,"ccLinkList":"BUR;916;0","NO_FLOORS":1,"NAME":"BURNLEY FOREST SCIENCE OFFICE","PROP_STATU":"Owned - Freehold"}},{"type":"Feature","id":302,"geometry":{"type":"Polygon","coordinates":[[[145.023528649235,-37.828904434814,0],[145.023610320885,-37.8289498042666,0],[145.023526155018,-37.8290470410676,0],[145.023443948184,-37.829002267265,0],[145.023528649235,-37.828904434814,0]]]},"properties":{"OBJECTID":302,"building_number":"915","address":"WORKSHOP","Extrusion":null,"loc_code":"BUR;915","campus_code":"BUR","GFA_INT":112.67,"GFA_EXT":112.67,"ccLinkList":"BUR;915;0","NO_FLOORS":1,"NAME":"BURNLEY WORKSHOP","PROP_STATU":"Owned - Freehold"}},{"type":"Feature","id":303,"geometry":{"type":"Polygon","coordinates":[[[145.023694064195,-37.82906682809,0],[145.023799863363,-37.8291242790358,0],[145.023635897025,-37.8293136740631,0],[145.023534071159,-37.8292582173005,0],[145.023694064195,-37.82906682809,0]]]},"properties":{"OBJECTID":303,"building_number":"917","address":"MACHINE SHED","Extrusion":null,"loc_code":"BUR;917","campus_code":"BUR","GFA_INT":203.95,"GFA_EXT":203.95,"ccLinkList":"BUR;917;0","NO_FLOORS":1,"NAME":"BURNLEY MACHINE SHED","PROP_STATU":"Owned - Freehold"}},{"type":"Feature","id":304,"geometry":{"type":"Polygon","coordinates":[[[145.023218208333,-37.8294664863672,0],[145.023381028944,-37.8292799285529,0],[145.02351696384,-37.8293545611653,0],[145.023353599461,-37.8295417462729,0],[145.023218208333,-37.8294664863672,0]]]},"properties":{"OBJECTID":304,"building_number":"907","address":"LANDSCAPE FACILITY","Extrusion":null,"loc_code":"BUR;907","campus_code":"BUR","GFA_INT":358.37,"GFA_EXT":358.37,"ccLinkList":"BUR;907;0","NO_FLOORS":1,"NAME":"BURNLEY LANDSCAPE FACILITY","PROP_STATU":"Owned - Freehold"}},{"type":"Feature","id":305,"geometry":{"type":"Polygon","coordinates":[[[145.023874854477,-37.829781522661,0],[145.023928530869,-37.8296974493261,0],[145.02397612672,-37.8297148434446,0],[145.024021199639,-37.8297019371094,0],[145.024061777488,-37.8297168090533,0],[145.02407372537,-37.8297514473493,0],[145.024104089029,-37.8297643536,0],[145.024096085046,-37.8297811146337,0],[145.024132941055,-37.8297955500999,0],[145.024088969482,-37.8298652557434,0],[145.024052960847,-37.829852190764,0],[145.024043654069,-37.8298605876858,0],[145.024014675335,-37.8298676153809,0],[145.023988085904,-37.8298570587516,0],[145.023976927146,-37.8298341103089,0],[145.023980755113,-37.8298240551828,0],[145.023874854477,-37.829781522661,0]]]},"properties":{"OBJECTID":305,"building_number":"912","address":"BUILDING 912","Extrusion":null,"loc_code":"BUR;912","campus_code":"BUR","GFA_INT":183.65,"GFA_EXT":183.65,"ccLinkList":"BUR;912;0","NO_FLOORS":1,"NAME":"BURNLEY BUILDING 912","PROP_STATU":"Owned - Freehold"}},{"type":"Feature","id":306,"geometry":{"type":"Polygon","coordinates":[[[145.020417152731,-37.8288937895112,0],[145.020458866109,-37.8288936347478,0],[145.020458644501,-37.8288576711658,0],[145.020517262287,-37.8288574194042,0],[145.020517584794,-37.8289046584668,0],[145.02054345799,-37.8289046563994,0],[145.020559978968,-37.8289116380547,0],[145.020560161907,-37.8289402924024,0],[145.020539929944,-37.8289403758014,0],[145.020540170225,-37.8289790432424,0],[145.020517339643,-37.8289791325119,0],[145.02051788407,-37.8290029328638,0],[145.020457509888,-37.8290031749191,0],[145.020457457036,-37.8289796450762,0],[145.020413396458,-37.828979707203,0],[145.020417152731,-37.8288937895112,0]]]},"properties":{"OBJECTID":306,"building_number":"909","address":"BUILDING 909","Extrusion":null,"loc_code":"BUR;909","campus_code":"BUR","GFA_INT":75.99,"GFA_EXT":75.99,"ccLinkList":"BUR;909;0","NO_FLOORS":1,"NAME":"BURNLEY BUILDING 909 (STORAGE)","PROP_STATU":"Owned - Freehold"}},{"type":"Feature","id":307,"geometry":{"type":"Polygon","coordinates":[[[145.0222891305,-37.8284435231048,0],[145.022863225738,-37.8285257375379,0],[145.022841214987,-37.8286231515751,0],[145.022268098255,-37.8285416662997,0],[145.0222891305,-37.8284435231048,0]]]},"properties":{"OBJECTID":307,"building_number":"903","address":"ENGINEERING FACILITY","Extrusion":null,"loc_code":"BUR;903","campus_code":"BUR","GFA_INT":401.49,"GFA_EXT":401.49,"ccLinkList":"BUR;903;0","NO_FLOORS":1,"NAME":"BURNLEY ENGINEERING FACILITY","PROP_STATU":"Owned - Freehold"}},{"type":"Feature","id":308,"geometry":{"type":"Polygon","coordinates":[[[145.020979427728,-37.8284042938804,0],[145.020815048814,-37.828397937692,0],[145.020817909878,-37.828351455965,0],[145.020982286154,-37.8283578220169,0],[145.020979427728,-37.8284042938804,0]]]},"properties":{"OBJECTID":308,"building_number":"922","address":"GLASSHOUSE 5","Extrusion":null,"loc_code":"BUR;922","campus_code":"BUR","GFA_INT":74.2,"GFA_EXT":74.2,"ccLinkList":"BUR;922;0","NO_FLOORS":1,"NAME":"BURNLEY GREENHOUSE 5","PROP_STATU":"Owned - Freehold"}},{"type":"Feature","id":309,"geometry":{"type":"Polygon","coordinates":[[[145.020802494438,-37.8284191846877,0],[145.020967261538,-37.828427002828,0],[145.020963666143,-37.828474777127,0],[145.020798901838,-37.8284669779524,0],[145.020802494438,-37.8284191846877,0]]]},"properties":{"OBJECTID":309,"building_number":"921","address":"GLASSHOUSE 4","Extrusion":null,"loc_code":"BUR;921","campus_code":"BUR","GFA_INT":74.2,"GFA_EXT":74.2,"ccLinkList":"BUR;921;0","NO_FLOORS":1,"NAME":"BURNLEY GREENHOUSE 4","PROP_STATU":"Owned - Freehold"}},{"type":"Feature","id":310,"geometry":{"type":"Polygon","coordinates":[[[145.020967833689,-37.8284973127434,0],[145.020964958992,-37.8285440952396,0],[145.020802232169,-37.828537809156,0],[145.020805282918,-37.828488183692,0],[145.020968008232,-37.8284944796579,0],[145.020967833689,-37.8284973127434,0]]]},"properties":{"OBJECTID":310,"building_number":"920","address":"GLASSHOUSE 3","Extrusion":null,"loc_code":"BUR;920","campus_code":"BUR","GFA_INT":74.2,"GFA_EXT":74.2,"ccLinkList":"BUR;920;0","NO_FLOORS":1,"NAME":"BURNLEY GREENHOUSE 3","PROP_STATU":"Owned - Freehold"}},{"type":"Feature","id":311,"geometry":{"type":"Polygon","coordinates":[[[145.020959981452,-37.8286077936191,0],[145.02079725565,-37.8286015066431,0],[145.020801153836,-37.8285538005242,0],[145.020962902253,-37.8285620924156,0],[145.020959981452,-37.8286077936191,0]]]},"properties":{"OBJECTID":311,"building_number":"919","address":"GLASSHOUSE 2","Extrusion":null,"loc_code":"BUR;919","campus_code":"BUR","GFA_INT":74.2,"GFA_EXT":74.2,"ccLinkList":"BUR;919;0","NO_FLOORS":1,"NAME":"BURNLEY GREENHOUSE 2","PROP_STATU":"Owned - Freehold"}},{"type":"Feature","id":312,"geometry":{"type":"Polygon","coordinates":[[[145.020956061762,-37.8286208011772,0],[145.020952943265,-37.8286725829357,0],[145.020790547742,-37.8286664312708,0],[145.020793671448,-37.8286146288782,0],[145.020956061762,-37.8286208011772,0]]]},"properties":{"OBJECTID":312,"building_number":"918","address":"GLASSHOUSE 1","Extrusion":null,"loc_code":"BUR;918","campus_code":"BUR","GFA_INT":74.2,"GFA_EXT":74.2,"ccLinkList":"BUR;918;0","NO_FLOORS":1,"NAME":"BURNLEY GREENHOUSE 1","PROP_STATU":"Owned - Freehold"}},{"type":"Feature","id":313,"geometry":{"type":"Polygon","coordinates":[[[145.021643817563,-37.8278752273099,0],[145.021809173431,-37.8278864840511,0],[145.021799541831,-37.8279754941871,0],[145.0216345683,-37.8279643357755,0],[145.021643817563,-37.8278752273099,0]]]},"properties":{"OBJECTID":313,"building_number":"894","address":"QUADRANGLE BUILDING 2","Extrusion":null,"loc_code":"BUR;894","campus_code":"BUR","GFA_INT":117.89,"GFA_EXT":117.89,"ccLinkList":"BUR;894;0","NO_FLOORS":1,"NAME":"BURNLEY QUADRANGLE BUILDING 2","PROP_STATU":"Owned - Freehold"}},{"type":"Feature","id":314,"geometry":{"type":"Polygon","coordinates":[[[145.022284453499,-37.8284817537903,0],[145.02227091485,-37.8285416658507,0],[145.022343930865,-37.8285520636912,0],[145.022335235836,-37.8285942713904,0],[145.022184174487,-37.8285734533474,0],[145.022201938821,-37.8284991104628,0],[145.022244346704,-37.8284759586512,0],[145.022284453499,-37.8284817537903,0]]]},"properties":{"OBJECTID":314,"building_number":"904","address":"CENTRE FOR URBAN HORTICULTURE","Extrusion":null,"loc_code":"BUR;904","campus_code":"BUR","GFA_INT":104.54,"GFA_EXT":104.54,"ccLinkList":"BUR;904;0","NO_FLOORS":1,"NAME":"BURNLEY CENTRE FOR URBAN HORTICULTURE","PROP_STATU":"Owned - Freehold"}},{"type":"Feature","id":315,"geometry":{"type":"Polygon","coordinates":[[[145.024165687127,-37.8295082791959,0],[145.024125965852,-37.8295316615272,0],[145.024098378895,-37.8295039855474,0],[145.024137572612,-37.829479849995,0],[145.024165687127,-37.8295082791959,0]]]},"properties":{"OBJECTID":315,"building_number":"925","address":"BICYCLE SHED","Extrusion":null,"loc_code":"BUR;925","campus_code":"BUR","GFA_INT":14.44,"GFA_EXT":14.44,"ccLinkList":"BUR;925;0","NO_FLOORS":1,"NAME":"BURNLEY BICYCLE SHED","PROP_STATU":"Owned - Freehold"}},{"type":"Feature","id":316,"geometry":{"type":"Polygon","coordinates":[[[145.024181209737,-37.8294797442237,0],[145.024149100636,-37.8294570552061,0],[145.02418174659,-37.8294267808428,0],[145.02421515068,-37.8294486706067,0],[145.024181209737,-37.8294797442237,0]]]},"properties":{"OBJECTID":316,"building_number":"924","address":"GAS AND FUEL BUILDING","Extrusion":null,"loc_code":"BUR;924","campus_code":"BUR","GFA_INT":15,"GFA_EXT":15,"ccLinkList":"BUR;924;0","NO_FLOORS":1,"NAME":"BURNLEY GAS & FUEL BUILDING","PROP_STATU":"Owned - Freehold"}},{"type":"Feature","id":317,"geometry":{"type":"Polygon","coordinates":[[[145.024241635595,-37.8297177637837,0],[145.024243625562,-37.829747858813,0],[145.024173645782,-37.8297539623701,0],[145.024170867026,-37.8297235377874,0],[145.024241635595,-37.8297177637837,0]]]},"properties":{"OBJECTID":317,"building_number":"927","address":"REMOTE AREA POWER SUPPLY BUILDING (RAPS)","Extrusion":null,"loc_code":"BUR;927","campus_code":"BUR","GFA_INT":18,"GFA_EXT":18,"ccLinkList":"BUR;927;0","NO_FLOORS":1,"NAME":"BURNLEY REMOTE AREA POWER SUPPLY BUILDING (RAPS)","PROP_STATU":"Owned - Freehold"}},{"type":"Feature","id":318,"geometry":{"type":"Polygon","coordinates":[[[145.024193182668,-37.8297034482456,0],[145.02417803202,-37.8296963161647,0],[145.024198663095,-37.82967071646,0],[145.024226248098,-37.8296835192735,0],[145.024215957288,-37.8296953710495,0],[145.024204137396,-37.8296897935338,0],[145.024193182668,-37.8297034482456,0]]]},"properties":{"OBJECTID":318,"building_number":"926","address":"INSULATION HOUSE","Extrusion":null,"loc_code":"BUR;926","campus_code":"BUR","GFA_INT":8.76,"GFA_EXT":8.76,"ccLinkList":"BUR;926;0","NO_FLOORS":1,"NAME":"BURNLEY INSULATION HOUSE","PROP_STATU":"Owned - Freehold"}},{"type":"Feature","id":319,"geometry":{"type":"Polygon","coordinates":[[[145.020661574447,-37.8284065232551,0],[145.020751679335,-37.8284086706756,0],[145.020750614402,-37.8284485237623,0],[145.020773742221,-37.8284489125629,0],[145.020772558996,-37.8284931929699,0],[145.0207502284,-37.828492817571,0],[145.020750383301,-37.8285168691141,0],[145.020658666909,-37.8285153272283,0],[145.020661574447,-37.8284065232551,0]]]},"properties":{"OBJECTID":319,"building_number":"923","address":"NURSERY STORAGE SHED","Extrusion":null,"loc_code":"BUR;923","campus_code":"BUR","GFA_INT":104.19,"GFA_EXT":104.19,"ccLinkList":"BUR;923;0","NO_FLOORS":1,"NAME":"BURNLEY NURSERY STORAGE SHED","PROP_STATU":"Owned - Freehold"}},{"type":"Feature","id":320,"geometry":{"type":"Polygon","coordinates":[[[145.023961112586,-37.8301695604397,0],[145.02403018228,-37.8302089559403,0],[145.023963925308,-37.8302831583901,0],[145.023895943815,-37.830244070395,0],[145.023961112586,-37.8301695604397,0]]]},"properties":{"OBJECTID":320,"building_number":"913","address":"FIELD STATION SHED","Extrusion":null,"loc_code":"BUR;913","campus_code":"BUR","GFA_INT":46.8,"GFA_EXT":46.8,"ccLinkList":"BUR;913;0","NO_FLOORS":1,"NAME":"BURNLEY FIELD STATION SHED","PROP_STATU":"Owned - Freehold"}},{"type":"Feature","id":321,"geometry":{"type":"Polygon","coordinates":[[[145.02382631615,-37.8303214018678,0],[145.023941308471,-37.8303916938457,0],[145.023857065057,-37.8304829736356,0],[145.023743564074,-37.8304115485902,0],[145.02382631615,-37.8303214018678,0]]]},"properties":{"OBJECTID":321,"building_number":"954","address":"FLORICULTURE HOUSE","Extrusion":null,"loc_code":"BUR;954","campus_code":"BUR","GFA_INT":151.21,"GFA_EXT":151.21,"ccLinkList":"BUR;954;0","NO_FLOORS":1,"NAME":"BURNLEY FLORICULTURE HOUSE","PROP_STATU":"Owned - Freehold"}},{"type":"Feature","id":322,"geometry":{"type":"Polygon","coordinates":[[[145.024312160747,-37.8295259456019,0],[145.024352952699,-37.8295301059817,0],[145.024349129829,-37.8295636982833,0],[145.024307078056,-37.8295597420565,0],[145.024312160747,-37.8295259456019,0]]]},"properties":{"OBJECTID":322,"building_number":"953","address":"TOOL SHED","Extrusion":null,"loc_code":"BUR;953","campus_code":"BUR","GFA_INT":11.16,"GFA_EXT":11.16,"ccLinkList":"BUR;953;0","NO_FLOORS":1,"NAME":"BURNLEY TOOL SHED","PROP_STATU":"Owned - Freehold"}},{"type":"Feature","id":323,"geometry":{"type":"Polygon","coordinates":[[[145.023663869423,-37.8294915990004,0],[145.02372004229,-37.8295215086264,0],[145.023667390219,-37.8295785590929,0],[145.023612676686,-37.8295486739394,0],[145.023663869423,-37.8294915990004,0]]]},"properties":{"OBJECTID":323,"building_number":"943","address":"GLASSHOUSE 17","Extrusion":null,"loc_code":"BUR;943","campus_code":"BUR","GFA_INT":35.1,"GFA_EXT":35.1,"ccLinkList":"BUR;943;0","NO_FLOORS":1,"NAME":"BURNLEY GLASSHOUSE 17","PROP_STATU":"Owned - Freehold"}},{"type":"Feature","id":324,"geometry":{"type":"Polygon","coordinates":[[[145.023682077462,-37.8294667102986,0],[145.023730498733,-37.8294133043799,0],[145.023776808597,-37.8294404773468,0],[145.023728123032,-37.82949297316,0],[145.023682077462,-37.8294667102986,0]]]},"properties":{"OBJECTID":324,"building_number":"942","address":"GLASSHOUSE 16","Extrusion":null,"loc_code":"BUR;942","campus_code":"BUR","GFA_INT":35.37,"GFA_EXT":35.37,"ccLinkList":"BUR;942;0","NO_FLOORS":1,"NAME":"BURNLEY GLASSHOUSE 16","PROP_STATU":"Owned - Freehold"}},{"type":"Feature","id":325,"geometry":{"type":"Polygon","coordinates":[[[145.023817693714,-37.8294634570595,0],[145.02386093079,-37.8294883524966,0],[145.023842875133,-37.8295068931538,0],[145.023798046399,-37.829483610244,0],[145.023817693714,-37.8294634570595,0]]]},"properties":{"OBJECTID":325,"building_number":"955","address":"SOLAR KILN","Extrusion":null,"loc_code":"BUR;955","campus_code":"BUR","GFA_INT":9.31,"GFA_EXT":9.31,"ccLinkList":"BUR;955;0","NO_FLOORS":1,"NAME":"BURNLEY SOLAR KILN","PROP_STATU":"Owned - Freehold"}},{"type":"Feature","id":326,"geometry":{"type":"Polygon","coordinates":[[[145.023398673005,-37.8290644042723,0],[145.023469985897,-37.8291016505848,0],[145.023416569378,-37.8291679369423,0],[145.023343234382,-37.8291290173979,0],[145.023398673005,-37.8290644042723,0]]]},"properties":{"OBJECTID":326,"building_number":"941","address":"STORAGE SHED","Extrusion":null,"loc_code":"BUR;941","campus_code":"BUR","GFA_INT":16.78,"GFA_EXT":16.78,"ccLinkList":"BUR;941;0","NO_FLOORS":1,"NAME":"BURNLEY STORAGE SHED","PROP_STATU":"Owned - Freehold"}},{"type":"Feature","id":327,"geometry":{"type":"Polygon","coordinates":[[[145.02082563743,-37.8282509202464,0],[145.020943151915,-37.8282552504396,0],[145.020939865842,-37.8283435813219,0],[145.020820119533,-37.8283407483187,0],[145.02082563743,-37.8282509202464,0]]]},"properties":{"OBJECTID":327,"building_number":"938","address":"RAIN SHELTER 3","Extrusion":null,"loc_code":"BUR;938","campus_code":"BUR","GFA_INT":119.17,"GFA_EXT":119.17,"ccLinkList":"BUR;938;0","NO_FLOORS":1,"NAME":"BURNLEY RAIN SHELTER 3","PROP_STATU":"Owned - Freehold"}},{"type":"Feature","id":328,"geometry":{"type":"Polygon","coordinates":[[[145.020947344188,-37.8282579370402,0],[145.021085691502,-37.8282630345229,0],[145.021084338285,-37.828349194509,0],[145.020940888983,-37.8283443248729,0],[145.020947344188,-37.8282579370402,0]]]},"properties":{"OBJECTID":328,"building_number":"939","address":"BIG SHADE","Extrusion":null,"loc_code":"BUR;939","campus_code":"BUR","GFA_INT":122.24,"GFA_EXT":122.24,"ccLinkList":"BUR;939;0","NO_FLOORS":1,"NAME":"BURNLEY BIG SHADE","PROP_STATU":"Owned - Freehold"}},{"type":"Feature","id":329,"geometry":{"type":"Polygon","coordinates":[[[145.021014529167,-37.8283666846,0],[145.02108673831,-37.8283703567508,0],[145.021083806444,-37.8284800948589,0],[145.021006457471,-37.8284755171362,0],[145.021014529167,-37.8283666846,0]]]},"properties":{"OBJECTID":329,"building_number":"928","address":"POLYHOUSE 6","Extrusion":null,"loc_code":"BUR;928","campus_code":"BUR","GFA_INT":74.07,"GFA_EXT":74.07,"ccLinkList":"BUR;928;0","NO_FLOORS":1,"NAME":"BURNLEY POLYHOUSE 6","PROP_STATU":"Owned - Freehold"}},{"type":"Feature","id":330,"geometry":{"type":"Polygon","coordinates":[[[145.020616561058,-37.8285552184866,0],[145.020665856018,-37.8285562518016,0],[145.020664406894,-37.8286684732407,0],[145.020613826092,-37.8286672128369,0],[145.020616561058,-37.8285552184866,0]]]},"properties":{"OBJECTID":330,"building_number":"930","address":"POLYHOUSE 9","Extrusion":null,"loc_code":"BUR;930","campus_code":"BUR","GFA_INT":52.29,"GFA_EXT":52.29,"ccLinkList":"BUR;930;0","NO_FLOORS":1,"NAME":"BURNLEY POLYHOUSE 9","PROP_STATU":"Owned - Freehold"}},{"type":"Feature","id":331,"geometry":{"type":"Polygon","coordinates":[[[145.020546593257,-37.8285546567588,0],[145.020608531781,-37.8285561081402,0],[145.020604512173,-37.8286678754229,0],[145.020541563115,-37.8286655878741,0],[145.020546593257,-37.8285546567588,0]]]},"properties":{"OBJECTID":331,"building_number":"932","address":"POLYHOUSE 11","Extrusion":null,"loc_code":"BUR;932","campus_code":"BUR","GFA_INT":65.88,"GFA_EXT":65.88,"ccLinkList":"BUR;932;0","NO_FLOORS":1,"NAME":"BURNLEY POLYHOUSE 11","PROP_STATU":"Owned - Freehold"}},{"type":"Feature","id":332,"geometry":{"type":"Polygon","coordinates":[[[145.020613060122,-37.8286958755645,0],[145.020662597692,-37.8286975275667,0],[145.020658654719,-37.8288064294787,0],[145.020608600347,-37.8288047687855,0],[145.020613060122,-37.8286958755645,0]]]},"properties":{"OBJECTID":332,"building_number":"931","address":"POLYHOUSE 10","Extrusion":null,"loc_code":"BUR;931","campus_code":"BUR","GFA_INT":49.58,"GFA_EXT":49.58,"ccLinkList":"BUR;931;0","NO_FLOORS":1,"NAME":"BURNLEY POLYHOUSE 10","PROP_STATU":"Owned - Freehold"}},{"type":"Feature","id":333,"geometry":{"type":"Polygon","coordinates":[[[145.020539785541,-37.8286934144186,0],[145.020602229957,-37.8286952843479,0],[145.02059985672,-37.8288033925726,0],[145.020532734462,-37.828802674106,0],[145.020539785541,-37.8286934144186,0]]]},"properties":{"OBJECTID":333,"building_number":"933","address":"POLYHOUSE 12","Extrusion":null,"loc_code":"BUR;933","campus_code":"BUR","GFA_INT":65.57,"GFA_EXT":65.57,"ccLinkList":"BUR;933;0","NO_FLOORS":1,"NAME":"BURNLEY POLYHOUSE 12","PROP_STATU":"Owned - Freehold"}},{"type":"Feature","id":334,"geometry":{"type":"Polygon","coordinates":[[[145.020394962416,-37.8285512593099,0],[145.020527743679,-37.8285569676892,0],[145.020520343376,-37.8288065391162,0],[145.020381690003,-37.8288018891063,0],[145.020394962416,-37.8285512593099,0]]]},"properties":{"OBJECTID":334,"building_number":"934","address":"POLYHOUSES 13 & 14","Extrusion":null,"loc_code":"BUR;934","campus_code":"BUR","GFA_INT":331.74,"GFA_EXT":331.74,"ccLinkList":"BUR;934;0","NO_FLOORS":1,"NAME":"BURNLEY POLYHOUSES 13 & 14","PROP_STATU":"Owned - Freehold"}},{"type":"Feature","id":335,"geometry":{"type":"Polygon","coordinates":[[[145.020299504229,-37.8285549585848,0],[145.020360085662,-37.8285565557987,0],[145.020355625459,-37.828696101798,0],[145.020294313701,-37.8286944913991,0],[145.020299504229,-37.8285549585848,0]]]},"properties":{"OBJECTID":335,"building_number":"935","address":"GLASSHOUSE 15","Extrusion":null,"loc_code":"BUR;935","campus_code":"BUR","GFA_INT":78.82,"GFA_EXT":78.82,"ccLinkList":"BUR;935;0","NO_FLOORS":1,"NAME":"BURNLEY GLASSHOUSE 15","PROP_STATU":"Owned - Freehold"}},{"type":"Feature","id":336,"geometry":{"type":"Polygon","coordinates":[[[145.020197978814,-37.8285382557365,0],[145.020251988105,-37.8285397433913,0],[145.020243842345,-37.8287898799136,0],[145.020190515552,-37.8287901412082,0],[145.020197978814,-37.8285382557365,0]]]},"properties":{"OBJECTID":336,"building_number":"936","address":"RAIN SHELTER 1","Extrusion":null,"loc_code":"BUR;936","campus_code":"BUR","GFA_INT":124.13,"GFA_EXT":124.13,"ccLinkList":"BUR;936;0","NO_FLOORS":1,"NAME":"BURNLEY RAIN SHELTER 1","PROP_STATU":"Owned - Freehold"}},{"type":"Feature","id":337,"geometry":{"type":"Polygon","coordinates":[[[145.020206589331,-37.8282585349174,0],[145.020261945028,-37.8282598433414,0],[145.020255792177,-37.8285042431199,0],[145.020199035716,-37.8285022424593,0],[145.020206589331,-37.8282585349174,0]]]},"properties":{"OBJECTID":337,"building_number":"937","address":"RAIN SHELTER 2","Extrusion":null,"loc_code":"BUR;937","campus_code":"BUR","GFA_INT":11.76,"GFA_EXT":11.76,"ccLinkList":"BUR;937;0","NO_FLOORS":1,"NAME":"BURNLEY RAIN SHELTER 2","PROP_STATU":"Owned - Freehold"}},{"type":"Feature","id":338,"geometry":{"type":"Polygon","coordinates":[[[145.020689907128,-37.8288054282845,0],[145.020692959486,-37.8286912043385,0],[145.02096040494,-37.8286957011154,0],[145.020967467641,-37.8285014024621,0],[145.021079683943,-37.8285032886765,0],[145.021073262208,-37.8287436052502,0],[145.020962918263,-37.8287417504987,0],[145.020961503219,-37.828804065967,0],[145.02076300639,-37.8288007210942,0],[145.02076284668,-37.8288066553951,0],[145.020689907128,-37.8288054282845,0]]]},"properties":{"OBJECTID":338,"building_number":"902","address":"NURSERY FACILITY","Extrusion":null,"loc_code":"BUR;902","campus_code":"BUR","GFA_INT":424.08,"GFA_EXT":424.08,"ccLinkList":"BUR;902;0","NO_FLOORS":1,"NAME":"BURNLEY NURSERY FACILITY","PROP_STATU":"Owned - Freehold"}},{"type":"Feature","id":339,"geometry":{"type":"Polygon","coordinates":[[[145.020710721902,-37.8286391848404,0],[145.020765260086,-37.8286401016919,0],[145.020763476563,-37.828679931883,0],[145.02071037497,-37.8286790391814,0],[145.020708222878,-37.8286790030016,0],[145.020710721902,-37.8286391848404,0]]]},"properties":{"OBJECTID":339,"building_number":"929","address":"POLYHOUSE 8","Extrusion":null,"loc_code":"BUR;929","campus_code":"BUR","GFA_INT":18.9,"GFA_EXT":18.9,"ccLinkList":"BUR;929;0","NO_FLOORS":1,"NAME":"BURNLEY POLYHOUSE 8","PROP_STATU":"Owned - Freehold"}},{"type":"Feature","id":340,"geometry":{"type":"Polygon","coordinates":[[[145.021858440293,-37.8288494317728,0],[145.021897920842,-37.8288380535128,0],[145.021908170843,-37.8288576470988,0],[145.021869404352,-37.8288698132771,0],[145.021858440293,-37.8288494317728,0]]]},"properties":{"OBJECTID":340,"building_number":"940","address":"SUMMER HOUSE (HERITAGE)","Extrusion":null,"loc_code":"BUR;940","campus_code":"BUR","GFA_INT":15.84,"GFA_EXT":15.84,"ccLinkList":"BUR;940;0","NO_FLOORS":1,"NAME":"BURNLEY SUMMER HOUSE (HERITAGE)","PROP_STATU":"Owned - Freehold"}},{"type":"Feature","id":341,"geometry":{"type":"Polygon","coordinates":[[[145.023581169478,-37.8305796082374,0],[145.023715279448,-37.8304334321293,0],[145.023832627007,-37.8305022831063,0],[145.023698516651,-37.8306489883353,0],[145.023581169478,-37.8305796082374,0]]]},"properties":{"OBJECTID":341,"building_number":"957","address":"POLYHOUSE 19","Extrusion":null,"loc_code":"BUR;957","campus_code":"BUR","GFA_INT":307.2,"GFA_EXT":307.2,"ccLinkList":"BUR;957;0","NO_FLOORS":1,"NAME":"BURNLEY POLYHOUSE 19","PROP_STATU":"Owned - Freehold"}},{"type":"Feature","id":342,"geometry":{"type":"Polygon","coordinates":[[[143.899085844584,-37.4221691244115,0],[143.899103824706,-37.4222275237682,0],[143.898950096142,-37.4222579328343,0],[143.898966975414,-37.4223122090206,0],[143.8990514742,-37.4222954943534,0],[143.899069479637,-37.422353389802,0],[143.898985546902,-37.4223699922985,0],[143.899008053355,-37.4224423620614,0],[143.898926246362,-37.4224573029648,0],[143.898849291431,-37.4222122319574,0],[143.898923340658,-37.4221975271038,0],[143.898907075832,-37.4221409838339,0],[143.899011303543,-37.4221205631984,0],[143.899029589063,-37.4221793625325,0],[143.899085844584,-37.4221691244115,0]]]},"properties":{"OBJECTID":342,"building_number":"719","address":"LIBRARY BUILDING","Extrusion":null,"loc_code":"CRE;719","campus_code":"CRE","GFA_INT":677.8,"GFA_EXT":777.16,"ccLinkList":"CRE;719;0","NO_FLOORS":2,"NAME":"CRESWICK LIBRARY BUILDING","PROP_STATU":"Owned - Freehold"}},{"type":"Feature","id":343,"geometry":{"type":"Polygon","coordinates":[[[143.899777907344,-37.422510400411,0],[143.899822983323,-37.4225080948825,0],[143.899828041993,-37.4225710124038,0],[143.899782963793,-37.4225733160732,0],[143.899777907344,-37.422510400411,0]]]},"properties":{"OBJECTID":343,"building_number":"748","address":"WORKSHOP","Extrusion":null,"loc_code":"CRE;748","campus_code":"CRE","GFA_INT":14.82,"GFA_EXT":16.4,"ccLinkList":"CRE;748;0","NO_FLOORS":1,"NAME":"CRESWICK WORKSHOP","PROP_STATU":"Owned - Freehold"}},{"type":"Feature","id":344,"geometry":{"type":"Polygon","coordinates":[[[143.900997136614,-37.4215214916593,0],[143.900941826375,-37.4214546623815,0],[143.901084898609,-37.4213669997486,0],[143.901161079369,-37.4214243571086,0],[143.900997136614,-37.4215214916593,0]]]},"properties":{"OBJECTID":344,"building_number":"750","address":"FIELD EQUIPMENT STORE","Extrusion":null,"loc_code":"CRE;750","campus_code":"CRE","GFA_INT":193.54,"GFA_EXT":199.69,"ccLinkList":"CRE;750;0","NO_FLOORS":1,"NAME":"CRESWICK FIELD EQUIPMENT STORE","PROP_STATU":"Owned - Freehold"}},{"type":"Feature","id":345,"geometry":{"type":"Polygon","coordinates":[[[143.899940531962,-37.4223327808916,0],[143.899872915589,-37.4223362328782,0],[143.899870030553,-37.4223002798991,0],[143.899937646818,-37.4222968297129,0],[143.899940531962,-37.4223327808916,0]]]},"properties":{"OBJECTID":345,"building_number":"746","address":"STORAGE SHED - LAB SUPPORT 1","Extrusion":null,"loc_code":"CRE;746","campus_code":"CRE","GFA_INT":25.62,"GFA_EXT":28.42,"ccLinkList":"CRE;746;0","NO_FLOORS":1,"NAME":"CRESWICK STORAGE SHED - LAB SUPPORT 1","PROP_STATU":"Owned - Freehold"}},{"type":"Feature","id":346,"geometry":{"type":"Polygon","coordinates":[[[143.900096652041,-37.4230117905941,0],[143.900134984729,-37.422741235049,0],[143.900144037388,-37.422736909839,0],[143.900144329331,-37.4227348451307,0],[143.900118791577,-37.4227008357806,0],[143.900151352158,-37.4226852826455,0],[143.900151823954,-37.4226819531054,0],[143.900137254307,-37.4226625517279,0],[143.900155829662,-37.4226536802767,0],[143.900156263045,-37.4226506245427,0],[143.900143448571,-37.4226335614573,0],[143.900159784768,-37.4226257575216,0],[143.900160216985,-37.422622702658,0],[143.900147404846,-37.4226056378323,0],[143.900163740999,-37.4225978347958,0],[143.900185879785,-37.4224415770287,0],[143.900317838015,-37.4224534723265,0],[143.900318285208,-37.4224507935851,0],[143.900356237942,-37.4224542143608,0],[143.90035912738,-37.422655115581,0],[143.900336763886,-37.4226657969262,0],[143.900343605858,-37.4226749093205,0],[143.900331369345,-37.4227038824803,0],[143.900336350043,-37.422711256591,0],[143.900328537041,-37.4227238704985,0],[143.900286248621,-37.4230223542689,0],[143.900285334298,-37.42302879697,0],[143.900277256107,-37.4230280686554,0],[143.900096652041,-37.4230117905941,0]]]},"properties":{"OBJECTID":346,"building_number":"744","address":"ACADEMIC CENTRE","Extrusion":null,"loc_code":"CRE;744","campus_code":"CRE","GFA_INT":1054.46,"GFA_EXT":1100.81,"ccLinkList":"CRE;744;0","NO_FLOORS":1,"NAME":"CRESWICK ACADEMIC CENTRE","PROP_STATU":"Owned - Freehold"}},{"type":"Feature","id":347,"geometry":{"type":"Polygon","coordinates":[[[143.899483618643,-37.4217632024058,0],[143.899415028798,-37.4217770868474,0],[143.899389845435,-37.4216992506003,0],[143.899458436229,-37.4216853689001,0],[143.899483618643,-37.4217632024058,0]]]},"properties":{"OBJECTID":347,"building_number":"729","address":"GARAGES","Extrusion":null,"loc_code":"CRE;729","campus_code":"CRE","GFA_INT":87.82,"GFA_EXT":93.08,"ccLinkList":"CRE;729;0","NO_FLOORS":1,"NAME":"CRESWICK GARAGES (managed by BS)","PROP_STATU":"Owned - Freehold"}},{"type":"Feature","id":348,"geometry":{"type":"Polygon","coordinates":[[[143.900199052081,-37.4231146450487,0],[143.900220710216,-37.42331087867,0],[143.900280662202,-37.4233066838173,0],[143.900296749988,-37.4234529162846,0],[143.90025426018,-37.4234558890481,0],[143.900256507262,-37.4234763140268,0],[143.9002727466,-37.4236239380594,0],[143.900010169544,-37.4236420027426,0],[143.899990890765,-37.4234703639198,0],[143.900052280667,-37.4234660420413,0],[143.900036877975,-37.4233269006244,0],[143.89997585295,-37.4233311987366,0],[143.899974376765,-37.4233178427529,0],[143.899970255895,-37.4232807220406,0],[143.899970407191,-37.4232805052594,0],[143.899963759034,-37.4232204572542,0],[143.899961461158,-37.4231995678077,0],[143.900076128073,-37.4231915454466,0],[143.900108723063,-37.4231892636138,0],[143.900101266228,-37.4231214869698,0],[143.900199052081,-37.4231146450487,0]]]},"properties":{"OBJECTID":348,"building_number":"716","address":"RESEARCH LABORATORIES","Extrusion":null,"loc_code":"CRE;716","campus_code":"CRE","GFA_INT":1175.85,"GFA_EXT":1233.7,"ccLinkList":"CRE;716;0","NO_FLOORS":2,"NAME":"CRESWICK RESEARCH LABORATORIES","PROP_STATU":"Owned - Freehold"}},{"type":"Feature","id":349,"geometry":{"type":"Polygon","coordinates":[[[143.90044567031,-37.42328310516,0],[143.9004608157,-37.4234402198568,0],[143.900371629098,-37.4234455577027,0],[143.900356486151,-37.4232884430622,0],[143.90044567031,-37.42328310516,0]]]},"properties":{"OBJECTID":349,"building_number":"717","address":"GLASSHOUSE BIO-TECHNOLOGY","Extrusion":null,"loc_code":"CRE;717","campus_code":"CRE","GFA_INT":124.92,"GFA_EXT":129.79,"ccLinkList":"CRE;717;0","NO_FLOORS":1,"NAME":"CRESWICK GLASSHOUSE BIO-TECHNOLOGY","PROP_STATU":"Owned - Freehold"}},{"type":"Feature","id":350,"geometry":{"type":"Polygon","coordinates":[[[143.900275011174,-37.4222956662091,0],[143.900104747004,-37.4223043604375,0],[143.900099232025,-37.4222357400335,0],[143.900269496077,-37.4222270449059,0],[143.900275011174,-37.4222956662091,0]]]},"properties":{"OBJECTID":350,"building_number":"740","address":"STORAGE ROOMS","Extrusion":null,"loc_code":"CRE;740","campus_code":"CRE","GFA_INT":102.5,"GFA_EXT":107.71,"ccLinkList":"CRE;740;0","NO_FLOORS":1,"NAME":"CRESWICK STORAGE ROOMS","PROP_STATU":"Owned - Freehold"}},{"type":"Feature","id":351,"geometry":{"type":"Polygon","coordinates":[[[143.899894794744,-37.4227932126657,0],[143.899832908101,-37.4230990261619,0],[143.899680893688,-37.4230788576361,0],[143.899694646578,-37.4230116170353,0],[143.899722913314,-37.4230152504819,0],[143.899758038009,-37.4228472896383,0],[143.899728618329,-37.4228435079002,0],[143.899742781289,-37.4227735281091,0],[143.899894794744,-37.4227932126657,0]]]},"properties":{"OBJECTID":351,"building_number":"715","address":"SCIENCE BLOCK","Extrusion":null,"loc_code":"CRE;715","campus_code":"CRE","GFA_INT":367.66,"GFA_EXT":396.18,"ccLinkList":"CRE;715;0","NO_FLOORS":1,"NAME":"CRESWICK TEACHING LABORATORY","PROP_STATU":"Owned - Freehold"}},{"type":"Feature","id":352,"geometry":{"type":"Polygon","coordinates":[[[143.899833280968,-37.4231335454287,0],[143.899778514664,-37.4234041253658,0],[143.899723141684,-37.423396982659,0],[143.899719036755,-37.4234172246782,0],[143.899797483143,-37.4234273436935,0],[143.899773622279,-37.423545008246,0],[143.899697842651,-37.4235352295286,0],[143.899711724639,-37.4234666425757,0],[143.899690959558,-37.4234639620187,0],[143.899599581789,-37.423451957285,0],[143.899608513315,-37.4234069095594,0],[143.899612117608,-37.4233887249703,0],[143.899650196639,-37.4231966589681,0],[143.899625396827,-37.423193441789,0],[143.899636459408,-37.4231377088161,0],[143.899661300652,-37.4231409892513,0],[143.899667129575,-37.4231124804826,0],[143.899681409607,-37.4231142888966,0],[143.899740415854,-37.4231215639388,0],[143.899833280968,-37.4231335454287,0]]]},"properties":{"OBJECTID":352,"building_number":"714","address":"UNIVERSITY OFFICES & LABORATORIES","Extrusion":null,"loc_code":"CRE;714","campus_code":"CRE","GFA_INT":611.25,"GFA_EXT":661.58,"ccLinkList":"CRE;714;0","NO_FLOORS":2,"NAME":"CRESWICK OFFICE BUILDING","PROP_STATU":"Owned - Freehold"}},{"type":"Feature","id":353,"geometry":{"type":"Polygon","coordinates":[[[143.900008453821,-37.4221867081959,0],[143.899980820235,-37.4221666160921,0],[143.899959563833,-37.4221852131515,0],[143.89987752311,-37.422125561252,0],[143.899974199942,-37.4220409818702,0],[143.900021917543,-37.4220756770557,0],[143.900014721183,-37.422081971981,0],[143.900054727025,-37.4221110594468,0],[143.900057384517,-37.4221439321335,0],[143.900008453821,-37.4221867081959,0]]]},"properties":{"OBJECTID":353,"building_number":"739","address":"COTTAGE","Extrusion":null,"loc_code":"CRE;739","campus_code":"CRE","GFA_INT":129.36,"GFA_EXT":137.75,"ccLinkList":"CRE;739;0","NO_FLOORS":1,"NAME":"CRESWICK COTTAGE (managed by BS)","PROP_STATU":"Owned - Freehold"}},{"type":"Feature","id":354,"geometry":{"type":"Polygon","coordinates":[[[143.899607637258,-37.4224748522418,0],[143.899498778689,-37.4224964421005,0],[143.899462217849,-37.4223788771688,0],[143.899571176446,-37.4223573233046,0],[143.899607637258,-37.4224748522418,0]]]},"properties":{"OBJECTID":354,"building_number":"722","address":"STUDENT KITCHENS","Extrusion":null,"loc_code":"CRE;722","campus_code":"CRE","GFA_INT":118.44,"GFA_EXT":127.4,"ccLinkList":"CRE;722;0","NO_FLOORS":1,"NAME":"CRESWICK RESIDENTIAL KITCHENS (managed by BS)","PROP_STATU":"Owned - Freehold"}},{"type":"Feature","id":355,"geometry":{"type":"Polygon","coordinates":[[[143.899521942533,-37.4225656249672,0],[143.899444737626,-37.4225798653073,0],[143.899434160566,-37.4225456863404,0],[143.899329453772,-37.422565001812,0],[143.899292739295,-37.4224469498469,0],[143.89944682355,-37.4224164694852,0],[143.899461881082,-37.4224648843296,0],[143.899413675628,-37.4224744185235,0],[143.899427536021,-37.4225192104338,0],[143.899502984478,-37.4225043590455,0],[143.899521942533,-37.4225656249672,0]]]},"properties":{"OBJECTID":355,"building_number":"723","address":"BUILDING 723","Extrusion":null,"loc_code":"CRE;723","campus_code":"CRE","GFA_INT":166.73,"GFA_EXT":200.66,"ccLinkList":"CRE;723;0","NO_FLOORS":1,"NAME":"CRESWICK BUILDING 723","PROP_STATU":"Owned - Freehold"}},{"type":"Feature","id":356,"geometry":{"type":"Polygon","coordinates":[[[143.89958924796,-37.4223146716846,0],[143.899346702196,-37.4223624109838,0],[143.899300686307,-37.4222106721605,0],[143.899318292275,-37.4222072761827,0],[143.899305379992,-37.4221646977561,0],[143.899280959353,-37.4221694096251,0],[143.899251152334,-37.4220711192991,0],[143.899500842508,-37.4220230036944,0],[143.899530604806,-37.4221213450493,0],[143.899411342161,-37.4221443502345,0],[143.899454588143,-37.4222847561182,0],[143.899573851003,-37.4222617508993,0],[143.89958924796,-37.4223146716846,0]]]},"properties":{"OBJECTID":356,"building_number":"721","address":"AV GAILBRAITH HOUSE","Extrusion":null,"loc_code":"CRE;721","campus_code":"CRE","GFA_INT":916.99,"GFA_EXT":986.66,"ccLinkList":"CRE;721;0","NO_FLOORS":2,"NAME":"CRESWICK - AV GAILBRAITH HOUSE (managed by BS)","PROP_STATU":"Owned - Freehold"}},{"type":"Feature","id":357,"geometry":{"type":"Polygon","coordinates":[[[143.900121008221,-37.4217058972015,0],[143.899975519958,-37.4217359031122,0],[143.899967350394,-37.4217071404061,0],[143.899920953143,-37.4217166727254,0],[143.899914539916,-37.4216968177579,0],[143.89989190704,-37.421701466759,0],[143.89988782361,-37.4216888325379,0],[143.899747164201,-37.4217177332109,0],[143.899724628844,-37.4216479667943,0],[143.89986551493,-37.4216190180339,0],[143.899853269367,-37.4215811109865,0],[143.899921166903,-37.4215671603574,0],[143.899911487981,-37.4215371947973,0],[143.900057126118,-37.4215072712819,0],[143.900079405527,-37.4215769227992,0],[143.899974165526,-37.4215985468359,0],[143.899993483343,-37.4216576975035,0],[143.900098210611,-37.4216360987375,0],[143.900121008221,-37.4217058972015,0]]]},"properties":{"OBJECTID":357,"building_number":"731","address":"SEMMENS HALL","Extrusion":null,"loc_code":"CRE;731","campus_code":"CRE","GFA_INT":370.57,"GFA_EXT":408.57,"ccLinkList":"CRE;731;0","NO_FLOORS":1,"NAME":"CRESWICK SEMMENS HALL (managed by BS)","PROP_STATU":"Owned - Freehold"}},{"type":"Feature","id":358,"geometry":{"type":"Polygon","coordinates":[[[143.899712161708,-37.4215987315626,0],[143.899492508336,-37.4216577376578,0],[143.899458823394,-37.421575966887,0],[143.899678473159,-37.4215169607554,0],[143.899712161708,-37.4215987315626,0]]]},"properties":{"OBJECTID":358,"building_number":"730","address":"MAINTENANCE WORKSHOP","Extrusion":null,"loc_code":"CRE;730","campus_code":"CRE","GFA_INT":175.88,"GFA_EXT":184.55,"ccLinkList":"CRE;730;0","NO_FLOORS":1,"NAME":"CRESWICK CAMPUS SERVICES WORKSHOP (managed by BS)","PROP_STATU":"Owned - Freehold"}},{"type":"Feature","id":359,"geometry":{"type":"Polygon","coordinates":[[[143.899055308035,-37.42336466607,0],[143.899065026399,-37.4234402807388,0],[143.898988618189,-37.4234846784478,0],[143.898901860586,-37.4234538611338,0],[143.898892141258,-37.4233782464294,0],[143.898968550536,-37.4233338488095,0],[143.899055308035,-37.42336466607,0]]]},"properties":{"OBJECTID":359,"building_number":"713","address":"SEMINAR CENTRE","Extrusion":null,"loc_code":"CRE;713","campus_code":"CRE","GFA_INT":171.62,"GFA_EXT":179.95,"ccLinkList":"CRE;713;0","NO_FLOORS":1,"NAME":"CRESWICK SEMINAR CENTRE (SHARED TEACHING SPACE)","PROP_STATU":"Owned - Freehold"}},{"type":"Feature","id":360,"geometry":{"type":"Polygon","coordinates":[[[143.899235930753,-37.4219090711316,0],[143.899164976909,-37.4219228834456,0],[143.899134863107,-37.4218244769135,0],[143.899205815733,-37.4218106645837,0],[143.899235930753,-37.4219090711316,0]]]},"properties":{"OBJECTID":360,"building_number":"724","address":"LAUNDRY SHED","Extrusion":null,"loc_code":"CRE;724","campus_code":"CRE","GFA_INT":63.53,"GFA_EXT":68.61,"ccLinkList":"CRE;724;0","NO_FLOORS":1,"NAME":"CRESWICK LAUNDRY SHED (managed by BS)","PROP_STATU":"Owned - Freehold"}},{"type":"Feature","id":361,"geometry":{"type":"Polygon","coordinates":[[[143.899225653183,-37.4217969139933,0],[143.899153004815,-37.421811082771,0],[143.899127464844,-37.4218160652647,0],[143.899099892851,-37.4217298425234,0],[143.899124928434,-37.421724790027,0],[143.899197068585,-37.4217108890432,0],[143.899225653183,-37.4217969139933,0]]]},"properties":{"OBJECTID":361,"building_number":"725","address":"GARDENER SHED","Extrusion":null,"loc_code":"CRE;725","campus_code":"CRE","GFA_INT":121.62,"GFA_EXT":125.89,"ccLinkList":"CRE;725;0","NO_FLOORS":1,"NAME":"CRESWICK GARDENER SHED (managed by BS)","PROP_STATU":"Owned - Freehold"}},{"type":"Feature","id":362,"geometry":{"type":"Polygon","coordinates":[[[143.899967801482,-37.4213423257016,0],[143.89958792716,-37.4213509160197,0],[143.899585583554,-37.4212818364279,0],[143.899965457599,-37.4212732443014,0],[143.899967801482,-37.4213423257016,0]]]},"properties":{"OBJECTID":362,"building_number":"732","address":"LODGE","Extrusion":null,"loc_code":"CRE;732","campus_code":"CRE","GFA_INT":231.38,"GFA_EXT":239.48,"ccLinkList":"CRE;732;0","NO_FLOORS":1,"NAME":"CRESWICK ACCOMMODATION LODGE (managed by BS)","PROP_STATU":"Owned - Freehold"}},{"type":"Feature","id":363,"geometry":{"type":"Polygon","coordinates":[[[143.901950359033,-37.4214057700799,0],[143.901913245912,-37.4213406611087,0],[143.902059856642,-37.4212874536261,0],[143.902096970962,-37.4213525634859,0],[143.901950359033,-37.4214057700799,0]]]},"properties":{"OBJECTID":363,"building_number":"741","address":"BILLO'S LODGE","Extrusion":null,"loc_code":"CRE;741","campus_code":"CRE","GFA_INT":100.16,"GFA_EXT":106.52,"ccLinkList":"CRE;741;0","NO_FLOORS":1,"NAME":"CRESWICK - BILLO'S LODGE","PROP_STATU":"Owned - Freehold"}},{"type":"Feature","id":364,"geometry":{"type":"Polygon","coordinates":[[[143.898616219225,-37.4233573655611,0],[143.898628706835,-37.4234731082899,0],[143.8985547738,-37.4234781803629,0],[143.898542286193,-37.4233624403317,0],[143.898616219225,-37.4233573655611,0]]]},"properties":{"OBJECTID":364,"building_number":"712","address":"WOOD TECHNOLOGY LABORATORY","Extrusion":null,"loc_code":"CRE;712","campus_code":"CRE","GFA_INT":155,"GFA_EXT":162.56,"ccLinkList":"CRE;712;0","NO_FLOORS":2,"NAME":"CRESWICK WOOD TECHNOLOGY LABORATORY","PROP_STATU":"Owned - Freehold"}},{"type":"Feature","id":365,"geometry":{"type":"Polygon","coordinates":[[[143.899513915671,-37.4211997208859,0],[143.899334971548,-37.4211970665543,0],[143.899336957662,-37.4211122659162,0],[143.899515900417,-37.4211149211063,0],[143.899513915671,-37.4211997208859,0]]]},"properties":{"OBJECTID":365,"building_number":"733","address":"HEAD HOUSE","Extrusion":null,"loc_code":"CRE;733","campus_code":"CRE","GFA_INT":134.73,"GFA_EXT":137.14,"ccLinkList":"CRE;733;0","NO_FLOORS":1,"NAME":"CRESWICK HEAD HOUSE","PROP_STATU":"Owned - Freehold"}},{"type":"Feature","id":366,"geometry":{"type":"Polygon","coordinates":[[[143.899578853034,-37.4210886183657,0],[143.899403496577,-37.4210863070108,0],[143.899404633775,-37.4210313253249,0],[143.899579991232,-37.4210336367021,0],[143.899578853034,-37.4210886183657,0]]]},"properties":{"OBJECTID":366,"building_number":"734","address":"GLASSHOUSE (LARGE)","Extrusion":null,"loc_code":"CRE;734","campus_code":"CRE","GFA_INT":85.68,"GFA_EXT":89.85,"ccLinkList":"CRE;734;0","NO_FLOORS":1,"NAME":"CRESWICK GLASSHOUSE (LARGE)","PROP_STATU":"Owned - Freehold"}},{"type":"Feature","id":367,"geometry":{"type":"Polygon","coordinates":[[[143.898496439248,-37.4234950213241,0],[143.898503952837,-37.4235586520877,0],[143.89851843157,-37.4235575645439,0],[143.898522905931,-37.4235957244536,0],[143.898532815452,-37.4236803508751,0],[143.898518449786,-37.4236934755519,0],[143.898523418841,-37.423741462476,0],[143.898468247565,-37.4237455486099,0],[143.898461401195,-37.4236958301583,0],[143.898431733144,-37.4236980577489,0],[143.898397992063,-37.4237005919366,0],[143.898360761638,-37.4237033876783,0],[143.898346710359,-37.4236978431313,0],[143.898337339701,-37.4236939127158,0],[143.898319530862,-37.4236750423543,0],[143.898316293502,-37.4236492545379,0],[143.898332483003,-37.4236376257417,0],[143.898331627403,-37.4236283316682,0],[143.898320874297,-37.4235115523343,0],[143.89836378347,-37.4235075091465,0],[143.898379908761,-37.4234923177842,0],[143.89848106332,-37.4234846205921,0],[143.898496439248,-37.4234950213241,0]]]},"properties":{"OBJECTID":367,"building_number":"710","address":"TREMEARNE HOUSE","Extrusion":null,"loc_code":"CRE;710","campus_code":"CRE","GFA_INT":475.04,"GFA_EXT":560.7,"ccLinkList":"CRE;710;0","NO_FLOORS":3,"NAME":"CRESWICK - TREMEARNE HOUSE","PROP_STATU":"Owned - Freehold"}},{"type":"Feature","id":368,"geometry":{"type":"Polygon","coordinates":[[[143.899007268566,-37.4213718736992,0],[143.898867918377,-37.4214283990677,0],[143.89883951101,-37.4213838522354,0],[143.898870874446,-37.4213712378086,0],[143.898825406723,-37.4212993319154,0],[143.898912794875,-37.4212641824187,0],[143.898954145741,-37.4213295792596,0],[143.898975212866,-37.4213211779796,0],[143.899007268566,-37.4213718736992,0]]]},"properties":{"OBJECTID":368,"building_number":"738","address":"RESIDENCE","Extrusion":null,"loc_code":"CRE;738","campus_code":"CRE","GFA_INT":151,"GFA_EXT":174.16,"ccLinkList":"CRE;738;0","NO_FLOORS":1,"NAME":"CRESWICK RESIDENCE (managed by BS)","PROP_STATU":"Owned - Freehold"}},{"type":"Feature","id":369,"geometry":{"type":"Polygon","coordinates":[[[143.899354263818,-37.421065160256,0],[143.899272021579,-37.4210642165434,0],[143.899272904424,-37.4210152903184,0],[143.899355144315,-37.4210162348687,0],[143.899354263818,-37.421065160256,0]]]},"properties":{"OBJECTID":369,"building_number":"735","address":"GLASSHOUSE (SMALL)","Extrusion":null,"loc_code":"CRE;735","campus_code":"CRE","GFA_INT":32.46,"GFA_EXT":35.44,"ccLinkList":"CRE;735;0","NO_FLOORS":1,"NAME":"CRESWICK GLASSHOUSE (SMALL)","PROP_STATU":"Owned - Freehold"}},{"type":"Feature","id":370,"geometry":{"type":"Polygon","coordinates":[[[143.899227320537,-37.4210899486125,0],[143.899162015619,-37.4210885818167,0],[143.899162027583,-37.4210203029136,0],[143.899227873021,-37.4210217379614,0],[143.899227320537,-37.4210899486125,0]]]},"properties":{"OBJECTID":370,"building_number":"736","address":"CANNON SHED","Extrusion":null,"loc_code":"CRE;736","campus_code":"CRE","GFA_INT":47.77,"GFA_EXT":51.35,"ccLinkList":"CRE;736;0","NO_FLOORS":1,"NAME":"CRESWICK CANNON SHED","PROP_STATU":"Owned - Freehold"}},{"type":"Feature","id":371,"geometry":{"type":"Polygon","coordinates":[[[143.899039370701,-37.4211563439592,0],[143.898900472932,-37.4211825976101,0],[143.898883903728,-37.4211275483606,0],[143.899022803691,-37.4211012938839,0],[143.899039370701,-37.4211563439592,0]]]},"properties":{"OBJECTID":371,"building_number":"737","address":"PYROLYSIS SHED","Extrusion":null,"loc_code":"CRE;737","campus_code":"CRE","GFA_INT":68.44,"GFA_EXT":75.05,"ccLinkList":"CRE;737;0","NO_FLOORS":1,"NAME":"CRESWICK PYROLYSIS SHED","PROP_STATU":"Owned - Freehold"}},{"type":"Feature","id":372,"geometry":{"type":"Polygon","coordinates":[[[143.901079134872,-37.4228876098209,0],[143.901076118829,-37.4228607340164,0],[143.901077468366,-37.4228606369762,0],[143.901077450518,-37.4228606040707,0],[143.901163562989,-37.4228544560801,0],[143.901167443658,-37.4228890196414,0],[143.90139548919,-37.4228727368039,0],[143.901410945976,-37.4230104081314,0],[143.90134064786,-37.4230154277632,0],[143.901343214474,-37.4230383020046,0],[143.901109827068,-37.4230549653593,0],[143.901104741059,-37.4230096641184,0],[143.901092930879,-37.4230105066437,0],[143.901079134872,-37.4228876098209,0]]]},"properties":{"OBJECTID":372,"building_number":"754","address":"GYMNASIUM","Extrusion":null,"loc_code":"CRE;754","campus_code":"CRE","GFA_INT":460.11,"GFA_EXT":476.81,"ccLinkList":"CRE;754;0","NO_FLOORS":1,"NAME":"CRESWICK COMMUNITY GYMNASIUM (managed by BS)","PROP_STATU":"Owned - Freehold"}},{"type":"Feature","id":373,"geometry":{"type":"Polygon","coordinates":[[[143.899266858804,-37.4218549490999,0],[143.899429160974,-37.4218214227642,0],[143.899420668229,-37.4217952672322,0],[143.899486248115,-37.4217817200438,0],[143.89949474423,-37.421807876561,0],[143.899644091837,-37.4217770255811,0],[143.899647899776,-37.4217887515468,0],[143.899655004286,-37.4217872828571,0],[143.899673408497,-37.4218439560815,0],[143.899501774639,-37.4218794561102,0],[143.899466583773,-37.421886727122,0],[143.899348552646,-37.4219111071179,0],[143.899355802821,-37.421933426781,0],[143.899296333664,-37.4219457116006,0],[143.899266858804,-37.4218549490999,0]]]},"properties":{"OBJECTID":373,"building_number":"726","address":"STUDENT RECREATION CENTRE","Extrusion":null,"loc_code":"CRE;726","campus_code":"CRE","GFA_INT":236.68,"GFA_EXT":307,"ccLinkList":"CRE;726;0","NO_FLOORS":1,"NAME":"CRESWICK RECREATION CENTRE (managed by BS)","PROP_STATU":"Owned - Freehold"}},{"type":"Feature","id":374,"geometry":{"type":"Polygon","coordinates":[[[143.899806428125,-37.4223420319115,0],[143.899872142041,-37.4223489549513,0],[143.899857389511,-37.422424575961,0],[143.899793017959,-37.4224149904629,0],[143.899806428125,-37.4223420319115,0]]]},"properties":{"OBJECTID":374,"building_number":"747","address":"STORAGE CAGE","Extrusion":null,"loc_code":"CRE;747","campus_code":"CRE","GFA_INT":29.59,"GFA_EXT":33.12,"ccLinkList":"CRE;747;0","NO_FLOORS":1,"NAME":"CRESWICK STORAGE CAGE LAB SUPPORT","PROP_STATU":"Owned - Freehold"}},{"type":"Feature","id":375,"geometry":{"type":"Polygon","coordinates":[[[144.969508327119,-37.824360368706,0],[144.969513064125,-37.8243708337429,0],[144.969511865261,-37.8243711753399,0],[144.969512374115,-37.8243722988695,0],[144.969513572979,-37.8243719572726,0],[144.969528256619,-37.8244043887741,0],[144.96952705662,-37.8244047303516,0],[144.969527565449,-37.8244058547819,0],[144.969528765449,-37.8244055132044,0],[144.969543251934,-37.8244375114433,0],[144.969654569722,-37.8244058019865,0],[144.969653434207,-37.8244032933584,0],[144.969658776981,-37.8244017714882,0],[144.969644798147,-37.8243708976724,0],[144.969645998145,-37.8243705560937,0],[144.969645489314,-37.8243694316638,0],[144.969644289316,-37.8243697732425,0],[144.969631643223,-37.8243418395128,0],[144.969632842086,-37.8243414979146,0],[144.969632333255,-37.8243403734847,0],[144.969631133257,-37.8243407150633,0],[144.9696176259,-37.8243108785171,0],[144.969643464929,-37.8243035181293,0],[144.969643895579,-37.8243044690864,0],[144.969645313136,-37.8243040654737,0],[144.969644882512,-37.8243031136158,0],[144.969680098277,-37.8242930825257,0],[144.969680528927,-37.8242940334828,0],[144.969681946484,-37.8242936298696,0],[144.969681515834,-37.8242926789125,0],[144.969707356012,-37.8242853176292,0],[144.969720863401,-37.8243151541661,0],[144.969719664539,-37.8243154957652,0],[144.969720173371,-37.8243166201947,0],[144.969721372233,-37.8243162785956,0],[144.969734019492,-37.8243442123363,0],[144.969732820629,-37.8243445539355,0],[144.969733329461,-37.824345678365,0],[144.969734528324,-37.8243453367658,0],[144.969748507167,-37.8243762114728,0],[144.969753848801,-37.8243746895785,0],[144.969754984343,-37.824377197305,0],[144.969861831726,-37.824346760523,0],[144.969821894169,-37.8242585479137,0],[144.969857219819,-37.8242484853212,0],[144.969800210769,-37.8241225669414,0],[144.969856468826,-37.8241065408452,0],[144.969847228156,-37.8240861311942,0],[144.969921258286,-37.8240650432085,0],[144.96999952772,-37.8242379215766,0],[144.969976196392,-37.8242445673927,0],[144.969976979468,-37.8242462976337,0],[144.969975234427,-37.8242467947333,0],[144.969996103695,-37.8242928892139,0],[144.970016383502,-37.8242871126832,0],[144.970015442876,-37.8242850372793,0],[144.970019259287,-37.8242839504773,0],[144.970020198778,-37.8242860258616,0],[144.970056505717,-37.8242756836415,0],[144.970060890373,-37.8242853693738,0],[144.970066124339,-37.8242838789523,0],[144.970081590202,-37.8243180388112,0],[144.970076356209,-37.824319530134,0],[144.970083914044,-37.824336221341,0],[144.970089146902,-37.8243347299983,0],[144.970113070429,-37.8243875710486,0],[144.970107837567,-37.8243890623922,0],[144.970111753069,-37.8243977099905,0],[144.970025075645,-37.8244224010163,0],[144.970024136153,-37.824420325632,0],[144.970005273867,-37.8244256985459,0],[144.970006213334,-37.824427774831,0],[144.96991081404,-37.8244549504275,0],[144.969903922593,-37.8244397297032,0],[144.969688047357,-37.8245012234989,0],[144.969689378932,-37.8245041644671,0],[144.969684036151,-37.8245056863385,0],[144.969694999379,-37.8245299016304,0],[144.969693800514,-37.8245302432291,0],[144.969694309346,-37.8245313676588,0],[144.969695508236,-37.8245310251593,0],[144.96970666753,-37.8245556727906,0],[144.969669052748,-37.8245663879628,0],[144.969668622097,-37.8245654370058,0],[144.969667204534,-37.8245658406186,0],[144.969667635186,-37.8245667915757,0],[144.969630020393,-37.8245775067351,0],[144.969618861123,-37.8245528590972,0],[144.969620061125,-37.8245525175189,0],[144.969619552293,-37.8245513930889,0],[144.969618352291,-37.8245517346672,0],[144.969607389086,-37.8245275193689,0],[144.969602047438,-37.824529041256,0],[144.969600285191,-37.8245251502304,0],[144.969605627975,-37.8245236283629,0],[144.969594625107,-37.8244993267677,0],[144.969580669299,-37.8245033017929,0],[144.969575658013,-37.8244922318458,0],[144.969533245513,-37.8245043133258,0],[144.969580074231,-37.8246077467653,0],[144.969455345293,-37.8246432765362,0],[144.96944324773,-37.8246165535145,0],[144.969444446598,-37.8246162119184,0],[144.969443937769,-37.8246150874878,0],[144.969442737765,-37.8246154290643,0],[144.969431501483,-37.8245906088579,0],[144.969432700351,-37.824590267262,0],[144.969432191522,-37.8245891428313,0],[144.969430991518,-37.8245894844077,0],[144.969419755244,-37.8245646642003,0],[144.969420954111,-37.8245643226044,0],[144.969420445282,-37.8245631981737,0],[144.96941924528,-37.8245635397499,0],[144.969408009037,-37.8245387186408,0],[144.969409207904,-37.8245383770451,0],[144.969408699051,-37.824537253515,0],[144.969407499049,-37.8245375950912,0],[144.969396262814,-37.8245127739811,0],[144.96939746168,-37.8245124323854,0],[144.969396952852,-37.8245113079546,0],[144.96939575285,-37.8245116495307,0],[144.96934794644,-37.82440605436,0],[144.969508327119,-37.824360368706,0]]]},"properties":{"OBJECTID":375,"building_number":"862","address":"204 St Kilda Road, SOUTHBANK 3006","Extrusion":null,"loc_code":"STH;862","campus_code":"STH","GFA_INT":4388.35,"GFA_EXT":4424.07,"ccLinkList":"STH;862;1,STH;862;2,STH;862;3,STH;862;4,STH;862;5","NO_FLOORS":5,"NAME":"MUSIC BUILDING","PROP_STATU":"Crown Land - UoM is CoM"}},{"type":"Feature","id":376,"geometry":{"type":"Polygon","coordinates":[[[144.969739816987,-37.8240310727447,0],[144.969739346692,-37.8240300345914,0],[144.969738256602,-37.8240303456241,0],[144.969738786884,-37.8240315163835,0],[144.96970117134,-37.824042227952,0],[144.969700642119,-37.8240410599143,0],[144.969699552029,-37.8240413709467,0],[144.969700082311,-37.8240425417062,0],[144.969685309015,-37.8240467504713,0],[144.969692765966,-37.8240632218787,0],[144.969663383132,-37.8240715917633,0],[144.969678202781,-37.8241043256845,0],[144.969604991241,-37.8241251807106,0],[144.969641405172,-37.824205609554,0],[144.969599429103,-37.8242175670149,0],[144.969598899883,-37.8242163989768,0],[144.969597809789,-37.8242167100081,0],[144.969598339034,-37.8242178771454,0],[144.969560179365,-37.8242287478035,0],[144.969559650146,-37.8242275797652,0],[144.969558560052,-37.8242278907962,0],[144.969559088161,-37.8242290579141,0],[144.969520765873,-37.8242399753194,0],[144.969520236654,-37.824238807281,0],[144.96951914656,-37.8242391183116,0],[144.969519674668,-37.8242402854296,0],[144.969478026048,-37.8242521493645,0],[144.96946044583,-37.8242133191206,0],[144.969439403398,-37.8242193131034,0],[144.969439599454,-37.8242197454442,0],[144.969436329221,-37.824220676732,0],[144.969436133165,-37.8242202443912,0],[144.969381946311,-37.8242356805906,0],[144.969364209787,-37.8241965033879,0],[144.969362355975,-37.8241970310447,0],[144.969361181915,-37.8241944370386,0],[144.969363034591,-37.8241939093622,0],[144.969339523027,-37.8241419764454,0],[144.969345410834,-37.8241402990746,0],[144.969344431694,-37.8241381373896,0],[144.969347703085,-37.8241372052231,0],[144.969348681089,-37.8241393668884,0],[144.96939370982,-37.8241265402636,0],[144.969392730679,-37.824124378579,0],[144.969394802072,-37.8241237879874,0],[144.969388361796,-37.824109561802,0],[144.969388089261,-37.8241096400098,0],[144.969340203779,-37.8240038713445,0],[144.969443780548,-37.823974366215,0],[144.969444308628,-37.8239755342342,0],[144.969445398719,-37.8239752232042,0],[144.969444870614,-37.8239740560859,0],[144.969483030165,-37.8239631854614,0],[144.969483558246,-37.8239643534803,0],[144.969485194492,-37.8239638878552,0],[144.969485253442,-37.8239640168388,0],[144.969522485475,-37.823953411372,0],[144.96952242655,-37.8239532814877,0],[144.96952460784,-37.8239526603467,0],[144.969524666765,-37.823952790231,0],[144.96956173507,-37.8239422305914,0],[144.96956167728,-37.8239421007267,0],[144.96956331239,-37.8239416350809,0],[144.969562783172,-37.8239404670427,0],[144.969580610248,-37.8239353890537,0],[144.969571408209,-37.8239150656596,0],[144.969633772602,-37.8238973011693,0],[144.969646222571,-37.8239248025582,0],[144.969685963362,-37.8239134815124,0],[144.969686492581,-37.8239146495501,0],[144.96968758267,-37.8239143385179,0],[144.969687053426,-37.8239131713809,0],[144.969725212913,-37.8239023006759,0],[144.969725742133,-37.8239034687135,0],[144.969726832221,-37.8239031576808,0],[144.969726304112,-37.8239019905636,0],[144.969764463588,-37.8238911198456,0],[144.969764991673,-37.8238922878634,0],[144.969766081761,-37.8238919768304,0],[144.969765553651,-37.8238908097133,0],[144.969840291256,-37.8238695194958,0],[144.969864077361,-37.8239220572344,0],[144.969830988108,-37.8239314834134,0],[144.969842381958,-37.8239566496493,0],[144.969840910568,-37.8239570694586,0],[144.969841301548,-37.8239579341194,0],[144.969842772913,-37.8239575152108,0],[144.969860510802,-37.8239966914673,0],[144.969739816987,-37.8240310727447,0]]]},"properties":{"OBJECTID":376,"building_number":"864","address":"204 St Kilda Road, SOUTHBANK 3006","Extrusion":null,"loc_code":"STH;864","campus_code":"STH","GFA_INT":4051.24,"GFA_EXT":4223.46,"ccLinkList":"STH;864;1,STH;864;2,STH;864;3","NO_FLOORS":3,"NAME":"PERFORMING ARTS ST KILDA ROAD","PROP_STATU":"Crown Land - UoM is CoM"}},{"type":"Feature","id":377,"geometry":{"type":"Polygon","coordinates":[[[144.969332180276,-37.8238447340783,0],[144.969307709004,-37.823790681258,0],[144.969414010627,-37.8237604012758,0],[144.969397566093,-37.8237240778524,0],[144.969563830719,-37.8236767155611,0],[144.969572054724,-37.823694877292,0],[144.969656550165,-37.8236708068199,0],[144.969672210642,-37.8237053990476,0],[144.969698376912,-37.8236979460597,0],[144.969682716449,-37.8236633529343,0],[144.969733958943,-37.8236487552772,0],[144.969724365917,-37.8236275672329,0],[144.969779424758,-37.8236118827614,0],[144.969800960068,-37.8236594486668,0],[144.969820039726,-37.8236540137454,0],[144.969823563046,-37.8236617966718,0],[144.96981865658,-37.8236631945021,0],[144.969816894365,-37.8236593025786,0],[144.969800541027,-37.8236639608362,0],[144.969811210664,-37.8236875276175,0],[144.969827565167,-37.8236828684775,0],[144.969824921239,-37.8236770319339,0],[144.969829826569,-37.8236756340838,0],[144.969833156105,-37.8236829847089,0],[144.969835608733,-37.8236822871349,0],[144.969838350123,-37.8236883398385,0],[144.969835896334,-37.8236890382938,0],[144.969847251618,-37.823714118253,0],[144.969849704247,-37.8237134206787,0],[144.969852641697,-37.8237199057222,0],[144.969850186746,-37.8237206050589,0],[144.969863303147,-37.8237495760194,0],[144.969845859706,-37.8237545453166,0],[144.969860543383,-37.8237869767806,0],[144.969750426607,-37.8238183448845,0],[144.969723899255,-37.8237597535186,0],[144.969721991641,-37.8237602964746,0],[144.969715237423,-37.8237453781967,0],[144.969693157737,-37.8237516679496,0],[144.969699422379,-37.8237655053875,0],[144.969610566542,-37.8237908182122,0],[144.969604300805,-37.8237769798498,0],[144.969488733556,-37.8238099010621,0],[144.969493431993,-37.8238202798235,0],[144.969499973582,-37.8238184163623,0],[144.969508587449,-37.8238374418386,0],[144.969427907058,-37.8238604244933,0],[144.969410679414,-37.8238223717279,0],[144.969332180276,-37.8238447340783,0]]]},"properties":{"OBJECTID":377,"building_number":"865","address":"204 St Kilda Road, SOUTHBANK 3006","Extrusion":null,"loc_code":"STH;865","campus_code":"STH","GFA_INT":808.26,"GFA_EXT":960.4,"ccLinkList":"STH;865;0,STH;865;1","NO_FLOORS":2,"NAME":"OLD POLICE HOSPITAL","PROP_STATU":"Crown Land - UoM is CoM"}},{"type":"Feature","id":378,"geometry":{"type":"Polygon","coordinates":[[[144.96939622613,-37.8250834570193,0],[144.969458675977,-37.8252213964671,0],[144.969410157581,-37.8252352172961,0],[144.969410940677,-37.8252369466398,0],[144.969402218766,-37.8252394312492,0],[144.969401825489,-37.8252385674486,0],[144.969396376152,-37.8252401199106,0],[144.969395984061,-37.8252392543282,0],[144.969364911742,-37.8252481059587,0],[144.969365302747,-37.8252489697201,0],[144.969360396167,-37.8252503675276,0],[144.969360005162,-37.8252495037662,0],[144.969352100818,-37.8252517555507,0],[144.969348673831,-37.8252441878518,0],[144.969328504752,-37.8252499337304,0],[144.969331929465,-37.8252575013907,0],[144.969323480089,-37.8252599077867,0],[144.969323872204,-37.8252607724685,0],[144.969318965623,-37.8252621702743,0],[144.969318573507,-37.8252613055923,0],[144.969282048422,-37.8252717095996,0],[144.969282440537,-37.8252725742817,0],[144.969277533954,-37.8252739720857,0],[144.96927714184,-37.8252731074036,0],[144.969240619015,-37.8252835114368,0],[144.969241008858,-37.8252843760798,0],[144.969236102274,-37.825285773882,0],[144.969235712431,-37.825284909239,0],[144.969199186188,-37.8252953132002,0],[144.969199579437,-37.8252961779021,0],[144.969194672852,-37.8252975757025,0],[144.969194279602,-37.8252967110007,0],[144.969157755619,-37.8253071149878,0],[144.969158146597,-37.8253079796507,0],[144.96915324001,-37.8253093774493,0],[144.969152849032,-37.8253085127865,0],[144.969116323927,-37.8253189158401,0],[144.96911671488,-37.8253197814038,0],[144.969111810563,-37.8253211792399,0],[144.969111417339,-37.825320313637,0],[144.969074893309,-37.8253307184985,0],[144.969075284311,-37.8253315822609,0],[144.969070377696,-37.8253329809567,0],[144.969069986719,-37.8253321162937,0],[144.969035641767,-37.8253418990714,0],[144.969036033904,-37.8253427628535,0],[144.969035215197,-37.8253429956526,0],[144.968971981809,-37.8252033275373,0],[144.96897280054,-37.8252030938379,0],[144.968973191491,-37.825203959402,0],[144.969007535274,-37.8251941757202,0],[144.969007144299,-37.825193311057,0],[144.969012050856,-37.825191914165,0],[144.969012441832,-37.8251927788282,0],[144.969048966936,-37.8251823740037,0],[144.969048574849,-37.8251815084203,0],[144.96905348138,-37.8251801124273,0],[144.969053874627,-37.8251809771295,0],[144.969090397449,-37.8251705722527,0],[144.969090006473,-37.8251697075897,0],[144.969094914187,-37.825168309813,0],[144.969095304004,-37.8251691753571,0],[144.969131830221,-37.8251587705258,0],[144.969131438109,-37.8251579058433,0],[144.969136343526,-37.8251565089264,0],[144.969136735638,-37.8251573736089,0],[144.969173260684,-37.8251469696455,0],[144.969172868596,-37.8251461040624,0],[144.969177775148,-37.8251447071633,0],[144.969178167261,-37.8251455718457,0],[144.96921469116,-37.8251351678495,0],[144.969214300207,-37.8251343022861,0],[144.969219206757,-37.8251329053852,0],[144.969219597734,-37.8251337700479,0],[144.969256123894,-37.8251233660776,0],[144.969255730669,-37.8251225004752,0],[144.969260637218,-37.8251211035726,0],[144.969261030467,-37.8251219682743,0],[144.969297554344,-37.8251115642516,0],[144.96929716339,-37.8251106986885,0],[144.969302068801,-37.8251093017645,0],[144.969302460916,-37.8251101664465,0],[144.969333533207,-37.8251013139301,0],[144.969333142203,-37.8251004501686,0],[144.969338593827,-37.8250988968476,0],[144.969338201713,-37.8250980321658,0],[144.969346924745,-37.8250955475803,0],[144.969347706679,-37.8250972778055,0],[144.96939622613,-37.8250834570193,0]]]},"properties":{"OBJECTID":378,"building_number":"872","address":"19 Grant St, SOUTHBANK 3006","Extrusion":null,"loc_code":"STH;872","campus_code":"STH","GFA_INT":699.14,"GFA_EXT":762.55,"ccLinkList":"STH;872;0,STH;872;1","NO_FLOORS":2,"NAME":"GRANT STREET THEATRE & LIONEL'S CAFE","PROP_STATU":"Crown Land - UoM is CoM"}},{"type":"Feature","id":379,"geometry":{"type":"Polygon","coordinates":[[[144.969588066229,-37.8246935259863,0],[144.969588222616,-37.8246938720311,0],[144.969631289037,-37.8246816044523,0],[144.969631132625,-37.8246812593083,0],[144.969640399513,-37.8246786191639,0],[144.969640558171,-37.8246789652478,0],[144.96968362344,-37.8246666976297,0],[144.969683465941,-37.8246663506647,0],[144.969718409389,-37.8246563959754,0],[144.969732133294,-37.8246867084597,0],[144.969731697036,-37.8246868325084,0],[144.969747162794,-37.8247209933077,0],[144.969747599051,-37.824720869259,0],[144.969760324564,-37.8247489764699,0],[144.969759888282,-37.8247491014195,0],[144.969775355249,-37.8247832604336,0],[144.969775791507,-37.8247831363847,0],[144.969789514321,-37.8248134488435,0],[144.969781285976,-37.8248157932988,0],[144.969786521244,-37.8248273564377,0],[144.969791533149,-37.8248259279859,0],[144.969816420379,-37.8248593140142,0],[144.969789925276,-37.8248716204897,0],[144.96972597418,-37.824889837115,0],[144.969730102084,-37.8249018434636,0],[144.969730773925,-37.8249017045526,0],[144.969731311619,-37.8249033512603,0],[144.969729375018,-37.824903748627,0],[144.969737808892,-37.824929181943,0],[144.969738304695,-37.8249290408975,0],[144.969738891737,-37.824930337899,0],[144.969738395935,-37.8249304789444,0],[144.969752289394,-37.8249543581555,0],[144.969754101675,-37.8249536882921,0],[144.96975500695,-37.8249552295925,0],[144.969754377989,-37.824955462064,0],[144.969760822378,-37.8249668072426,0],[144.969824773533,-37.8249485906002,0],[144.969837464088,-37.8249469674257,0],[144.969837605492,-37.824947694409,0],[144.969847337081,-37.8249465050433,0],[144.969847200762,-37.824945799776,0],[144.969855105531,-37.8249448159186,0],[144.969862661984,-37.8249830316874,0],[144.969857650094,-37.8249844592413,0],[144.969863041797,-37.8249963675208,0],[144.969886548549,-37.8249896724874,0],[144.969884331597,-37.8249809397211,0],[144.969880629963,-37.8249598866194,0],[144.969878535196,-37.8249386945072,0],[144.969878051959,-37.8249174418673,0],[144.969880136432,-37.8249174111228,0],[144.969880275053,-37.8249235045571,0],[144.969946692612,-37.8249045842024,0],[144.969941911904,-37.8248998147586,0],[144.969943544316,-37.8248987849255,0],[144.969960218574,-37.8249154260577,0],[144.96997559826,-37.8249328333949,0],[144.969983363847,-37.8249428567883,0],[144.970003731485,-37.8249329282595,0],[144.97002638358,-37.8249717647655,0],[144.97004025184,-37.8249666752274,0],[144.970052339956,-37.8249893580574,0],[144.970052609855,-37.8249899151313,0],[144.970062680084,-37.8250128939002,0],[144.970062904165,-37.825013464603,0],[144.970071060732,-37.8250369159362,0],[144.970071236823,-37.8250374966257,0],[144.970077519916,-37.8250616122658,0],[144.970068387603,-37.8250628642508,0],[144.970068881119,-37.8250651284016,0],[144.969995811251,-37.8250751440605,0],[144.969997871046,-37.8250862541191,0],[144.969961969024,-37.8250964816383,0],[144.96996267395,-37.8250980375062,0],[144.969958039954,-37.8250993562295,0],[144.969957883564,-37.8250990101853,0],[144.969923758611,-37.8251087330352,0],[144.969923915,-37.8251090790795,0],[144.969914646931,-37.8251117192252,0],[144.969914490542,-37.8251113731808,0],[144.969884507303,-37.8251199138986,0],[144.969884664828,-37.8251202599626,0],[144.969875396756,-37.8251229001052,0],[144.969875240367,-37.8251225540607,0],[144.96984525712,-37.8251310947682,0],[144.969845413509,-37.8251314408127,0],[144.96983614657,-37.8251340809716,0],[144.969835990181,-37.8251337349271,0],[144.9698067157,-37.8251420742676,0],[144.969806872113,-37.8251424194114,0],[144.969797605172,-37.8251450595672,0],[144.969797077053,-37.8251438924503,0],[144.969780722246,-37.8251485506749,0],[144.969781250339,-37.8251497186927,0],[144.96973611227,-37.8251625760144,0],[144.969734671271,-37.8251601864816,0],[144.969708478736,-37.8251648895315,0],[144.969709945453,-37.8251700298951,0],[144.969679144577,-37.8251788042834,0],[144.969678205086,-37.8251767288967,0],[144.969651983307,-37.8251841980376,0],[144.969650651723,-37.825181257069,0],[144.969624431051,-37.825188727124,0],[144.969620516729,-37.8251800786299,0],[144.969594457554,-37.8251875009975,0],[144.969592191865,-37.8251824955478,0],[144.96955491949,-37.8251870480389,0],[144.969549405435,-37.8251588389802,0],[144.96951802972,-37.8251677773394,0],[144.969518825671,-37.8251718977221,0],[144.969502442562,-37.825173898755,0],[144.969497854468,-37.8251637607096,0],[144.969498289593,-37.8251636366422,0],[144.969479496581,-37.8251221252183,0],[144.969479059185,-37.8251222492464,0],[144.969470210598,-37.8251027051507,0],[144.969470907968,-37.8251025054016,0],[144.969456461068,-37.8250705934503,0],[144.969455762588,-37.8250707922789,0],[144.969413279853,-37.824976958272,0],[144.969413717248,-37.8249768342441,0],[144.969393746897,-37.824932726942,0],[144.969393310638,-37.8249328509894,0],[144.969389415587,-37.8249242469776,0],[144.969373159255,-37.8249288780069,0],[144.969310130811,-37.8248954864925,0],[144.969277538927,-37.8249336649732,0],[144.969258071007,-37.8249211308793,0],[144.969241622607,-37.8249061201663,0],[144.969228685771,-37.8248890847008,0],[144.969219645331,-37.8248705330761,0],[144.969214775695,-37.824851023348,0],[144.969243261329,-37.8248475450046,0],[144.969225719244,-37.8247571780741,0],[144.969340338841,-37.824743178096,0],[144.969340797094,-37.8247431220163,0],[144.969482190083,-37.8247258519036,0],[144.969554418677,-37.8247052764981,0],[144.969553551007,-37.8247033582523,0],[144.969588066229,-37.8246935259863,0]]]},"properties":{"OBJECTID":379,"building_number":"861","address":"17 Grant St, SOUTHBANK 3006","Extrusion":null,"loc_code":"STH;861","campus_code":"STH","GFA_INT":4321.4,"GFA_EXT":4501.16,"ccLinkList":"STH;861;1,STH;861;2,STH;861;3","NO_FLOORS":3,"NAME":"FILM & TELEVISION BUILDING","PROP_STATU":"Crown Land - UoM is CoM"}},{"type":"Feature","id":380,"geometry":{"type":"MultiPolygon","coordinates":[[[[144.968775636003,-37.8252007963854,0],[144.968731969117,-37.8251040201039,0],[144.968789779218,-37.8250876112738,0],[144.968790942952,-37.8250902087117,0],[144.968810575586,-37.8250846357077,0],[144.968809411851,-37.8250820382699,0],[144.968951200807,-37.8250417767445,0],[144.968952364546,-37.825044374181,0],[144.968971452103,-37.8250389566619,0],[144.968970288363,-37.8250363592255,0],[144.968979469433,-37.8250337437877,0],[144.968983485314,-37.8250325937741,0],[144.968989915095,-37.8250307518447,0],[144.96900429764,-37.8250266319542,0],[144.969011233567,-37.8250246446539,0],[144.969024648497,-37.8250208018522,0],[144.969037028245,-37.8250172557022,0],[144.969055861814,-37.8250118608231,0],[144.96907380563,-37.8250067209454,0],[144.969092183456,-37.8250014560788,0],[144.969102341684,-37.8249985465815,0],[144.969111686886,-37.8249958699811,0],[144.969116242114,-37.8249945652524,0],[144.969128581788,-37.8249910301166,0],[144.969149651744,-37.8249849943124,0],[144.969152769872,-37.8249841009623,0],[144.969156944927,-37.8249829050248,0],[144.969159697768,-37.8249821162182,0],[144.969162321054,-37.8249813702355,0],[144.969164598804,-37.8249807129161,0],[144.969168142921,-37.8249796971443,0],[144.969171413191,-37.8249787658651,0],[144.969172588391,-37.8249813598926,0],[144.969182404681,-37.8249785733583,0],[144.96918122948,-37.8249759793309,0],[144.969202498326,-37.8249699406395,0],[144.96924681551,-37.8250670109399,0],[144.969234817885,-37.8250704186138,0],[144.96923365416,-37.825067820279,0],[144.969214021559,-37.8250733933547,0],[144.969215185284,-37.8250759916897,0],[144.969136655765,-37.8250982920856,0],[144.969135493154,-37.8250956946703,0],[144.969102771684,-37.8251049854952,0],[144.96910393543,-37.8251075829304,0],[144.969098480641,-37.825109127174,0],[144.969097316896,-37.8251065297388,0],[144.969077687436,-37.8251121118574,0],[144.96907885118,-37.8251147092928,0],[144.968952330101,-37.8251506311532,0],[144.96895116636,-37.8251480337166,0],[144.968942440125,-37.8251505101068,0],[144.968943603866,-37.8251531075434,0],[144.968843806396,-37.8251814464004,0],[144.968842642658,-37.8251788489629,0],[144.968833371386,-37.8251814799558,0],[144.968834535098,-37.8251840782942,0],[144.968775636003,-37.8252007963854,0]]]]},"properties":{"OBJECTID":380,"building_number":"871","address":"19 Grant St, SOUTHBANK 3006","Extrusion":null,"loc_code":"STH;871","campus_code":"STH","GFA_INT":512.19,"GFA_EXT":538.19,"ccLinkList":"STH;871;0","NO_FLOORS":1,"NAME":"RED SHED","PROP_STATU":"Crown Land - UoM is CoM"}},{"type":"Feature","id":381,"geometry":{"type":"Polygon","coordinates":[[[144.969208291901,-37.8237580552881,0],[144.969241826868,-37.8238305502112,0],[144.969258542101,-37.8238256648699,0],[144.96930066691,-37.8239234921819,0],[144.969282136168,-37.8239284192105,0],[144.969293945285,-37.8239553391378,0],[144.969184878532,-37.8239866383035,0],[144.969133897093,-37.8238836629682,0],[144.969110574717,-37.8238906881626,0],[144.969091258394,-37.8238500913529,0],[144.969113786337,-37.8238430353365,0],[144.969090047491,-37.8237914877576,0],[144.969208291901,-37.8237580552881,0]]]},"properties":{"OBJECTID":381,"building_number":"866","address":"170 Southbank Boulevard, SOUTHBANK 3006","Extrusion":null,"loc_code":"STH;866","campus_code":"STH","GFA_INT":227.97,"GFA_EXT":246.38,"ccLinkList":"STH;866;0","NO_FLOORS":1,"NAME":"WILIN CENTRE","PROP_STATU":"Crown Land - UoM is CoM"}},{"type":"Feature","id":382,"geometry":{"type":"Polygon","coordinates":[[[144.969044217582,-37.8238230593149,0],[144.969052047145,-37.8238403545552,0],[144.969073852075,-37.8238341439935,0],[144.969129002715,-37.8239538260657,0],[144.969073409198,-37.8239710555319,0],[144.969091856259,-37.8240125700662,0],[144.969079172028,-37.8240164957741,0],[144.969084611104,-37.8240292799473,0],[144.96903978044,-37.8240422585646,0],[144.968944475604,-37.8238422730384,0],[144.969005020866,-37.8238234844058,0],[144.969009327155,-37.8238329976009,0],[144.969044217582,-37.8238230593149,0]]]},"properties":{"OBJECTID":382,"building_number":"867","address":"168 Southbank Boulevard, SOUTHBANK 3006","Extrusion":null,"loc_code":"STH;867","campus_code":"STH","GFA_INT":152.21,"GFA_EXT":162.01,"ccLinkList":"STH;867;0","NO_FLOORS":1,"NAME":"BUILDING 867","PROP_STATU":"Crown Land - UoM is CoM"}},{"type":"Feature","id":383,"geometry":{"type":"Polygon","coordinates":[[[144.968208935002,-37.8246809313425,0],[144.968206047961,-37.8246855360901,0],[144.968202098332,-37.8246896142375,0],[144.968197235669,-37.8246930151659,0],[144.968191640678,-37.8246956122242,0],[144.968185519393,-37.8246973080365,0],[144.968179103028,-37.8246980399058,0],[144.968172627512,-37.8246977803625,0],[144.968152228526,-37.8246944310182,0],[144.968134624,-37.8247226160543,0],[144.968139115701,-37.8247238759126,0],[144.968140427301,-37.8247543834999,0],[144.96813061613,-37.8247996045694,0],[144.968145530238,-37.8248024483257,0],[144.968135270815,-37.824836301446,0],[144.968179622547,-37.8248553048315,0],[144.968179060472,-37.8248571578605,0],[144.968134708739,-37.8248381544748,0],[144.968089194087,-37.8248370697943,0],[144.968065922141,-37.824832632699,0],[144.968064899059,-37.8248360088677,0],[144.968018263638,-37.8248271168621,0],[144.968020724446,-37.8248189991921,0],[144.967995038859,-37.8248050148315,0],[144.967987793308,-37.8248142719146,0],[144.967947954043,-37.8248501125521,0],[144.967915540246,-37.8248903889535,0],[144.967875699769,-37.8249262295443,0],[144.967863924944,-37.8249650823361,0],[144.967838121321,-37.8249601626262,0],[144.967659004863,-37.8248349508528,0],[144.967692767181,-37.8248045773827,0],[144.967644359706,-37.8247953464393,0],[144.967652921726,-37.8247670937043,0],[144.967568656525,-37.8247510256459,0],[144.96756493385,-37.8247633110856,0],[144.967532620419,-37.8247571488597,0],[144.967531944488,-37.8247593829194,0],[144.967529690884,-37.8247589529057,0],[144.96762444614,-37.8244462948014,0],[144.967626698599,-37.8244467247934,0],[144.967624478748,-37.8244540508771,0],[144.967694594751,-37.8244674207578,0],[144.967694541004,-37.8244675991639,0],[144.967700172748,-37.8244686732496,0],[144.967700226495,-37.8244684948435,0],[144.967741056977,-37.8244762801609,0],[144.967744387305,-37.8244652910414,0],[144.967780431421,-37.8244721637452,0],[144.967777101097,-37.8244831528657,0],[144.967839613211,-37.8244950729922,0],[144.967839559563,-37.8244952477954,0],[144.967845191336,-37.8244963209736,0],[144.967845246218,-37.824496142587,0],[144.967963512974,-37.8245186981838,0],[144.967963460462,-37.8245188730066,0],[144.967969092239,-37.824519946179,0],[144.967969144726,-37.8245197722569,0],[144.96805080819,-37.8245353391304,0],[144.968050753308,-37.8245355175171,0],[144.968056385063,-37.8245365915861,0],[144.968056439944,-37.8245364131994,0],[144.968058692434,-37.8245368422825,0],[144.968039914917,-37.8245988029309,0],[144.968065821249,-37.8246037432928,0],[144.968069355116,-37.8245920835975,0],[144.968074986875,-37.8245931576658,0],[144.968079847383,-37.8245771195263,0],[144.968082099849,-37.8245775495099,0],[144.968073516834,-37.8246058704059,0],[144.968158837168,-37.8246375637636,0],[144.968173882366,-37.8246307392679,0],[144.96817639101,-37.8246069590944,0],[144.968232316815,-37.8246037770061,0],[144.968208935002,-37.8246809313425,0]]]},"properties":{"OBJECTID":383,"building_number":"879","address":"13 Dodds St, SOUTHBANK 3006","Extrusion":null,"loc_code":"STH;879","campus_code":"STH","GFA_INT":5055.76,"GFA_EXT":5881.49,"ccLinkList":"STH;879;0,STH;879;1,STH;879;2","NO_FLOORS":3,"NAME":"PERFORMING ARTS DODDS STREET","PROP_STATU":"Crown Land - UoM is CoM"}},{"type":"Feature","id":384,"geometry":{"type":"MultiPolygon","coordinates":[[[[144.967770316501,-37.8251934264145,0],[144.967774080479,-37.8251810089403,0],[144.967774149763,-37.8251810224739,0],[144.967770316501,-37.8251934264145,0]]],[[[144.967774930152,-37.8251809533064,0],[144.967774867591,-37.8251811578167,0],[144.967774149763,-37.8251810224739,0],[144.96777421346,-37.825180817964,0],[144.967774930152,-37.8251809533064,0]]],[[[144.966965389827,-37.8259498907879,0],[144.966963652288,-37.8259463836181,0],[144.966791769108,-37.8259180069455,0],[144.966796608227,-37.8258995648169,0],[144.96679547354,-37.8258993770951,0],[144.966804184631,-37.825866181263,0],[144.966803504273,-37.8258660684499,0],[144.966805911883,-37.8258568924319,0],[144.966806593377,-37.8258570052454,0],[144.966811738561,-37.8258373937025,0],[144.966811058203,-37.8258372808894,0],[144.966813465812,-37.8258281048712,0],[144.966814146169,-37.8258282176843,0],[144.966819292486,-37.8258086052402,0],[144.966818612129,-37.8258084924271,0],[144.966821019735,-37.8257993173096,0],[144.966821700093,-37.8257994292217,0],[144.966826846405,-37.825779817678,0],[144.966826167183,-37.8257797057663,0],[144.966828573653,-37.8257705288462,0],[144.966829255145,-37.8257706416595,0],[144.966841954226,-37.8257222416502,0],[144.966841273869,-37.8257221288372,0],[144.96684368147,-37.8257129537189,0],[144.966844362963,-37.8257130647301,0],[144.966849508128,-37.8256934531845,0],[144.966848827771,-37.8256933412726,0],[144.96685123537,-37.825684165253,0],[144.966851915727,-37.8256842780659,0],[144.966864615914,-37.8256358780526,0],[144.966863936693,-37.8256357661412,0],[144.966866343153,-37.8256265892197,0],[144.966867024645,-37.8256267020329,0],[144.966872110633,-37.8256073148182,0],[144.966871431413,-37.8256072029067,0],[144.966873839006,-37.8255980268864,0],[144.966874519362,-37.8255981387982,0],[144.966881871849,-37.8255701161234,0],[144.966886549152,-37.8255708877689,0],[144.96688546507,-37.8255744635388,0],[144.966905880284,-37.8255778335038,0],[144.966905360309,-37.8255798128574,0],[144.966884946231,-37.8255764419917,0],[144.966882045974,-37.8255874892534,0],[144.966908133473,-37.825591796021,0],[144.96689644369,-37.8256363454445,0],[144.96710983144,-37.8256715737436,0],[144.967107612698,-37.8256671032747,0],[144.967106849267,-37.8256673427315,0],[144.967102838507,-37.8256592605635,0],[144.967684837749,-37.8254782275773,0],[144.967740091974,-37.8252959079591,0],[144.96786365115,-37.8253206510345,0],[144.967907864351,-37.8251747630145,0],[144.968050545146,-37.8252019689386,0],[144.968050843166,-37.8252009860268,0],[144.968067513364,-37.8252041646868,0],[144.968044971842,-37.8252785434553,0],[144.968043738358,-37.8252783079658,0],[144.968043373225,-37.8252795125057,0],[144.968041981864,-37.8252792472412,0],[144.968033993302,-37.8253056065748,0],[144.968035384663,-37.8253058727404,0],[144.96803501953,-37.8253070772803,0],[144.968036254151,-37.8253073118691,0],[144.968034276064,-37.825313837286,0],[144.968033041443,-37.8253136026971,0],[144.968024495511,-37.8253417864064,0],[144.968025730132,-37.8253420218963,0],[144.968023334582,-37.8253499311378,0],[144.968022549741,-37.8253497804617,0],[144.968012206564,-37.8253839084893,0],[144.968012995949,-37.8253840591667,0],[144.967937268549,-37.8256339331179,0],[144.967914569124,-37.825654272532,0],[144.967905930575,-37.8256569687172,0],[144.967905803463,-37.8256567127992,0],[144.967888589983,-37.8256620853628,0],[144.967888717094,-37.8256623421818,0],[144.967842363832,-37.8256768133454,0],[144.967842725874,-37.8256775432524,0],[144.967832485484,-37.825680739959,0],[144.967832124576,-37.8256800136563,0],[144.967793557809,-37.8256920532868,0],[144.96779391758,-37.8256927795893,0],[144.967783839641,-37.8256959267804,0],[144.967783478735,-37.8256951986756,0],[144.967752487166,-37.825704872498,0],[144.967752849208,-37.8257056006033,0],[144.967742768993,-37.8257087477904,0],[144.967742406952,-37.8257080187841,0],[144.967711415372,-37.8257176934969,0],[144.967711711587,-37.8257182918405,0],[144.967701631369,-37.8257214390241,0],[144.967701334019,-37.8257208397791,0],[144.967670343564,-37.8257305153826,0],[144.967670640914,-37.8257311137266,0],[144.967660560693,-37.8257342600057,0],[144.967660264478,-37.825733662563,0],[144.967629163816,-37.8257433705621,0],[144.967629268228,-37.8257435832262,0],[144.96761918914,-37.8257467286011,0],[144.967618869091,-37.8257460852008,0],[144.96758787748,-37.8257557589806,0],[144.967588199798,-37.8257564086886,0],[144.967578117302,-37.8257595477521,0],[144.967577799524,-37.8257589061543,0],[144.967546806767,-37.8257685808241,0],[144.967547118869,-37.8257692116084,0],[144.967537039774,-37.8257723578774,0],[144.967536727672,-37.8257717270931,0],[144.967505949617,-37.8257813360374,0],[144.967506254911,-37.8257819515029,0],[144.967496176949,-37.8257850968678,0],[144.967495870519,-37.8257844823028,0],[144.967464505113,-37.8257942730794,0],[144.967464806998,-37.8257948903462,0],[144.967454725624,-37.8257980366076,0],[144.967454363586,-37.8257973057985,0],[144.967423317401,-37.8258069975408,0],[144.967423680576,-37.8258077274492,0],[144.96741360147,-37.8258108746088,0],[144.967413239431,-37.8258101456016,0],[144.967382407951,-37.8258197707176,0],[144.96738276999,-37.8258204988238,0],[144.967372690881,-37.8258236450789,0],[144.967372331113,-37.8258229187752,0],[144.967341284908,-37.8258326095952,0],[144.967341645812,-37.8258333368003,0],[144.967331565563,-37.8258364839526,0],[144.967331205795,-37.8258357585498,0],[144.967300266369,-37.8258454169521,0],[144.967300627273,-37.8258461414544,0],[144.967290549293,-37.8258492886038,0],[144.967290189525,-37.8258485641019,0],[144.967259143298,-37.8258582567025,0],[144.96725950193,-37.8258589803032,0],[144.967249423947,-37.8258621265483,0],[144.967249065314,-37.8258614047495,0],[144.967219365308,-37.8258706751382,0],[144.967219683084,-37.8258713149349,0],[144.967209603962,-37.8258744593742,0],[144.967208997918,-37.8258732410567,0],[144.967195373151,-37.825877494558,0],[144.967195670499,-37.8258780920022,0],[144.967180577941,-37.8258828037095,0],[144.967174638949,-37.8258708332029,0],[144.967157929778,-37.8258760490251,0],[144.967163572557,-37.8258874211875,0],[144.967155487216,-37.8258899453789,0],[144.967155784563,-37.8258905437242,0],[144.966965389827,-37.8259498907879,0]]]]},"properties":{"OBJECTID":384,"building_number":"874","address":"55 Dodds St, SOUTHBANK 3006","Extrusion":null,"loc_code":"STH;874","campus_code":"STH","GFA_INT":6062.6,"GFA_EXT":6291.71,"ccLinkList":"STH;874;1,STH;874;2","NO_FLOORS":2,"NAME":"ART STUDIOS 1","PROP_STATU":"Crown Land - UoM is CoM"}},{"type":"Feature","id":385,"geometry":{"type":"Polygon","coordinates":[[[144.967314913499,-37.8250932613457,0],[144.96770182347,-37.8251670376102,0],[144.96770039068,-37.8251717638727,0],[144.967712810484,-37.8251741320649,0],[144.967633001195,-37.8254374763685,0],[144.967456927483,-37.8254039014183,0],[144.967439730804,-37.8254606408027,0],[144.967367082205,-37.8254467899683,0],[144.967349738939,-37.8255040242561,0],[144.967199125233,-37.8254753087353,0],[144.967314913499,-37.8250932613457,0]]]},"properties":{"OBJECTID":385,"building_number":"875","address":"28-30 Dodds St, SOUTHBANK 3006","Extrusion":null,"loc_code":"STH;875","campus_code":"STH","GFA_INT":1249.02,"GFA_EXT":1274.4,"ccLinkList":"STH;875;0","NO_FLOORS":1,"NAME":"ART STUDIOS 2","PROP_STATU":"Crown Land - UoM is CoM"}},{"type":"Feature","id":386,"geometry":{"type":"Polygon","coordinates":[[[144.96705020444,-37.8250400265572,0],[144.967258132938,-37.8250796753928,0],[144.967259079919,-37.8250765484445,0],[144.967261784475,-37.8250770646515,0],[144.967226776153,-37.8251925784132,0],[144.967224635552,-37.8251921701705,0],[144.967214751718,-37.8252247806593,0],[144.967216891184,-37.8252251888827,0],[144.967128888856,-37.8255155590818,0],[144.966939658481,-37.8254794753153,0],[144.966942094594,-37.8254714347448,0],[144.96692519915,-37.8254682132735,0],[144.966924658172,-37.8254699999733,0],[144.966909005246,-37.8255216409511,0],[144.966929281136,-37.8255255074637,0],[144.966928685273,-37.8255274725495,0],[144.966908410493,-37.8255236069571,0],[144.966907326265,-37.8255271803173,0],[144.966902821266,-37.8255263212049,0],[144.966911324828,-37.8254982666814,0],[144.966910648963,-37.8254981378577,0],[144.966913409923,-37.8254890241911,0],[144.966914086899,-37.8254891539352,0],[144.966919989631,-37.8254696769401,0],[144.966919312632,-37.8254695480968,0],[144.966922075861,-37.8254604344692,0],[144.966922750589,-37.8254605632732,0],[144.966931387953,-37.8254320622733,0],[144.966932515899,-37.8254322773056,0],[144.966947137178,-37.8253840312584,0],[144.966946011504,-37.8253838162654,0],[144.966954513871,-37.8253557626183,0],[144.966953836897,-37.8253556328745,0],[144.966956598956,-37.8253465201268,0],[144.966957275955,-37.8253466489699,0],[144.966963042574,-37.8253276184066,0],[144.966962367847,-37.8253274896028,0],[144.966965128769,-37.8253183768352,0],[144.966965805767,-37.8253185056781,0],[144.96705020444,-37.8250400265572,0]]]},"properties":{"OBJECTID":386,"building_number":"876","address":"99-120 Sturt St, SOUTHBANK 3006","Extrusion":null,"loc_code":"STH;876","campus_code":"STH","GFA_INT":951.61,"GFA_EXT":990.28,"ccLinkList":"STH;876;0","NO_FLOORS":1,"NAME":"ART STUDIOS 3 / STURT ST SERVICE CENTRE","PROP_STATU":"Crown Land - UoM is CoM"}},{"type":"Feature","id":387,"geometry":{"type":"Polygon","coordinates":[[[144.967596182083,-37.8249723616821,0],[144.967605265696,-37.8249741279851,0],[144.967619399829,-37.8249767871208,0],[144.967644626399,-37.8249816203176,0],[144.967677905747,-37.8249877370061,0],[144.967700180629,-37.824992200224,0],[144.967725247075,-37.8249968242705,0],[144.967733344995,-37.8249984086343,0],[144.967699096299,-37.8251020401488,0],[144.967317931455,-37.8250317613976,0],[144.967347603115,-37.8249304535113,0],[144.967305191977,-37.824922879577,0],[144.96727503587,-37.8250233743389,0],[144.96706818174,-37.8249859393476,0],[144.967084397937,-37.8249324354261,0],[144.967085523604,-37.8249326504177,0],[144.967090667982,-37.8249156745951,0],[144.96708954229,-37.8249154605044,0],[144.967099718577,-37.8248818809042,0],[144.967122878663,-37.8248864180916,0],[144.967136758017,-37.8248891693116,0],[144.967155148022,-37.8248925724599,0],[144.967213041117,-37.8249031199829,0],[144.967301364089,-37.8249181715368,0],[144.967413417326,-37.8249394245561,0],[144.967484106667,-37.8249519132022,0],[144.967512373779,-37.8249572314811,0],[144.967554833696,-37.8249646854256,0],[144.967596182083,-37.8249723616821,0]]]},"properties":{"OBJECTID":387,"building_number":"877","address":"45 Sturt St, SOUTHBANK 3006","Extrusion":null,"loc_code":"STH;877","campus_code":"STH","GFA_INT":495.69,"GFA_EXT":532.64,"ccLinkList":"STH;877;0","NO_FLOORS":1,"NAME":"CAFE AND END-OF-TRIP FACILITIES","PROP_STATU":"Crown Land - UoM is CoM"}},{"type":"Feature","id":388,"geometry":{"type":"Polygon","coordinates":[[[144.970113908411,-37.8247580001348,0],[144.97007701598,-37.824676348401,0],[144.969967715508,-37.8247074838422,0],[144.969941968634,-37.8246535614567,0],[144.96987055891,-37.8246739033987,0],[144.969830970494,-37.8245849668627,0],[144.970136929508,-37.8244956701595,0],[144.970167670714,-37.824563568426,0],[144.970145865624,-37.8245697800868,0],[144.970205380116,-37.8247012341597,0],[144.970211921768,-37.8246993706609,0],[144.970224238323,-37.824726570499,0],[144.970240897723,-37.8247633670253,0],[144.970234356067,-37.8247652305256,0],[144.970295393041,-37.8248991800208,0],[144.970319046311,-37.8248921521886,0],[144.97035551531,-37.824969533989,0],[144.970162775477,-37.8250222922503,0],[144.970128783326,-37.8249503024727,0],[144.970139697137,-37.8249472229736,0],[144.97010773775,-37.8248766353191,0],[144.970160741133,-37.8248616542073,0],[144.970113908411,-37.8247580001348,0]]]},"properties":{"OBJECTID":388,"building_number":"860","address":"234 St Kilda Road, SOUTHBANK 3006","Extrusion":null,"loc_code":"STH;860","campus_code":"STH","GFA_INT":2368.65,"GFA_EXT":2703.02,"ccLinkList":"STH;860;0.1,STH;860;1,STH;860;2,STH;860;3","NO_FLOORS":4,"NAME":"SOUTHBANK ELISABETH MURDOCH BUILDING","PROP_STATU":"Crown Land - UoM is CoM"}},{"type":"Feature","id":389,"geometry":{"type":"Polygon","coordinates":[[[144.969119289728,-37.8243146297136,0],[144.969113907818,-37.8243027431979,0],[144.969099406976,-37.8243068736798,0],[144.969064483944,-37.8242297263401,0],[144.969026498999,-37.8241560668896,0],[144.96921629162,-37.8241037985353,0],[144.969250567941,-37.8241796333806,0],[144.969263495655,-37.824174493465,0],[144.969256045184,-37.8241580374634,0],[144.969280685331,-37.824151018749,0],[144.969269688051,-37.824126726232,0],[144.969339738217,-37.8241067721363,0],[144.969393172191,-37.8242294199857,0],[144.96942026616,-37.8242217027971,0],[144.969433878004,-37.8242490503186,0],[144.969462334607,-37.8242409438828,0],[144.969460570359,-37.8242287538966,0],[144.969466962446,-37.8242428738093,0],[144.969444724344,-37.8242572163877,0],[144.969453129271,-37.8243004032812,0],[144.969491674493,-37.8242956952369,0],[144.969500798839,-37.8243371327365,0],[144.969507973676,-37.8243350891474,0],[144.969519191513,-37.8243585095038,0],[144.969418712725,-37.8243871318013,0],[144.969358810844,-37.8244041951729,0],[144.969374981282,-37.8244399118872,0],[144.969406618405,-37.8245097903592,0],[144.969407817271,-37.8245094487635,0],[144.969408326099,-37.8245105731943,0],[144.969407127233,-37.82451091479,0],[144.969418364631,-37.824535735018,0],[144.969419563498,-37.8245353934222,0],[144.969420072326,-37.8245365178529,0],[144.96941887346,-37.8245368594488,0],[144.969430110866,-37.8245616796758,0],[144.969431309733,-37.8245613380799,0],[144.969431818562,-37.8245624625105,0],[144.969430619695,-37.8245628041065,0],[144.969432197602,-37.8245662909323,0],[144.969441857108,-37.8245876243325,0],[144.969443055976,-37.8245872827365,0],[144.969443564805,-37.8245884071671,0],[144.969442365937,-37.8245887487632,0],[144.969453603334,-37.824613569889,0],[144.969454802202,-37.8246132282928,0],[144.969455311056,-37.8246143518226,0],[144.969454112188,-37.8246146934188,0],[144.969465635268,-37.8246381695099,0],[144.969451257461,-37.8246427004759,0],[144.969457968749,-37.8246568231903,0],[144.969420903425,-37.8246675919157,0],[144.969414745118,-37.8246534390848,0],[144.969397183182,-37.8246591578487,0],[144.969403744941,-37.8246721452097,0],[144.969390942659,-37.8246760635067,0],[144.969389207298,-37.8246733057191,0],[144.969384452182,-37.824674816084,0],[144.969385654691,-37.8246772015078,0],[144.969295780416,-37.8247036896684,0],[144.969280862134,-37.8246709503966,0],[144.969201427831,-37.8246950240695,0],[144.969186306577,-37.8246648000701,0],[144.969116387815,-37.8246845400508,0],[144.969085621111,-37.8246183100579,0],[144.969093538505,-37.8246157872617,0],[144.969034569156,-37.8244909620852,0],[144.969027875575,-37.8244930211563,0],[144.968996185328,-37.8244252594319,0],[144.969084041015,-37.8243981310867,0],[144.969063268118,-37.8243530582439,0],[144.969132794784,-37.8243444599669,0],[144.969119289728,-37.8243146297136,0]]]},"properties":{"OBJECTID":389,"building_number":"863","address":"204-234 St Kilda Road, SOUTHBANK 3006","Extrusion":null,"loc_code":"STH;863","campus_code":"STH","GFA_INT":4130.89,"GFA_EXT":4553.11,"ccLinkList":"STH;863;0,STH;863;1,STH;863;2","NO_FLOORS":3,"NAME":"THE HUB","PROP_STATU":"Crown Land - UoM is CoM"}},{"type":"Feature","id":390,"geometry":{"type":"Polygon","coordinates":[[[144.968915262515,-37.8237917853965,0],[144.969050501522,-37.8240893442717,0],[144.968968117869,-37.8241129010118,0],[144.968904434943,-37.8243409677008,0],[144.968582304561,-37.8242725973238,0],[144.968701971233,-37.8238795714106,0],[144.968745194393,-37.8238409826227,0],[144.968915262515,-37.8237917853965,0]]]},"properties":{"OBJECTID":390,"building_number":"868","address":"156 Southbank Boulevard, SOUTHBANK 3006","Extrusion":null,"loc_code":"STH;868","campus_code":"STH","GFA_INT":2124.68,"GFA_EXT":2241.75,"ccLinkList":"STH;868;0,STH;868;1","NO_FLOORS":2,"NAME":"BUXTON CONTEMPORARY","PROP_STATU":"Crown Land - UoM is CoM"}},{"type":"Feature","id":391,"geometry":{"type":"Polygon","coordinates":[[[144.967942295867,-37.8238148701472,0],[144.968124864873,-37.8238491367888,0],[144.968118414886,-37.8238824113156,0],[144.968226939127,-37.8238975791898,0],[144.968320108412,-37.8239124810983,0],[144.968402625742,-37.8239083663697,0],[144.968417830063,-37.823914168249,0],[144.968476340934,-37.8239196089316,0],[144.968481773774,-37.8239252421981,0],[144.96849008892,-37.823927601663,0],[144.968467447482,-37.8239892524033,0],[144.968425867931,-37.8240793797226,0],[144.968424198994,-37.8240893224289,0],[144.968397823678,-37.8241852525124,0],[144.968390873755,-37.8241840241427,0],[144.968381404562,-37.8242237440587,0],[144.968396487457,-37.8242339758257,0],[144.968394240392,-37.8242649573052,0],[144.968346715457,-37.8244279474516,0],[144.968336071432,-37.8244588453111,0],[144.968316062527,-37.8244740417029,0],[144.968286687663,-37.8244735348014,0],[144.96777029135,-37.824371376123,0],[144.967770504404,-37.8243636098686,0],[144.967779153972,-37.8243494313834,0],[144.967812652975,-37.8242555502202,0],[144.967803075217,-37.8242476140705,0],[144.967921434902,-37.8238611324004,0],[144.967921860996,-37.823845598988,0],[144.967942295867,-37.8238148701472,0]]]},"properties":{"OBJECTID":391,"building_number":"887","address":"140 Southbank Boulevard, SOUTHBANK 3006","Extrusion":null,"loc_code":"STH;887","campus_code":"STH","GFA_INT":12719.04,"GFA_EXT":13439.3,"ccLinkList":"STH;887;0,STH;887;1,STH;887;2","NO_FLOORS":3,"NAME":"MELBOURNE THEATRE COMPANY","PROP_STATU":"Owned - Freehold"}},{"type":"Feature","id":392,"geometry":{"type":"Polygon","coordinates":[[[144.969112576118,-37.8240226511538,0],[144.969121206054,-37.8240412533819,0],[144.969050852525,-37.8240617887799,0],[144.96904222258,-37.8240431874479,0],[144.969112576118,-37.8240226511538,0]]]},"properties":{"OBJECTID":392,"building_number":"869","address":"168 Southbank Boulevard, SOUTHBANK 3006","Extrusion":null,"loc_code":"STH;869","campus_code":"STH","GFA_INT":12.33,"GFA_EXT":16.22,"ccLinkList":"STH;869;0","NO_FLOORS":1,"NAME":"SOUTHBANK STORAGE SHED","PROP_STATU":"Crown Land - UoM is CoM"}},{"type":"Feature","id":393,"geometry":{"type":"Polygon","coordinates":[[[144.964529113655,-37.8287114400621,0],[144.965528664899,-37.8288949152232,0],[144.965427106858,-37.8292483093343,0],[144.964433352096,-37.8290626562216,0],[144.964529113655,-37.8287114400621,0]]]},"properties":{"OBJECTID":393,"building_number":"298","address":"252-264 Sturt St, SOUTHBANK 3006","Extrusion":null,"loc_code":"STH;298","campus_code":"STH","GFA_INT":5571.42,"GFA_EXT":7786.82,"ccLinkList":"STH;298;0,STH;298;1,STH;298;2","NO_FLOORS":3,"NAME":"MELBOURNE THEATRE COMPANY","PROP_STATU":"Owned - Freehold"}},{"type":"Feature","id":394,"geometry":{"type":"Polygon","coordinates":[[[144.96762444614,-37.8244462948014,0],[144.967529690884,-37.8247589529057,0],[144.96752408575,-37.8247759144868,0],[144.967143263759,-37.8246999988493,0],[144.967147836833,-37.8246887293121,0],[144.967218303239,-37.8244453950106,0],[144.967251721744,-37.8243437517078,0],[144.967632370631,-37.8244186267378,0],[144.96762444614,-37.8244462948014,0]]]},"properties":{"OBJECTID":394,"building_number":"880","address":"43 Sturt St, SOUTHBANK 3006","Extrusion":null,"loc_code":"STH;880","campus_code":"STH","GFA_INT":10705.66,"GFA_EXT":12892.07,"ccLinkList":"STH;880;0,STH;880;1,STH;880;2,STH;880;3,STH;880;4,STH;880;5,STH;880;6,STH;880;7,STH;880;8,STH;880;9","NO_FLOORS":10,"NAME":"THE IAN POTTER SOUTHBANK CENTRE","PROP_STATU":"Crown Land - Ground Lease to UoM"}},{"type":"Feature","id":395,"geometry":{"type":"Polygon","coordinates":[[[144.968970534341,-37.8252032881487,0],[144.969033953597,-37.8253399891976,0],[144.968382182211,-37.8255302361333,0],[144.968301394961,-37.8255342103588,0],[144.968238432618,-37.82549004136,0],[144.968235171789,-37.8254207072567,0],[144.968567241554,-37.8243219191881,0],[144.968727417947,-37.824352721031,0],[144.968434462888,-37.8253248133316,0],[144.968381540821,-37.8253713947635,0],[144.968432964084,-37.8254074675792,0],[144.968509061644,-37.8253369479763,0],[144.968550050039,-37.825325075707,0],[144.968714320644,-37.8252774973313,0],[144.968689389477,-37.8252195839354,0],[144.968684113726,-37.8252209789499,0],[144.968673723952,-37.8252232571976,0],[144.968625971123,-37.8251192108946,0],[144.968703999916,-37.8250984387063,0],[144.968752740181,-37.8252041403514,0],[144.96873392438,-37.8252085946607,0],[144.968735976212,-37.8252128619789,0],[144.96875968367,-37.8252643586133,0],[144.968970534341,-37.8252032881487,0]]]},"properties":{"OBJECTID":395,"building_number":"873","address":"13-39 Dodds St, SOUTHBANK 3006","Extrusion":null,"loc_code":"STH;873","campus_code":"STH","GFA_INT":4671.01,"GFA_EXT":5771.26,"ccLinkList":"STH;873;0,STH;873;1","NO_FLOORS":2,"NAME":"THE STABLES - ART STUDIOS, OCTAGON, MARTYN MYER ARENA","PROP_STATU":"Owned - Freehold"}},{"type":"Feature","id":396,"geometry":{"type":"Polygon","coordinates":[[[144.9700762791,-37.8244585414243,0],[144.970142907405,-37.8244392100449,0],[144.970164338742,-37.8244862748396,0],[144.970098720195,-37.8245064428083,0],[144.9700762791,-37.8244585414243,0]]]},"properties":{"OBJECTID":396,"building_number":"881","address":"224 St Kilda Road, SOUTHBANK 3006","Extrusion":null,"loc_code":"STH;881","campus_code":"STH","GFA_INT":6.16,"GFA_EXT":13.2,"ccLinkList":"STH;881;0","NO_FLOORS":1,"NAME":"SOUTHBANK LITTLE BLACK CAFE","PROP_STATU":"Crown Land - UoM is CoM"}},{"type":"Feature","id":397,"geometry":{"type":"Polygon","coordinates":[[[144.965507712641,-37.8254753126377,0],[144.965560074253,-37.8253040065695,0],[144.965664116511,-37.8253236557151,0],[144.965687363525,-37.8252484533424,0],[144.966526348847,-37.8254047052791,0],[144.966500024514,-37.8254956063086,0],[144.966577718986,-37.8255105982986,0],[144.966526854226,-37.8256756305802,0],[144.966241044907,-37.8256223908924,0],[144.966255602259,-37.8255743393887,0],[144.965810320804,-37.8254952422411,0],[144.965800079055,-37.8255307671253,0],[144.965507712641,-37.8254753126377,0]]]},"properties":{"OBJECTID":397,"building_number":"882","address":"152 Sturt St, SOUTHBANK 3006","Extrusion":null,"loc_code":"STH;882","campus_code":"STH","GFA_INT":250.76,"GFA_EXT":289.52,"ccLinkList":"STH;882;0","NO_FLOORS":1,"NAME":"THE GUILD","PROP_STATU":"Leased"}},{"type":"Feature","id":398,"geometry":{"type":"Polygon","coordinates":[[[145.406715011756,-36.3613752825209,0],[145.406712999541,-36.3614044423574,0],[145.406570172608,-36.3613439628312,0],[145.406576206989,-36.3611706260814,0],[145.40670864182,-36.3611727847361,0],[145.406710988979,-36.3611193257647,0],[145.406824981582,-36.3611204062754,0],[145.406818277118,-36.361374742506,0],[145.406715011756,-36.3613752825209,0]]]},"properties":{"OBJECTID":398,"building_number":"651","address":"49 Graham St, SHEPPARTON 3630","Extrusion":null,"loc_code":"SPT;651","campus_code":"SPT","GFA_INT":422.55,"GFA_EXT":443.58,"ccLinkList":"SPT;651;0","NO_FLOORS":1,"NAME":"SHEPPARTON TEACHING & LEARNING BUILDING","PROP_STATU":"Owned - Freehold"}},{"type":"Feature","id":399,"geometry":{"type":"Polygon","coordinates":[[[145.406260403163,-36.361728989815,0],[145.406226372249,-36.361664460841,0],[145.40623710187,-36.3616604105226,0],[145.406223019668,-36.3616274716841,0],[145.406230563857,-36.3616251763268,0],[145.406226373187,-36.3616157265556,0],[145.406254033133,-36.3616080313624,0],[145.406257385675,-36.3616151866145,0],[145.406264258977,-36.3616131617487,0],[145.406265768826,-36.3616164018203,0],[145.406292255563,-36.3616080320159,0],[145.406290243318,-36.3616035773184,0],[145.406318071084,-36.3615962872908,0],[145.406311366292,-36.3615810329909,0],[145.406331816468,-36.3615759026257,0],[145.406339864265,-36.3615934518679,0],[145.406365344707,-36.3615856221029,0],[145.406363332969,-36.3615810330995,0],[145.406393173297,-36.3615726620402,0],[145.406408930606,-36.3616099221521,0],[145.406413959984,-36.3616080313308,0],[145.406443128762,-36.3616741810736,0],[145.406383449543,-36.3616922699721,0],[145.406377750302,-36.3616803905434,0],[145.406359645133,-36.3616857901806,0],[145.406365344354,-36.3616976705112,0],[145.406260403163,-36.361728989815,0]]]},"properties":{"OBJECTID":399,"building_number":"6961","address":"UNIT 1, 49 Graham St, SHEPPARTON 3630","Extrusion":null,"loc_code":"SPT;6961","campus_code":"SPT","GFA_INT":250.46,"GFA_EXT":278.11,"ccLinkList":"SPT;6961;0","NO_FLOORS":2,"NAME":"SHEPPARTON RESIDENTIAL UNIT 1","PROP_STATU":"Owned - Freehold"}},{"type":"Feature","id":400,"geometry":{"type":"Polygon","coordinates":[[[145.405833028211,-36.3608006696991,0],[145.405978289902,-36.3608026325527,0],[145.405975418113,-36.3609404669718,0],[145.406001750009,-36.3609408255642,0],[145.406000229352,-36.3610144453319,0],[145.405973885101,-36.3610140901797,0],[145.405971120503,-36.3611467229395,0],[145.405825921683,-36.361144760909,0],[145.405833028211,-36.3608006696991,0]]]},"properties":{"OBJECTID":400,"building_number":"650","address":"49 Graham St, SHEPPARTON 3630","Extrusion":null,"loc_code":"SPT;650","campus_code":"SPT","GFA_INT":844.55,"GFA_EXT":902.2,"ccLinkList":"SPT;650;0","NO_FLOORS":2,"NAME":"SHEPPARTON MD RURAL ACCOMMODATION BUILDING","PROP_STATU":"Owned - Freehold"}},{"type":"Feature","id":401,"geometry":{"type":"Polygon","coordinates":[[[145.406189723412,-36.3614032686397,0],[145.406299022935,-36.3614032684169,0],[145.406299189881,-36.3613909840802,0],[145.406326850545,-36.361391118746,0],[145.406327186618,-36.3614027292102,0],[145.406386194689,-36.3614027295009,0],[145.406386195012,-36.3614787322258,0],[145.406377477841,-36.3614788674298,0],[145.406377142192,-36.3615099174001,0],[145.406323833546,-36.3615093774631,0],[145.406323833723,-36.3615010076381,0],[145.406305393437,-36.3615008724907,0],[145.406305392805,-36.361509647054,0],[145.406200116363,-36.3615088364829,0],[145.406200116386,-36.3614792730098,0],[145.406189554714,-36.3614794070268,0],[145.406189723412,-36.3614032686397,0]]]},"properties":{"OBJECTID":401,"building_number":"6962","address":"UNIT 2, 49 Graham St, SHEPPARTON 3630","Extrusion":null,"loc_code":"SPT;6962","campus_code":"SPT","GFA_INT":250.46,"GFA_EXT":278.11,"ccLinkList":"SPT;6962;0","NO_FLOORS":2,"NAME":"SHEPPARTON RESIDENTIAL UNIT 2","PROP_STATU":"Owned - Freehold"}},{"type":"Feature","id":402,"geometry":{"type":"Polygon","coordinates":[[[145.406214334863,-36.3612960765143,0],[145.406244143675,-36.3612308299065,0],[145.406253632137,-36.3612336418792,0],[145.406272975344,-36.3611913053322,0],[145.406306048666,-36.3612011900278,0],[145.406301631357,-36.3612109414148,0],[145.406325926778,-36.361218203002,0],[145.406327909604,-36.3612138259439,0],[145.406364100155,-36.3612246437318,0],[145.406369572543,-36.361212559982,0],[145.40639412959,-36.3612198358631,0],[145.406385666018,-36.3612383601276,0],[145.406430777593,-36.3612517253777,0],[145.40641693374,-36.3612820254332,0],[145.406428319906,-36.3612853999645,0],[145.406398449451,-36.3613507792093,0],[145.406339864281,-36.3613332687762,0],[145.406345417242,-36.3613211148895,0],[145.406326505624,-36.3613155116606,0],[145.406320951547,-36.3613276655315,0],[145.406214334863,-36.3612960765143,0]]]},"properties":{"OBJECTID":402,"building_number":"6963","address":"UNIT 3, 49 Graham St, SHEPPARTON 3630","Extrusion":null,"loc_code":"SPT;6963","campus_code":"SPT","GFA_INT":250.46,"GFA_EXT":278.11,"ccLinkList":"SPT;6963;0","NO_FLOORS":2,"NAME":"SHEPPARTON RESIDENTIAL UNIT 3","PROP_STATU":"Owned - Freehold"}},{"type":"Feature","id":403,"geometry":{"type":"Polygon","coordinates":[[[145.405793699957,-36.3618506360796,0],[145.405792770823,-36.3617755566595,0],[145.405902963807,-36.3617746718014,0],[145.405902977248,-36.3617625945511,0],[145.405930249118,-36.3617626177524,0],[145.405930235681,-36.3617746950028,0],[145.405961250056,-36.3617747212659,0],[145.405990306254,-36.361774745729,0],[145.405990220302,-36.3618508058871,0],[145.405979484304,-36.3618507960333,0],[145.405979449401,-36.3618815732717,0],[145.405928081933,-36.3618815287068,0],[145.405928094279,-36.3618708162151,0],[145.405908198153,-36.3618707994968,0],[145.405908185805,-36.3618815119885,0],[145.405802887503,-36.3618814210165,0],[145.405802922476,-36.36185064378,0],[145.405793699957,-36.3618506360796,0]]]},"properties":{"OBJECTID":403,"building_number":"6966","address":"UNIT 6, 49 Graham St, SHEPPARTON 3630","Extrusion":null,"loc_code":"SPT;6966","campus_code":"SPT","GFA_INT":250.46,"GFA_EXT":278.11,"ccLinkList":"SPT;6966;0","NO_FLOORS":2,"NAME":"SHEPPARTON RESIDENTIAL UNIT 6","PROP_STATU":"Owned - Freehold"}},{"type":"Feature","id":404,"geometry":{"type":"Polygon","coordinates":[[[145.405789266561,-36.3615345959082,0],[145.405877779571,-36.3615354057842,0],[145.405877632826,-36.3615459316887,0],[145.405913654033,-36.3615462609568,0],[145.405912176766,-36.361651784892,0],[145.405920343558,-36.3616518596234,0],[145.40591990258,-36.3616833652116,0],[145.405878444585,-36.3616829859249,0],[145.405878284786,-36.3616944248088,0],[145.405787042491,-36.361693597436,0],[145.405788358749,-36.3615995249927,0],[145.405794854065,-36.3615995846364,0],[145.405795076843,-36.3615836935029,0],[145.405788574844,-36.3615836337699,0],[145.405789266561,-36.3615345959082,0]]]},"properties":{"OBJECTID":404,"building_number":"6965","address":"UNIT 5, 49 Graham St, SHEPPARTON 3630","Extrusion":null,"loc_code":"SPT;6965","campus_code":"SPT","GFA_INT":250.78,"GFA_EXT":278.54,"ccLinkList":"SPT;6965;0","NO_FLOORS":2,"NAME":"SHEPPARTON RESIDENTIAL UNIT 5","PROP_STATU":"Owned - Freehold"}},{"type":"Feature","id":405,"geometry":{"type":"Polygon","coordinates":[[[145.404756518274,-36.3656631430805,0],[145.404765366696,-36.3656204097582,0],[145.404977520034,-36.365649162776,0],[145.404973939079,-36.3656662972027,0],[145.40500279034,-36.3656702070734,0],[145.405006017547,-36.3656546219953,0],[145.405282712707,-36.3656921220464,0],[145.40526395307,-36.3657827226756,0],[145.40532811798,-36.3657914191057,0],[145.405314520608,-36.3658570882732,0],[145.405224685434,-36.3658449130128,0],[145.405227975725,-36.3658290204804,0],[145.405099372453,-36.3658115904735,0],[145.405111233975,-36.3657543058349,0],[145.404988811901,-36.3657377145474,0],[145.404993819714,-36.3657135274193,0],[145.404964968456,-36.365709616645,0],[145.404959483227,-36.3657354596419,0],[145.404723112256,-36.3657034246433,0],[145.40473213639,-36.3656598382093,0],[145.404756518274,-36.3656631430805,0]]]},"properties":{"OBJECTID":405,"building_number":"686","address":"42 Kilpatrick Avenure, SHEPPARTON 3630","Extrusion":null,"loc_code":"RCL;686","campus_code":"SPT","GFA_INT":432.3,"GFA_EXT":471.41,"ccLinkList":"RCL;686;0","NO_FLOORS":1,"NAME":"SHEPPARTON ACCOMMODATION BUILDING (42 Kilpatrick Av)","PROP_STATU":"Owned - Freehold"}},{"type":"Feature","id":406,"geometry":{"type":"Polygon","coordinates":[[[145.405787630013,-36.3613052813787,0],[145.405925100687,-36.3613068257271,0],[145.405924786065,-36.3613251990905,0],[145.40594039017,-36.3613253739716,0],[145.405939584002,-36.3613723784744,0],[145.405923995486,-36.3613722038012,0],[145.405922555099,-36.3614553239585,0],[145.405878390207,-36.361454828322,0],[145.405878181044,-36.3614670480919,0],[145.405787570381,-36.3614660299345,0],[145.405787630013,-36.3613052813787,0]]]},"properties":{"OBJECTID":406,"building_number":"6964","address":"UNIT 4, 49 Graham St, SHEPPARTON 3630","Extrusion":null,"loc_code":"SPT;6964","campus_code":"SPT","GFA_INT":250.78,"GFA_EXT":278.54,"ccLinkList":"SPT;6964;0","NO_FLOORS":2,"NAME":"SHEPPARTON RESIDENTIAL UNIT 4","PROP_STATU":"Owned - Freehold"}},{"type":"Feature","id":407,"geometry":{"type":"Polygon","coordinates":[[[145.406838393118,-36.362291912104,0],[145.406685506846,-36.3622443936896,0],[145.40668550646,-36.3621602915733,0],[145.406583583465,-36.3621601561641,0],[145.406583415879,-36.362147331913,0],[145.406511498942,-36.3621478707408,0],[145.406511498916,-36.3621297816385,0],[145.406372526399,-36.3621300514319,0],[145.406373198228,-36.3621700111049,0],[145.406188795737,-36.3621721706559,0],[145.406188796526,-36.3621478706765,0],[145.406105480039,-36.3621478713429,0],[145.406105646933,-36.3619810152009,0],[145.406127775829,-36.3619810148045,0],[145.406127775887,-36.3619514513343,0],[145.406149233245,-36.3619513157724,0],[145.406151579574,-36.3618078142442,0],[145.406189466062,-36.3618076788397,0],[145.406189466824,-36.3617925599771,0],[145.406382920527,-36.361790129044,0],[145.406383256248,-36.3617277614097,0],[145.406491550009,-36.3617285715096,0],[145.406491884822,-36.3616807818739,0],[145.406516695294,-36.3616813219809,0],[145.406518036961,-36.3616489224604,0],[145.406669414552,-36.3616494624823,0],[145.406669581765,-36.3616764627023,0],[145.406691709542,-36.3616767317147,0],[145.406692380992,-36.3615895231914,0],[145.406795645658,-36.36158952315,0],[145.406795477504,-36.3616323183558,0],[145.406811738883,-36.361632182782,0],[145.406811402633,-36.3616711969285,0],[145.406851971817,-36.3616716027987,0],[145.406838393118,-36.362291912104,0]],[[145.406391583282,-36.3618860058913,0],[145.406516037658,-36.361886005737,0],[145.406516038365,-36.3618618139264,0],[145.406681261956,-36.3618618138892,0],[145.406681262504,-36.3617702316697,0],[145.406528912937,-36.3617702321754,0],[145.406528913008,-36.3618065194561,0],[145.406503163086,-36.3618065193986,0],[145.406503162881,-36.3618462627783,0],[145.406391583545,-36.3618462625132,0],[145.406391583282,-36.3618860058913,0]]]},"properties":{"OBJECTID":407,"building_number":"696","address":"49 Graham St, SHEPPARTON 3630","Extrusion":null,"loc_code":"SPT;696","campus_code":"SPT","GFA_INT":2881.58,"GFA_EXT":3164.59,"ccLinkList":"SPT;696;0","NO_FLOORS":1,"NAME":"SHEPPARTON MEDICAL CENTRE & RURAL HEALTH BUILDING","PROP_STATU":"Owned - Freehold"}}]}